rainfall_15m,rainfall_1h,rainfall_3h,rainfall_24h,water_level,drain_capacity,blockage,elevation,slope,historical_incidents,flooded
20.918172704999492,60.82791465826272,151.19271307338437,229.5360842558787,49.90023404233991,22.55954074517254,0,890.6398088772834,5.4162643765372955,4,1
28.35345589785865,65.36986281553179,96.18672381961224,173.1151467524583,13.30684127531381,67.55785028664174,1,931.1562129612736,4.309232090975347,2,0
18.372155803071376,48.26912991199795,119.20013456671326,160.61845447801508,99.47704937560677,72.72320717260848,0,880.6573038279136,4.009969189658472,2,1
16.450704225011005,38.29905166721352,80.32318547635703,167.15207293323397,8.589662957661133,79.44962549235186,0,942.5365866248261,3.898279502091815,4,0
30.792553295549006,77.44630088314713,133.51100607091306,223.98842657060635,92.35398339995119,20.159998172672765,0,961.5421063730033,4.083534330546432,1,1
17.53373541090507,67.43247214543274,111.7109181804908,198.0481098034984,12.618825693532099,45.16774579301125,0,962.1350748185007,6.990080936481587,2,0
23.460050789740478,32.02429044826676,54.77119759628683,108.11678546114884,86.63327620033535,34.84872314023009,1,905.5645084826997,1.4498664044685785,3,1
21.894860982937416,51.55976992667202,59.58355710021357,217.37311462784254,57.08296881020973,68.90644113419611,0,892.2956377029889,0.24822343405503156,3,0
30.774135916239214,42.47632841321848,116.9988253138584,255.1061192133214,23.651812464388243,40.924136376760316,0,975.4591486610182,1.8526270463669892,0,0
14.392205046527053,21.85039917005493,24.187992234737454,91.27684497223116,26.97619694324653,55.7940342979744,0,970.3626814246671,2.5512462924922272,2,0
37.95583854166355,87.8253393199988,148.06584620021337,186.81279213183402,38.402794429657376,66.37937125513574,0,904.4860505490642,4.938102239327078,4,1
11.725982831988851,44.83286508919672,119.2927478255312,154.75735898096173,80.43215877452307,87.92295401062363,0,968.3574442747824,6.756790450292441,2,1
24.526530610916666,47.74195786684638,57.80224874287234,149.50931231734566,18.978890433790394,92.88251491760334,0,966.9110553936011,5.733141093628251,3,0
22.583019704900906,31.918875151152402,55.65995879036544,79.10391334854941,28.01198530530226,72.41030561966568,1,907.1835878986506,7.9865252848980965,3,1
10.889723316048567,61.75245884209103,70.77666515825565,166.68884325137722,70.80440340922875,24.075218176618623,0,909.9507961582223,0.10559979447577804,5,1
25.950747452711013,34.20218979154485,54.3763585505373,75.13738203299596,63.32917563701454,90.00254292959741,0,972.5085764173929,1.6019462681744865,0,0
15.238466941626879,21.843715810701156,88.22159188201299,148.10822348372298,44.978334303964544,28.40640162021889,0,951.6061038823821,0.7880444161497969,3,0
8.127769330534637,27.12791791281351,82.76609525451443,174.04962103848385,10.750941734648734,14.786946179876878,1,937.9280847741524,5.342365211214037,2,0
28.22125350557911,59.3265458456315,110.04457944067045,146.68170563154916,58.05738497967853,49.35440361873648,1,974.8186143025216,3.473030980515263,2,1
5.658036582831673,20.048969562296147,43.9193826823609,159.1001898129589,26.776020054136755,71.61744211132722,1,965.1384735631074,2.5592566092628775,2,1
9.466755230611067,31.050949516920088,33.74897719446508,82.81660770219423,63.14953106118959,23.442791246883147,0,878.2228235149242,2.569985048767224,3,0
18.218915036572614,29.879439472561053,41.315742492883416,105.0574551109871,31.079011449413557,36.94291478788314,0,924.867320073095,7.154518484420533,1,0
30.637906199611482,43.44650518583033,70.94209371304072,81.91287766894283,98.13144139741723,17.20539465553748,1,968.5284833159038,0.6965185000806768,0,1
27.057590144461606,89.18294693665007,102.94812342384822,123.21016837875692,61.10642717964442,65.63857631921087,0,882.2279347252322,2.575865704467816,0,0
20.684748833210644,38.3236548252925,98.99289636820623,110.83746918398552,59.27402693693334,73.74140312852671,0,877.9448923396842,4.049132858934553,1,1
4.044917211309992,52.74100224682722,144.94183368878953,247.0742733524982,84.49299651951736,56.77180712012635,1,964.4961994354384,3.3515294488287903,1,1
11.301826815305283,14.706499909045117,56.5041145947155,103.94741918031366,99.35065444401901,49.99888793771713,0,955.5120926163506,5.531442890244711,1,1
13.360964041611592,53.8304480831776,63.77656925659471,186.16291983870502,79.02133931392633,86.29315261691436,0,888.392526069158,4.899156276283483,2,1
7.801499816813417,17.554118272696808,93.86217795484556,101.64976175368673,61.42007211864831,47.72671752982584,0,889.9206513271197,6.423726134429272,1,0
3.013781565209111,36.68722387269796,72.29838087441091,156.6241138413566,87.03485521746171,49.75926746872031,0,961.586874643391,6.768906344085129,4,1
18.85733170274336,28.537311128572203,60.76023434559819,71.665353967606,22.21486108420864,61.95952879467615,1,893.0075743531125,3.259522456560683,3,0
27.63791982069872,41.22464292446475,89.09095856750312,122.58901536382159,77.60179027420082,73.34644815230835,0,885.837969982091,6.941966841065272,0,0
12.55784288255786,19.807425546554754,31.689075299128014,90.84789837691702,69.59039302352213,79.9327493669474,0,969.8313280765627,5.094121792291287,2,0
30.378020907165602,64.50864592106376,88.68749028575881,135.0599977179349,58.508852651351674,13.673797204468102,0,958.5557483164813,6.896970293661013,1,1
5.026627630801165,42.99117632356428,73.6103697670386,150.56190199495012,87.34183526882217,86.6040918887799,0,914.4164045689903,3.7764404601701793,3,1
7.391566494942508,17.429569695063304,56.74000533150283,97.94799559582245,72.41742813841933,50.618965950036625,0,938.8644965295518,0.3019809338015841,4,1
18.57382083311137,23.0417915970556,65.19912219045787,119.87313081265091,73.08967875224484,91.5285220410871,0,917.3436657104205,5.297991240078708,2,0
11.73696630661982,59.961775501417975,107.7708290217963,136.7465452956443,91.4254388243651,58.27088854492351,0,900.1909694327823,7.731453359017874,5,1
26.117788002079166,37.242616929236036,57.85651075677467,152.24987134074826,71.44414590283063,52.824979475765936,0,978.548249174094,7.4492550704452,3,0
23.286429674712245,40.20556256258658,46.733819365977745,115.5760537377015,29.265271905648817,27.584780161057346,0,930.0203620892073,1.301114896016102,3,0
12.40529341986777,20.900016403456597,48.187911326107795,131.9079550672351,22.444395484552043,52.26437123808553,0,940.1320540391748,3.9674546429259108,2,0
5.504614517028438,37.34516491977378,67.24523761657467,129.58464761691118,53.75369846600299,54.36366964288646,1,914.9095460889342,6.995171665580897,2,1
11.311498314925863,43.72090428868194,49.9489591648994,155.19977915137673,27.316654908779626,90.50304580425431,1,925.0815186213672,3.3905972035399374,2,0
23.67534628249262,77.37044989533193,97.09517444652167,138.87158608036714,71.46540411650437,89.83775565448886,0,901.6490266827624,4.193489420560157,3,1
26.81705710438997,68.10728059406814,104.91723715666018,171.3830293351617,85.05741055579276,53.77731999930118,1,917.2208745353198,7.981030008708687,3,1
11.77742086495146,51.12341092283324,73.37604247405231,379.4426854657443,32.72252082978432,88.08106280136423,1,939.0591703931156,3.912879471226961,3,1
2.995387853476188,21.16799647205641,56.9205343307794,82.08931486131026,91.78006903591597,86.89516620941552,1,959.3336252200187,1.6012254506751893,3,1
4.758579877093567,21.215092376780227,42.71118637936323,169.3211903111054,75.9558445946012,95.35465666011359,1,958.2564708231366,0.40552015645571093,3,1
22.378790919448186,53.904198731176194,104.14552718492729,329.94480771616406,98.87338661420708,42.54429825560089,1,871.2561314460416,3.744795533588088,0,1
12.245783966535576,29.627910478765017,44.34996314871357,133.37170192812692,23.87690983301699,29.10053208278809,0,928.8385567290629,4.165373768704072,3,0
12.47742601799677,54.744938151618264,87.26466299015951,92.51525037771968,48.84697135584291,94.95320395079186,0,911.0648134961287,7.367475241400926,1,0
7.285723948477468,15.291873123920883,48.97320355331267,75.1769691822467,65.82925205548055,62.63752126466887,1,936.7748370899701,6.356702859892044,0,1
7.164420257106634,10.489778267643954,69.60150031916784,147.15289334904827,77.4771674282153,51.99918398115189,0,966.9840818885394,0.5966383058086102,3,0
30.0389506161406,58.96856332154781,84.13937482243071,147.0669386086827,91.63360525433087,47.03124607230338,0,955.2541548089574,6.552831037563108,1,1
22.92765226962453,35.282831462453565,126.64924950502618,288.50524921640954,89.6706530332617,17.62768710803894,0,906.3805520618886,0.6493086760463033,1,1
10.11276484210936,17.016436513708427,106.14175944296174,271.26010371154297,27.431582066324285,28.368501737787046,0,951.3078092208073,0.21098936143395192,4,1
17.61530448586842,94.21810597316984,109.77699217044965,169.4576936407488,45.13475618787529,36.24243878223135,1,881.1516474183766,4.42098588255045,1,1
19.854578200659923,39.369949468365355,71.19852678679516,133.98435190575256,73.23896446021843,59.618522413078665,0,884.0972641755081,4.285355252516577,6,1
47.07687757843129,52.52682536889148,63.43638672842174,107.19524265002437,17.569853099404924,56.504052246543225,0,894.8112462272021,2.5999075971228636,1,0
6.6376045799793,17.770889176139775,63.054793344340155,149.34493753396202,96.13969765148636,58.857977969430344,0,913.9720870506121,3.73839413412388,1,1
19.671194755629603,35.029928484001296,57.03956379391664,89.12401014051885,75.96051280144069,16.88153494021685,1,926.1747722935664,7.370939163075502,1,0
29.939696980520402,58.43761739299109,93.69820436089293,151.7277182134307,83.7399789644904,10.879587569355653,0,913.7631397070593,5.443467489091401,4,1
43.59425016544677,54.77747802446012,81.5274888731418,115.46446528845892,91.20721661783178,51.68367714796302,1,939.0577131090521,2.805052258269933,3,1
9.6966649853963,26.81850744923871,183.32214698765966,257.41320842550294,21.905427330593643,27.413427870338097,0,883.6593915383585,7.478218082041858,4,1
12.123756353189176,35.941771635531055,65.06769759410469,186.70299437342027,45.10244374529366,90.25121209025704,1,927.3627988792358,1.3874864034171264,2,0
26.2846619202548,53.487778344299215,80.73054576552323,101.34399038678359,66.90862923525043,48.78213128935046,0,899.9645884048666,1.4839607702448794,2,1
3.9767372962528262,22.100215850814138,83.81321611148955,139.19569371011508,83.1338067470276,41.67930989550784,1,910.1113521115051,1.9407336728154978,3,1
21.050590081249936,82.51992171687353,150.17913003680752,295.9758517251752,75.11041881506226,58.9604979258399,0,925.9772962625891,1.936678946670775,4,1
58.01799770701608,90.10043902173923,129.09468456469133,302.08651484513666,16.54545449742178,66.57416665462071,0,884.5922242047126,0.6608361468283533,4,1
22.609537455070292,53.43581077571419,122.34346084713044,166.3772681836046,66.33883587796393,17.377062646053773,0,912.705678923858,2.5463203974307556,2,1
1.5137741205038102,31.5373898403448,171.62932357124157,206.80814792728188,32.935100508059676,76.72043727265468,0,953.6808181547419,4.43435613035698,5,0
8.220422322338447,50.71300289598638,76.39979813386489,79.7663873668932,43.61729189782196,22.3820986123962,0,900.5326336436253,1.8599778625791121,3,1
9.947614078030796,32.58995507741476,44.696470132809964,174.72640428804266,99.45183747343388,44.805938637305196,0,954.102459007265,0.9440344092818206,3,1
34.563628715824215,42.446990606443094,85.33265143736807,210.15311822488474,19.920302084018484,42.11808582167207,0,895.3998959706423,5.238692680155387,5,1
14.70143782932951,40.9629328398635,105.65287235849321,174.26757125849053,14.916150752012694,61.22456686694846,1,952.9589940695179,3.417906922465403,1,0
3.0477053590882353,31.783163585460017,118.3850208949081,359.420192625588,43.86869206635576,72.05209396034937,0,891.3840021910702,5.26138545933744,3,1
15.981934166180418,63.07862996209488,111.43215444124493,174.33275844299155,87.09216489089818,82.07365924025936,0,974.6335779241666,2.0595005126269395,2,1
18.405709303736128,25.560360188768776,58.66869553238778,191.23957324383719,20.409785850857183,57.44309780966319,0,886.9142228975654,6.073096608534198,4,1
11.016065581876964,19.91496287372439,37.45048849987204,83.34007584944925,12.595518370745515,23.98526261229655,0,979.9828845661236,7.784913959107904,2,0
7.0539973354204015,27.06221239973474,101.78588430588655,155.55323585667531,44.790648755411205,72.63584093215204,0,895.1888925160466,2.1637565260111864,2,0
62.01276643868304,92.65317649867328,133.09080933177952,210.40341690655424,65.06831704868337,53.09195635210921,0,948.1223604783361,5.1510033993592135,6,0
30.004186517343264,35.942795903177995,42.64204460123346,76.89596778575356,19.69578842904364,63.00399923000613,1,903.5619554689819,6.143962186668403,3,0
31.81791648285165,39.16118821764087,150.8260688054781,261.3315890206071,81.43594065734686,49.93367022920566,0,879.0405005559003,4.391875632564506,2,0
14.72516231280762,50.690466090139196,63.46819061478732,133.7555835508024,85.36200953731753,47.4664591408183,0,872.7381407010463,2.399983153744328,1,1
9.562009960666456,15.747528507276833,81.24735901430927,94.99562415749436,54.646612956936615,73.12230091708861,0,886.2015183102308,1.7939722215938827,3,0
11.455867583598518,20.468137453313652,58.592611779669944,193.1281686837617,7.894066458168438,57.169771738236605,0,914.8882700935052,5.2080808865329695,4,0
5.013568214089849,42.58887206776473,49.82448480812369,81.87869134245729,54.02971664943672,88.10177552898622,0,933.8234211228635,3.8911551100245085,5,0
46.49403416917936,76.81426202910737,107.1683677689056,141.72644851714765,25.34731347023021,76.91013755798939,0,922.6370334194442,6.714573165417866,2,0
15.181490247250764,26.465938364698857,52.208377994992674,105.73905851565002,47.37921579537664,52.86806407696508,1,939.3504524923898,0.8058959570789173,1,0
39.851607349195504,67.7074266144337,76.7262235057,164.56012850741433,77.17503669481918,29.278748793648543,0,880.5407950985124,0.35851214572318757,3,1
11.904582521305517,35.99808604620981,81.20161174363413,161.77904831547744,10.169791747849786,11.581715918255155,1,944.4069285259621,3.029716902406205,3,1
22.83727434998374,40.40866757467471,99.87942115182565,262.49605254053665,5.014442793480182,28.485985204057712,1,956.3701972839777,3.847459513664365,1,1
19.145894229036678,33.242369788435234,65.16976029568332,143.07832949407464,17.677662933772318,35.314296568651784,1,895.3718142874221,5.152584252145147,3,1
4.508619499041566,31.571894013283845,56.78968827651354,75.84938170340102,9.310085754296633,20.630188036428784,0,957.1106463937925,1.0009903301066467,4,0
50.291673586448695,57.02566704259867,104.6312546271999,133.36056101905132,29.739907387321914,70.21819328517118,0,897.500604837685,4.739609913982479,2,0
12.193039815486681,39.030765671573526,40.63637377364224,58.295150259145345,43.40546534784635,39.346994792491266,1,918.8482945291305,6.522976348299378,2,0
6.070703551551272,28.526054554505965,51.59838857747453,68.98343144603835,79.07230566092791,12.722102676856643,0,958.6388598445094,7.285441189227503,2,1
26.427929193682175,50.10859815687233,74.53736539708147,123.66769914744748,7.88108672518114,49.31896889836582,0,945.594279446871,7.2081069280274,2,0
16.600631058153684,25.256396754845007,57.94749779100618,186.4618342756866,38.3440646369076,80.5882461055599,1,925.4105153404853,4.1959161249248735,1,0
21.415626840558307,69.31908362336404,77.80072652792616,147.81975613733053,93.29718203658268,40.577306727364046,1,910.6632729548427,7.204051631915894,0,1
17.863678115949437,29.18189261998507,34.097653474254265,124.17657044575645,59.75611587216653,91.20985046591863,1,932.0029578232933,4.347121995976347,7,0
1.7375485904707277,14.633409009692514,28.520401286607516,137.8443957098734,83.54252635787142,86.75140631672569,0,927.1749721568441,0.6795315539520558,1,0
7.978726277836516,25.006392795447375,69.72305255347025,204.06517469458646,50.933839158034836,90.044052242287,0,976.8586110848134,7.792008093498444,4,0
7.70599657803392,37.9757909413773,62.084394617180095,99.50110303559975,14.237820691951132,70.10109134679809,0,960.8767079805303,0.12058044187408166,2,0
31.50760026152502,54.661130172073975,68.46769497692192,191.51693408797095,22.75921574824755,82.5935784056645,0,882.8073766277839,2.357765498289507,3,0
17.06525340890825,21.358063846610435,122.029089246784,234.87821636101054,77.01782177169802,45.007759616131345,1,915.3620424291493,0.46640334686378415,4,1
23.8022906855523,43.101691498153414,68.30216911803593,115.96867014704685,87.09021488846079,72.38971276141925,0,934.6038034089657,4.3949765592753485,1,1
12.784230740495007,33.34129736583246,66.17740156711321,101.78485438986758,49.41647218374766,30.15105678775445,0,947.5898656075915,4.582713744593333,2,0
24.623637656943128,73.31903808344468,147.30354694999892,204.8111195232631,51.783379343748265,28.424688051895835,1,889.5097992383603,5.139652487566869,6,1
14.750522129255412,29.9044042240886,66.2758989499006,225.9868461531221,47.76161764456013,94.92535128078786,0,961.3838677196346,1.2088449133679309,1,0
13.940485975150976,42.354409958628345,89.63474761338088,222.53628857492907,6.744495698206581,59.39353706667977,0,939.2994243479129,0.23764478484235008,2,1
19.051725474730187,119.22632650945339,136.0495335819703,183.39845230718225,14.073435054026685,16.45098084811316,1,877.4180707867228,2.1988881799391717,4,1
17.8623919669174,60.99686313990899,95.14038206492947,220.5438913406697,99.22936721085505,27.757091925386007,1,876.5007734799221,0.5068182720603726,3,1
74.86997533023131,83.09434602889074,175.6134956577821,275.269678064263,8.991295272732824,51.520547931650235,1,945.4796073514877,0.37874912995400745,0,1
7.899880364940023,41.08130869993794,84.2928109853856,172.6064565024542,38.15206044309323,86.13032991455468,0,953.1104613931848,2.185201512009105,3,0
4.013423680296279,30.93358835369377,69.88624175776167,221.63605110465326,70.61519275630828,90.63578583860982,0,904.1456309922339,7.9907976763257125,0,1
21.08215016145026,35.83215722283052,62.979747640168576,142.83594535125025,45.358939685892516,20.211196003865155,0,887.81507622176,6.44678283132484,1,1
8.914927762846519,42.368819266222346,53.133326716411986,120.24573684293259,98.35306193600096,15.58257417065294,0,894.1819415098438,2.9578289709429417,1,1
1.47435975405662,9.585068324491447,78.40106407534981,89.87567332707792,8.110175515229574,20.951936735040665,0,913.1447770066006,3.071145882515146,2,0
6.369342250539668,17.88730588261385,48.84833729600752,157.58651084551525,88.08310117788888,70.4255673329049,0,939.5062833033957,7.445791851146807,2,0
64.60779162916663,81.77883915350763,100.65355490535383,134.01544270594584,17.80070571300046,57.95465668481943,0,890.6492229549659,5.3296322185303575,1,1
7.71597103573192,21.913175564550052,31.623470614168433,60.99096527133324,24.4580986317102,76.4102006142383,0,957.0449436398977,6.712048858266586,2,0
2.7151887411602953,33.66115025925995,74.04529066071183,142.72579207293285,55.18885927012521,63.40238628872115,1,897.3760753501007,6.9291793052589625,3,1
62.036867453812796,80.92927026680984,93.32900321639124,122.18465215661132,87.78819405276202,18.629676869000853,1,959.0521913507341,1.437398228337245,1,1
6.138511348540764,19.187865057468517,88.40484393694508,172.6565407820912,44.33770149684347,33.18687671655147,0,971.6438966229867,0.22725261638966468,2,0
89.33595095437097,131.98290888525327,151.7786301236391,226.73489967965742,32.8895185121045,39.839637322607985,1,888.0576236628323,2.219223845446482,2,1
12.350291011906032,42.47087348596919,77.15996321623064,147.78689542025296,43.158840562183826,73.69267966854176,0,970.9504120550206,4.795842144120346,2,0
50.427446682528725,55.653173805496394,98.2720824303945,155.79523377402265,13.962615978920315,63.716681556152544,0,947.5906205943965,7.277485259974752,2,1
13.696447321390412,18.818190148613205,58.063634418707075,164.6122247423008,84.63226075307306,95.21412103106397,0,967.5909015939598,2.5380483244293917,3,0
22.93312082269862,36.059798266853676,95.66323495357133,180.13851023833882,91.94543439922121,23.09704134770474,0,908.149364802801,6.816015404312499,6,1
14.99802736050693,20.901360388074323,42.20322622827463,125.73466713101811,69.19859383512721,94.47636882591667,0,965.0027073310494,5.331288495463496,3,0
13.777069874377275,51.848469260917454,84.85237744916965,120.77413824231431,47.24361460289523,29.81353769920896,0,922.4459656911856,5.2706536583403,1,0
19.847233535676267,31.83859095912029,80.90342426345104,142.12733639112918,63.344325785187316,40.91203077735416,0,890.8632043774057,5.758654429845216,6,1
23.525443744030913,51.91377603509489,138.72033096093594,174.20136713268863,57.42734670090526,13.112132401979403,0,979.6240109494378,4.141112269449508,4,1
18.754855480676454,51.61078590344876,108.39296579302706,168.9726945035828,9.897739485873359,36.687464445570434,0,974.2884726414994,5.421403531003922,1,1
17.362360644000912,20.189958102003597,84.21532005278927,123.86709140119143,42.47002662096303,27.973604548479397,0,883.729894568851,6.366884946017904,2,0
8.979102268686983,21.43884260144019,47.13693933869308,106.7175463396463,67.39872486687028,29.55260447806126,0,920.1815287067801,4.75614317671884,2,1
15.441986860205532,32.00010756400621,75.19546407457025,136.43291087182246,85.54091247926651,61.49834512591935,0,978.4815648990871,0.409845168649698,1,0
46.34743361379194,70.2664182388119,149.0115398684823,208.59188932250322,39.102434583078534,80.27084817394004,0,930.329583612337,4.133705693352707,3,0
8.629032085748582,45.23110257541639,77.03906072841512,185.09767979999583,82.83085059093884,77.04615808127541,1,924.6797008740909,4.816112163049436,3,1
20.270652799445003,99.12746876642323,142.50153043802314,234.34539115903726,76.90701583380397,84.62330002743934,0,891.4894476971133,7.015309633418825,2,1
37.258506849721336,94.71335726475507,102.38070612535684,125.85615905982065,93.28446303687006,75.82023697360633,0,916.147476205858,0.1412972971341985,2,1
23.665506234319796,42.38407433068208,94.72269986781167,150.02183186523547,98.995933096382,97.88550305187253,0,924.8013460366857,0.48371966307374925,2,1
31.73584501463472,50.28257851858934,88.94203538246865,159.47270641759684,8.964564336336514,11.662604426590105,0,948.5455356227197,3.0067232470430962,2,1
6.048442521092569,59.54374696266912,109.54925830721906,147.97054487500185,46.55971634085233,98.91064752990485,1,919.5037343134211,6.443441560768091,5,1
20.30832539566395,39.82673998993123,65.99764784842884,141.0400754553591,78.48821826223663,46.88457810443267,1,939.8487549688913,3.9261499671385724,1,0
13.17214431305958,25.395939715616294,31.325365749918543,73.13419580260734,83.2008235536318,53.00237418759729,0,881.1667965735301,2.51151000962264,1,1
13.62070486989203,52.125148691639694,106.1507965667632,170.10389732290267,12.871151181545608,61.96150231595591,0,954.0163659731373,5.576717823905302,2,0
43.795257940709185,68.57603448216523,87.31178782533888,120.03273254117696,62.62610682786718,10.767094315825489,0,870.3603014155003,4.084462699275613,2,1
13.792124563046823,18.831904212154374,27.369572600216202,86.72327663960291,90.35299378964356,26.353898483169313,0,940.6370673464814,4.632368227905587,1,0
20.78741390285231,36.0491000611488,72.84341477422304,166.16573770938282,26.57061176688122,50.137352999112004,1,960.8945016457815,3.483831380354352,0,0
2.7190669033708548,8.807497652459363,102.92301515141749,204.42138671306333,37.99911186189212,79.25655931652777,0,954.3472251274511,5.8279207829513595,0,1
50.39106592969326,51.519228625585676,68.00862637667296,132.7943662881005,42.51055545944527,88.30792815107694,0,886.2049176650953,0.2231160426078042,3,1
30.490892012482472,93.28406479113382,112.64808116063323,314.1331683304261,42.48108654725505,23.296022222475354,0,962.8672205207179,0.1132736002735356,1,0
15.887442188624517,37.35861745311606,93.2208800982427,173.07643190972158,58.362095583236005,33.66879015474621,0,878.7115403282273,5.494357275527492,1,1
12.710992611817751,28.434577054547663,56.4933049610749,159.8821717845641,10.776610407991608,64.6633347628561,1,877.2992787164508,0.31059969560524053,2,0
25.37708477932544,38.41973228534821,92.31718675360548,229.94624172227662,79.0230285634704,42.488474651540336,0,960.4867284917312,2.7637892117195535,2,1
36.95625548332132,56.75928975174271,83.6923469351587,122.62480772857626,16.673322549548224,36.81218115242963,0,890.0772436689575,2.9940068514779585,2,0
50.84006331270523,63.74567901552533,87.49840638103653,180.23968447465273,82.26501677220034,44.498879818419965,0,919.1764858288409,4.9491009105309764,0,1
29.80401149084819,38.166424499162225,55.338887178215714,129.8443284015939,6.623964325217311,73.14362060570988,0,973.0296523746647,6.202191729922928,5,0
17.540615149615313,31.088388094769382,72.18418299787159,167.03257527475128,79.76746820138605,27.874007570180083,0,892.9860070073204,6.592399939207357,3,1
32.98441085967977,82.99864617407164,100.08087836794243,217.7819162927861,38.750376408234686,15.571540603159983,0,955.8642119697136,2.3132216480829193,5,1
28.944383877522284,66.84599570796517,89.49580383407627,123.79237701591663,67.30653736626226,10.311120958210937,0,934.2883798216841,1.3822157360115364,4,1
17.59211421622789,31.15442167262057,99.64177510628092,296.11205064329704,22.021342223015118,57.40029257351504,0,914.626533593585,7.848321657196415,1,0
28.361143003819716,95.40343069792932,215.80964238407518,282.5334612626696,56.01591405072971,32.50156335607768,0,920.5153825360541,0.4455929410706255,0,1
27.9929927215779,46.539234714582605,91.31922110533978,143.04478817426144,33.41557946564771,60.54747757130759,1,915.1341628160258,6.5291351081248195,2,1
15.817161241434512,25.95415889775731,96.1992223823901,104.56002109630421,5.37284342703571,89.28923674416446,0,961.0033356848246,0.2589970025784942,2,0
10.831142954616196,36.42319270569978,61.232870585541974,193.32401949640993,73.88839640852092,36.42921624992634,0,959.5384090902334,3.932423202851031,2,1
26.326363798054842,81.71125558183968,109.13140012826972,221.88511233285743,17.461709362144358,26.521341637056903,0,911.0761732713493,5.167793413806226,4,1
6.706185030773108,55.13374682696307,93.16532455100639,149.76592586825137,94.27190055179047,10.141777644291626,1,946.6973491478234,3.873957060179944,2,1
5.377787694131518,15.959327014219664,34.92459534386991,49.3425536177105,56.65382787680812,98.32176309616172,0,928.5053772856842,4.561176742471881,2,0
21.027905277680482,27.909120635297832,51.40165023301131,119.97499555512518,5.159060055899356,56.51440424752674,0,952.3040439404278,0.3003886532322241,1,0
25.8257674558261,40.423596323971694,93.08360124164527,114.46683909214937,94.76768408626353,82.1885021963004,0,875.5051043171715,1.318363917356204,3,1
20.912910420757708,49.675421802094064,83.23935986512323,207.17017055381672,17.614451424856604,87.22895152636853,0,906.9637707918373,4.4710481669665345,2,0
22.601325280439497,57.07006504340163,86.69533194193306,142.09085146790648,84.22441214738059,99.56930348662125,0,906.9386962961572,6.638901178950227,1,1
25.518328080680593,69.38509867767124,97.94971369906548,130.07337604958914,36.28139465470666,87.36696634455791,0,935.6493473244916,4.432552695399326,2,1
43.90491973536692,66.2675282761275,80.24494267988452,156.5903075398033,58.9658928956288,36.46529088123912,0,892.8399976708248,4.045913451487471,1,1
30.15910297468999,53.07183503794203,90.10479633051156,173.72262682007081,84.39389909697184,60.79299496160934,0,928.4863240128803,7.906637340946646,2,0
29.534280910657525,51.286381669653075,70.2623336866769,160.2493177484128,9.76502519787241,96.64619614123019,1,977.7845478610726,3.179608884874284,1,1
19.85750612867071,59.90975326791309,67.4981095659678,101.18376465833154,69.6055106054748,67.00402225404036,0,874.7856524480983,3.145290035573166,2,1
20.40606947448413,55.29996693004749,67.60482209779232,184.7099181501427,19.115323887607012,79.21573884270433,0,925.3788200449837,0.6847601064046371,1,0
14.833707459712262,25.08660402488255,54.05454272176685,110.34610080015884,73.0576130740624,91.5995673247836,1,885.2117182370687,6.287124458032482,3,1
22.12239735595251,54.08997602939976,103.87309442974077,114.75059416261735,20.26688078364129,65.22877041528398,0,934.0641369947814,0.6349829186357513,3,0
6.3957459933903005,44.69314014864572,103.53374200680821,164.35530747147214,7.084648248567978,72.3219900296204,0,896.4949116737868,1.1756292100643904,4,0
44.04065414456543,84.45373363979448,94.26272522142268,154.55639718343903,19.766622688887367,62.94462964170116,0,969.2759704080988,0.5483854122181503,2,0
8.14562853596205,32.94685796384478,79.40272135193058,138.96461492430544,64.4450898799141,40.477375978124286,0,904.9790076033031,1.619836235588751,3,0
30.116970210650933,53.93813641937719,151.73343666585032,229.07808337093445,98.64404525093498,32.39156654517261,0,975.4144068328754,3.5672451306242987,2,1
40.383956275654086,59.555756404598306,120.3765353078445,291.7655022148871,97.16158918112686,67.01808741419762,0,870.4548224808764,0.43178633862126903,4,1
30.067867569867403,50.794706112003944,86.81929323948577,148.8460874552372,75.84066926859309,98.3011373127797,0,961.5326194128606,3.3503902531808545,1,1
68.3944193920386,128.7361800627695,166.88934375860637,234.04504190716818,83.33514329219793,92.45237405532313,0,898.78520361187,3.900326800178367,2,1
1.874395043814007,23.12990587515093,58.42079898550739,102.55217538519517,88.0266303087523,28.88733472804693,0,892.1784723189024,0.9753029634665182,2,1
11.428580700502554,22.40670633369726,44.59430865358574,106.5210976676528,55.19360752345004,85.84814012834889,0,967.2560204455417,0.5355750652093859,5,0
39.93358945127508,65.11986367877276,127.90265988414993,219.13268252197642,26.717236618710977,11.899693794628988,0,903.4811350081968,2.583712252052486,3,1
5.167494254402322,39.164487016848675,54.201301116945345,146.78890932475878,67.8040949613694,63.05039524786903,0,934.2266262386674,5.239219830012913,3,0
8.37290584929216,47.64727427954924,85.02985800072659,229.12495385559424,18.451320706706284,93.73025111800243,1,951.0457494681467,4.896429063659891,3,0
24.39113344484895,32.66633292298421,40.118820154082506,53.612309628307315,84.07426272765653,96.34018851894925,0,916.1121895034863,1.1002310557016628,0,0
17.378262211919825,69.69065968082836,136.28600173472702,245.61377092300222,44.14864799439651,64.27521216841153,0,881.1471769923975,0.8261055697193291,2,1
23.32857522046984,56.44130123916247,92.76311010907676,192.21059544744622,30.316718706424282,66.77328450663276,1,971.4570746818367,1.5764135913823394,2,0
18.515816117714213,68.86787608675422,78.00588464567872,97.09997276613329,85.12851046044788,45.091591759310674,0,941.2250987245624,7.007430203674171,3,1
19.80435374211226,25.481205002625757,106.97917009818893,249.18920512152596,15.56328899209356,75.12746031559958,0,968.1637169886544,7.46012774170318,4,0
9.124202169053907,50.59241110894145,81.20651286802722,103.82341789733869,97.60850877277834,32.11377381056211,1,954.4499357822564,4.220706760320244,4,1
19.338290484595383,27.252141402533233,38.425516758075425,131.24128284173176,95.28912266064626,13.048406975288394,0,955.1379885085386,7.227952349537431,2,1
12.082751346339744,28.074262667782747,131.50253394838893,142.73357766189,62.83486723914215,85.17734740982965,0,934.8870733413112,1.1380616399423011,4,0
13.464880435793168,47.333744794583424,74.31820152247252,106.23163572673657,72.65209266056117,15.4326006783686,0,870.6813292322302,5.292133363785466,2,1
29.83313788582575,37.04661236326685,54.45721804632065,149.0239267754468,8.529196218378502,69.82369946309063,0,967.0924162937803,5.225185825567858,3,0
4.906907521174672,17.729466493041897,56.42130361558886,153.49133406313064,46.52288812340018,49.32377879596352,0,961.4016645266972,3.649698471271564,2,1
1.046498401198178,6.619356386038781,19.006888483362186,77.00707265759425,89.03857895740305,13.893123161734435,0,949.9709789322369,5.928560539664217,7,0
28.334744150229767,61.58116847966674,83.76891260883374,234.22998626096867,6.094604692175297,24.38342660011994,0,966.5975332213546,3.8524376966305915,5,1
19.352748558745688,29.45691258890678,104.82916404341626,198.03743673483802,32.60889311179673,19.064717892473794,0,890.2628869649553,6.866109872398006,3,0
40.35428176056391,60.5994871163052,88.08210952532946,207.03096622024407,38.61486280180126,29.296484468282983,0,901.0044677641871,1.1732236400286833,4,1
8.575884832831221,35.532397952497,80.12688395282458,139.91577919747573,69.13256557791784,67.17492571406187,0,887.2833610174162,0.23680367626335985,0,0
15.432199422226393,40.40996784118832,117.99784103226413,146.3942944701619,71.95970316956492,61.35590860026768,0,941.1280691374292,3.0871465757819894,3,1
17.88453210341214,41.23392947632354,68.07334714205578,96.2320185025998,11.19301363718223,48.96424211708242,0,918.2231098340918,1.1160229154642267,7,0
10.11044815754497,33.42646422897833,50.232918794795374,101.31595758589062,25.66395285335002,85.87481353431217,0,881.2908538682315,1.5151283312674808,2,0
7.629203032311846,13.579975729952785,63.9958171657058,97.02984991471374,83.42224347790486,77.77701241688113,1,933.3200724041707,0.4772530542618397,1,0
29.342270993361154,46.036816820822246,56.803962075433624,88.13481100298058,23.22268627977978,71.44363138911854,0,907.2884331910344,3.5017698985816166,1,0
4.433323161975174,27.596123600847797,42.887409448755264,59.16767148604882,32.2207143134281,63.89775114937385,0,923.9558664934209,5.924150024819513,1,0
6.519191597016429,27.861611253567798,36.762470170521496,90.21463392135774,20.413210340214995,72.64988309847985,0,898.7520058497114,4.497698135816499,3,0
15.030978086330396,33.263075172934975,107.24279669005728,123.17564709948148,76.66005659159129,30.393448681993902,0,887.7263611021426,2.917809036260374,6,1
31.752875026478943,43.07399638516277,77.45151584284791,130.13173421425398,7.5751135382556045,33.38395508701451,0,919.5895862843678,0.19249856389997005,3,0
10.68054825736052,35.264377914286264,86.97704603731208,99.43186573304598,33.68173755999392,36.83037769356304,0,894.8763207181607,4.121604205594739,3,0
9.566506902672652,37.538504657426216,53.69537742058442,102.9440087075711,55.569938753889886,76.69564541451726,0,914.5514953245516,2.6888770308919203,4,0
14.340966421815285,28.600434871873887,71.98305409426416,163.15753034288014,5.571940403373236,48.904721606538736,0,912.0502848833704,1.9871028667626733,4,0
21.789283014975652,61.25000415866184,105.68197456495511,137.81299701597897,95.62868077889696,96.35534345061636,0,973.4467614593132,3.6672087794359425,4,1
12.621435660399644,65.66269515907477,168.75214105986703,246.7502681736479,87.58246958504165,13.618167902635797,0,890.552904412702,1.4435310764578901,3,1
34.58971429844433,55.139221937426086,103.88058840150316,178.5522253342669,66.49504202912684,44.485011793722904,0,901.5086586523399,2.640773125014323,0,1
35.594294204222784,46.04481814105232,104.79253560787467,144.07344543595588,46.71742951039284,23.925414545254654,0,957.1050736082859,7.416788785886622,5,1
15.030364954637177,22.160249109097833,58.51287274123722,73.74861248953766,19.75415630441738,83.46886171344842,0,902.5448626071291,4.925740296503895,2,0
56.67284881127746,72.48179155210536,74.4602310758427,228.33130853293704,57.595737947313935,53.16478819294129,0,922.8289325613084,7.919049175670573,2,1
17.578514891639912,37.00585782890245,77.73824652208339,187.46844183851266,27.724757377106325,65.8015250563735,0,953.8141834496942,5.060257371176046,0,1
34.77947813603682,41.556662441871524,70.37377984790567,109.42625957673815,65.61164943366026,63.81546421132913,1,870.4826404356412,0.8661158092968321,3,1
21.346973273091024,36.77545211122278,64.55124066775291,227.23354220980343,18.83067876587154,17.11595833665779,0,975.2214920112524,5.359951419642819,3,0
21.05653947763394,59.121270641939965,82.0996297396288,188.39677596817978,73.12632895251015,80.5364364446214,0,920.9116349917615,6.9403884423337985,4,0
3.415599148767541,5.72945388265485,33.505015689739245,128.60029565052452,35.675990027749904,83.97791086946961,0,953.5394734362462,7.31038212277354,3,0
6.002885045198754,27.529348601925314,47.21548765017522,69.47917215323403,52.68826367613477,64.66953660412548,0,971.2887986498456,4.4807452762974025,4,0
13.160886779744276,25.919214044741132,80.97754284992989,176.46405414742975,20.373432741539666,35.28526090690215,0,966.4484619896118,1.0490131241456373,1,0
35.410507169596414,55.29738009762728,69.43588745783447,196.9396029886605,29.34629866746858,75.16826429076343,1,894.2416872270438,5.180228183188993,1,1
21.570627664569102,76.50767337583065,170.97354262628863,238.49856107823354,47.77011723482254,73.05992095832372,0,931.0705987345927,1.2295023478304332,2,1
13.258491119648362,32.44581314144334,84.40030472584843,163.20035164281268,48.52722246846543,92.12850159440981,0,915.172027896171,0.5426873217463727,3,0
26.006140489506752,43.138110936136286,108.13830452112798,199.67732576275984,99.97889003064255,20.56001844615153,0,928.5598875651896,1.772617273004974,1,1
34.51895710317877,66.2953458776013,81.33833605936147,217.8696948468383,36.86503799657959,91.88233462105309,1,955.7593795188435,0.8665623388703918,0,0
16.748637628648943,41.57691839466557,63.31473302868575,146.85340796008992,13.01589409669853,89.83648311862413,0,908.9927056633687,3.6186739500260745,2,0
19.71568053951793,41.310668282028445,76.64604726897682,166.32251828724634,54.80076870390384,36.77746637019375,1,922.4930678087537,7.55691896516975,3,1
17.876326815236624,43.354967052780886,76.27235059679333,152.52118806466757,35.57344513157457,74.45779896198894,0,936.8777107494956,5.317126722089148,1,0
15.944294024157266,61.174018731215504,113.21587476903173,278.8719737198312,88.38878258497198,33.73373406922232,1,899.7619731209386,5.586360042635052,1,1
8.493029292914118,44.897068013956506,77.91157288516379,146.66795519897408,24.978326614939224,31.158623872947583,1,936.7265191567766,6.4484798710966995,2,0
7.913278294122961,24.14282105280986,121.87652650731286,211.15287444123317,86.28799272584297,67.73814423974875,0,886.3803565674921,1.98994236136505,1,1
25.890206488456965,78.90829527810601,94.22538243906916,235.879409350494,68.03984334131022,14.503000081180426,1,938.3810965995133,4.622086302460935,3,1
34.9705506039221,48.3753301060474,61.10873003505614,108.11143424837775,22.858998650699093,18.682953211823246,1,885.7554838999049,5.7321920893410425,2,0
13.237610321534651,34.76625518054043,55.68335213309713,240.0138858927097,43.49848028232684,69.41292606870743,0,955.3225951423323,2.502056329644255,6,0
12.990874117491881,36.36970092949523,64.18700685476598,107.86417446474994,51.78108940760421,95.66822719680033,0,891.3423270443221,3.1617877880724645,5,1
2.4412335025174245,18.072072805583318,86.85800857508296,119.34748952718707,54.570910417736826,13.06348996899371,0,941.0730163440925,5.640582710389302,0,0
1.912887093687094,51.183471367551434,93.75269292165638,184.73940634092918,42.72401655371784,12.062659625380826,1,933.9317609436515,6.486850177643638,1,1
41.2022719137975,56.223944421078656,58.798713141973195,100.88378833886564,60.539642092032295,16.729451902701676,0,916.7864583642981,2.9569060057135417,1,1
8.996874307684527,27.05629833949216,29.995265376078436,191.02650152951108,73.09042500792103,10.149800886855042,0,941.0005256939537,5.0429424395905045,4,1
71.51012358217218,111.58079943925621,141.35971501085294,361.3942462886789,53.08746131744379,93.54812095872808,0,963.1167629247357,5.348036170157143,1,0
10.43608995253411,24.247680304569048,47.93037150471537,81.34927591628124,62.231145154995716,52.663776296366024,1,883.2186059900939,7.438109173072716,2,1
3.5455975176225083,10.058048413445569,40.48895941609442,71.52867210449696,86.66155643567554,72.29021931459076,0,944.4071880542242,6.320955389326308,4,0
17.984183627085002,39.97007016318476,67.80211651070951,97.7398190040502,52.28642187383545,47.474819154981006,0,915.1136515027359,1.6367602951470053,3,0
29.102391116287798,37.55183299325772,126.21038335433425,137.06180666826594,44.54842641793662,99.75205103734362,0,944.1317206180421,5.04262288215225,2,0
26.869224075639103,34.49099870343688,96.55010368434728,137.75947659160676,28.536334596681478,53.19382475915841,0,966.2541553658826,7.6661001540422316,3,0
31.15194394252818,33.53324003572521,55.336097187093834,179.44331199157094,17.479665267760808,94.53392977530854,1,941.8121318292026,3.0883072379482686,4,0
7.0174348087796705,9.81324943656811,42.380862518769945,136.33602709088325,32.76442193834344,68.46494059901346,0,887.5810315922529,6.145775626921148,1,0
40.54308803523056,43.597737349537915,69.73725909247186,126.02728444326598,43.58554622883601,95.29643686880704,1,915.7747555768773,4.359747849334094,1,0
42.15265488621836,99.82142036325575,104.43832193543199,191.51878452597236,77.60448078950822,54.56275823201522,1,930.4393518244176,3.558691344645308,2,1
43.39219125664872,46.43281232440856,69.0458947086543,92.74243045201034,25.655734906452665,89.09920849906132,0,883.9564624005781,4.6050856651282235,1,0
20.227600180765922,28.48577968828961,51.34446389778009,119.89069296948557,71.70387674087115,40.04980543502684,0,940.7972214950919,3.458517399225201,3,0
12.418905994489968,30.71203577943205,49.76535668523578,126.85657475837752,12.508220564166276,69.50785388085443,0,948.4566095130449,2.6124240087742936,4,0
11.52053393852695,42.32300685289049,64.41318588643948,138.40747234751768,20.047167100045975,65.54663144697588,0,953.8766868083717,6.112835956254674,1,0
3.523556969992832,36.55483731947977,63.08497288739618,103.32279966825217,36.00121237866498,53.815253925891454,1,883.189241362108,4.308202950255778,0,1
10.633873823204274,21.090042212738528,66.08048562069888,105.19767624159778,49.633086540345566,55.13343418786994,0,947.5658350925075,7.48546707995185,1,1
0.9276248646031497,22.16566572179879,42.46918642738521,142.0432849641251,22.188198665387134,25.310901754484554,0,910.2802239801238,0.1690536765861116,1,0
2.9989509344555736,20.8863717008139,96.4633628426192,192.07526069423074,15.642939174763292,91.54244021508507,0,893.2350937938223,6.177869466846533,5,1
20.072839263630982,40.42198295926272,55.58801073350252,67.05188924429541,58.753419010410965,50.87888291685756,0,927.6780684025073,1.3429681295295592,2,0
13.604910189138442,36.00868193791463,103.3116184399861,114.55977594824782,44.13885356160983,23.632223531559248,0,932.9990842194504,6.113583502365411,2,1
19.43270055103563,46.32448799549778,86.47218003582933,296.2821216784364,44.50977129959345,73.3895654863978,0,920.2440419022757,6.974827828208188,5,0
27.558830495628403,40.12239316627297,51.89027660371086,130.61759239942657,34.25493549705166,75.44449883758985,1,962.4929631986133,6.294068383852578,1,0
22.148042329273455,37.26060199269953,63.27679660599416,137.42620664907156,40.268515722588816,14.060549248943225,0,887.1376521240779,4.7913527810437655,4,0
20.793757178758202,97.44279123155003,188.28293275101004,222.70657117230778,22.487086656414643,39.95381969370845,0,914.7868845229123,1.0693999671547847,1,1
15.567380871467497,28.768499794885614,44.18144942311997,95.76544789615528,30.705464388607094,62.58346096059802,0,899.3717905888375,7.68709653865116,3,1
8.708600258644402,30.22653299630177,122.72738822777842,165.4361591868502,56.51592715584528,83.94243117583022,0,875.3680182521038,2.6781619819725977,5,1
5.210045719986126,23.221199941629344,69.08928142944086,193.78167366221766,54.61772574247379,37.95446543889063,0,907.2970425792769,0.32301690994591525,8,1
10.874873630869446,31.773523283250732,72.40084048820879,193.5190322736534,91.06310439929116,36.96894556938763,0,948.9883237400933,0.1148441158633084,2,1
15.770737951244227,56.560332121964265,100.6104388800759,180.19375565164214,84.09129227399404,76.2911168940953,0,927.557392098769,5.935123328802462,2,1
17.335664545551843,34.56636413880835,60.08239577153351,131.8025485011005,5.674635765875123,29.728396522755386,0,916.0621191007946,6.680834763368392,2,0
31.198376707697424,38.52658141647804,54.514437351461666,143.26874883295432,26.82757188448003,90.63988288567883,1,922.2175257791213,6.444002267960013,0,0
14.6894071272001,27.066974461173643,60.7093605560388,131.75263787144897,89.33104322472667,81.13739964849039,0,904.375210786016,4.516404946838732,5,1
24.796740771797367,42.05718532938787,83.72168702143142,183.35751323758532,34.901556726426705,90.37497791967469,0,883.4379869807377,5.091878047445816,3,0
4.090437555159226,27.027656880521306,74.34933130922708,224.1488163536868,50.382036727678425,41.837114697514735,0,934.9472742645024,7.263804603847549,1,0
20.28357205610156,30.782155545523835,76.838069659171,138.9538666797245,69.12356797674956,24.91623408308503,0,959.6931763765069,5.342651353565775,1,0
19.23963227616618,30.742173771772812,85.04444046055079,119.93434647281347,56.61892887449131,62.65519735472671,0,956.7958569860093,2.874396204476578,0,0
40.552470291155444,64.10061443819833,179.70940923764127,251.92898521484494,5.462457221952375,27.097206976615652,0,895.6675972818332,7.608179445357711,1,1
13.61461251374977,37.755980020293684,76.98381347950283,121.10175038217375,24.623529218488102,33.95018436902134,0,917.7716432278548,7.728100195382759,5,0
13.154409954748804,50.126680604406204,123.14731724723559,142.3923769966318,14.541768974008361,46.051084235561376,0,930.7334507513988,5.06034625480751,6,0
27.69529292293605,39.94585455320564,88.45858963217445,116.55315026500696,20.926299448404432,51.645562978634835,0,958.2697407529619,4.572190901572396,3,0
5.624056266772749,34.39961958338831,157.87930264802588,294.92766603498956,19.00002582083095,39.01719812926132,1,891.615806606171,7.501156855044052,4,1
19.894823022131096,37.93176238257169,73.25702952744322,142.8419126418388,64.16398757652439,35.62479442975708,1,884.5454968298116,6.2467838678439485,4,1
5.342553530781978,19.072601444270255,51.66899235582686,102.95773411710573,43.62364011775634,32.205426043560095,0,972.4785928300747,1.0378614677107734,4,0
52.969859295330764,71.4585645780865,141.5016447147151,218.21540520684403,11.322371815692005,72.11223120507269,0,886.0291802379483,7.669534829869115,2,0
11.77111854413498,32.240580932345374,102.34147450550995,148.9181881849466,12.817590447212236,37.52905815347394,0,978.8020590058138,5.8224956336781295,0,0
4.99543938497577,11.600689343099447,38.73257323726564,178.38398884046092,95.28385804761919,72.49580321357521,1,935.88709037265,5.938201278661637,3,1
10.808797682799842,17.918219521108245,65.23910355477202,273.6296698553525,19.702387148933923,76.85962689078197,1,924.8898155386777,3.2673699865149572,2,1
19.985193752851288,51.53487074189407,106.20979941894029,154.6133149875268,29.11480998384323,74.28068857432696,0,890.7833685905318,0.16672682270200734,2,0
24.24535929398408,39.06713475044479,91.69578743398966,151.8003819834768,59.558017990346464,92.29935996477208,0,964.6557171115855,2.246681661569936,1,0
39.12761275445051,62.185831719142456,106.28309810567123,189.70289027731448,22.77505514865225,95.90370970199078,0,888.9381598497314,2.715786399343891,2,1
9.724909793442736,40.63268614775599,47.53776309416259,73.26243683164601,23.765292281829733,23.21745450704077,0,914.1394719506943,3.701511658613299,3,0
28.583591807333573,47.15571068226812,100.29898333681834,113.24852144949568,11.895827565625062,38.85284092145196,0,875.2837926206942,5.640532176962247,0,0
3.0025355812851147,32.14659525890788,86.9516551822193,217.05928451616566,98.17800894774356,80.89000269740455,0,872.4802708096485,3.6597995353588675,5,1
6.56234434255301,27.12845207747818,72.45369832126616,122.93012646339898,62.57480043124437,80.36228331922709,0,950.2534065422757,3.0398193735437453,1,0
4.215126684858364,25.495193031530402,50.428638366356154,97.8678320727879,55.32567695176627,16.384873821384048,0,892.8517075740355,2.060173287742803,0,0
8.271640848729847,51.304004181045556,136.3460678765561,223.45829328047705,89.42370486763672,96.58333821149479,0,936.0870021411966,6.1711446203505895,2,1
27.684855546493704,44.77095241425603,60.50169789884107,95.2651136569227,61.47039064255376,87.05841156717416,0,949.5744904926236,6.321279794113292,3,0
9.930418670468987,41.7297106193116,112.66605779706242,159.36514623171885,29.992910092054547,90.92837549417138,0,924.096531366157,2.9693598132629653,2,1
11.600569779480699,17.10797571880493,32.6684309257725,58.76762749479446,49.86453869129225,28.394631552812328,0,942.2074460379773,1.8187373443224957,6,0
20.384951400114705,42.847921979684614,108.14677308491774,123.4199497472872,50.369974404644466,55.08279687747827,0,896.5263355197259,1.8383722186197156,0,1
23.51891017599113,73.89672950974983,90.0650805951422,136.25247207142158,42.817560849063725,49.64879895998168,0,959.9648215268177,5.3362430770470395,2,1
11.897248578277308,92.10908810348336,154.91558177080805,189.4159506547047,76.59489660440738,42.4268826540623,0,892.685735250193,6.203354518445003,2,1
6.5189008148587755,12.31346065479105,109.67762390032874,140.89662747648194,15.419865713043198,30.46196320672512,0,934.9674994212744,6.301376013861415,0,0
47.31352156735343,62.07688561738833,159.68159507914567,226.60362358890995,20.125403527495706,22.564590752263193,0,961.9449618786188,6.978255057386564,4,1
11.963044185328295,20.584832911103256,104.67986963707781,211.2268962328062,40.35864534343766,88.34575840933461,0,957.2520654020838,6.0603138041854265,2,0
12.971083339147553,30.578556130943987,65.75063780701237,173.513602896304,11.761435444519682,57.73920828677712,1,875.6396743316998,3.9388743265638673,2,0
14.333031909750797,49.720922035346106,71.52369808294709,176.58152639592288,98.80257644055982,64.07439589063593,0,910.3900714149992,2.2121682310421753,3,1
25.3242541618308,69.38669049143115,100.6241414179152,139.05057738450424,52.10046822941011,33.544104564488315,0,963.7836476255319,3.0528860983473587,4,1
3.860680874974425,48.87310527880945,116.33364799916696,178.87795895033085,9.76008608782297,94.15477731326374,0,963.6034234820625,2.3414741010154003,5,0
59.69306509499901,64.97340705858876,117.55740621465408,162.36899128415217,62.75013849675315,94.27389840413522,0,940.0050256892501,0.8859767708154918,1,1
12.680099972829495,32.823146591670536,163.4347715150808,202.20727765075267,79.2049348540147,70.43050815441768,1,881.9384308357144,1.2368211136809866,2,1
25.938216428115183,37.98501120143135,61.504059031711776,102.05387132180564,43.73304377659268,38.84976848321545,0,914.4694008354207,0.20028840611170576,2,0
5.055155376203202,21.8918043655283,123.53916736816525,152.80374594196354,50.65056012387118,30.95597536702437,0,975.726723310067,1.654239436822275,2,0
18.880297038182988,32.3559506844118,65.41840336061733,142.71327150904992,71.55700024267941,63.57441905036914,0,881.7192568032078,6.69815204806336,1,0
53.71357516431813,59.27277139615452,74.78109514340493,200.66148643686557,27.212689879997587,84.95911834843858,1,958.1543709715557,4.343305422720214,5,0
48.80293809230067,93.15175825107747,136.22626384796982,180.27719705028665,61.77806926497394,97.02854201970814,0,915.9602899640453,3.1765895924758367,4,1
25.455831036757345,36.04417078584257,87.72653664158338,128.4616575042648,64.93980595818596,16.137136430139893,0,951.9214965703597,1.9753523974335505,2,0
7.77649559898853,20.011308441890893,99.12133354559484,111.74583119268196,81.44114809565471,40.07768552264308,0,875.9742408199055,4.759951820403952,1,1
37.732310210059936,88.30933023369363,111.75254781944938,206.76584651320567,89.65180582651692,45.203444336116064,0,871.1345919384936,7.789796624947962,4,1
2.976399491606621,7.585045115325878,50.64986577829456,60.77397329878398,94.38437352212337,43.212283684871984,0,903.0691268224581,2.8489480480626157,2,0
7.520157867060535,34.13974025612414,69.75796367087153,138.76902485440405,17.0010071922237,70.09985763615822,0,965.7197704907145,6.795327232925311,2,0
15.635405829363261,54.405311254202275,81.46711955756376,117.51193232449889,82.54542012948862,59.248583698654194,0,944.7779825616061,7.519480157399793,3,0
3.299849548377547,51.258660336820064,146.30268935774157,200.8726863046384,69.16592365087497,90.22367503645343,0,937.3006138626705,6.316752660948296,4,1
10.788205384038722,36.13879573954702,88.32556838657585,159.91949305380027,40.219172349164374,30.029608327899112,0,979.7447416384932,4.772344877260087,2,0
28.99092218199727,61.19158841720685,65.28586674973938,134.07799720119624,92.66706143356174,45.93986099347226,0,908.2025414277169,2.486070886912622,7,1
9.044935961088617,47.80083783553554,91.35809910207136,207.97270443072134,86.71111646805726,58.704374576021095,1,963.527749598186,0.3637411962491278,2,1
29.952989356791022,47.770343033107025,56.37424422244965,66.99190868651792,78.56409110943459,83.51170775367927,1,882.0631967795399,5.919050715803034,2,1
70.22888621094826,79.5682884511196,120.15240891290719,228.2276517992419,10.461010795002899,84.09156864280796,0,888.7799291360768,7.652135799901448,0,0
22.18965743203624,75.28305879737819,85.3788285821835,158.96671116255,21.815648776140662,87.34350061075878,0,922.5906372584838,5.544657186177142,1,0
29.591262657130393,59.450694031514736,111.80169799441246,235.92600604605104,92.24127263274289,56.72212549951586,0,975.5427281857434,0.3861564462046029,2,1
38.61173578588344,58.73744902086581,67.21376090785567,133.0888377533854,98.31246008550085,31.74394761125813,1,947.3743079103923,1.201622976850726,0,1
11.653831616060046,17.50705271915998,33.7666775651694,54.60565391202,31.343879409388226,75.36299652163594,0,882.3783246567268,3.2043454009856056,1,0
29.102308737821794,30.897142887031514,91.37658830095107,151.13704155687017,31.35176542288672,95.92061724804883,0,975.0398044470063,7.915381152002192,3,0
11.417129501837165,37.67150142903844,72.84871582014406,166.09193388954003,62.9789652310107,35.67696981251218,0,954.229027740061,0.7706772850440088,1,1
21.059089550982485,22.699490417319737,33.68700268287511,137.47051062680185,12.237260210232698,27.85433373366853,0,951.0268083572882,2.611279908803552,1,0
32.22654926512486,52.190298559280144,143.41248166612993,204.5751274674946,61.55496964527221,12.022825564091715,0,930.6638036474146,4.459860124797567,2,1
8.109995088224224,19.121662440329,44.972398052966525,101.21906301742771,97.02546357089656,69.98210781442788,0,913.28861555544,0.9844686155501997,1,1
1.073775631652745,14.522335026782711,43.74961053681112,116.5285690367308,33.21052273006201,59.05135751964971,0,882.0887403643835,1.0290839501758566,4,1
7.423868482140538,52.760493915835326,83.98896159637707,198.3625667596366,75.56077922883517,22.124292696478257,0,938.1772181463585,0.6427031918148748,0,1
35.559481425559355,46.66025549324863,101.94504319065962,148.89661011001726,54.865570553560886,27.956414644034204,1,884.0459554071635,4.071971004950371,2,1
6.586608383932635,27.3007217263606,54.692761387238065,138.4561765082813,32.2945764977339,69.60003240104157,0,934.894007446353,2.363503051446023,3,1
34.21198230756674,45.36364220688006,77.50960881721099,252.17818831204735,44.185481018963586,49.2415740810019,1,929.361360541769,0.41206459321755984,1,1
7.458417323188723,32.003973331434935,106.15632915535978,350.08598471727765,57.3527841562955,30.99078202714643,0,935.6176805454276,4.06441182987644,2,1
13.967122663059232,36.076405436647626,104.29098367434483,218.2566364298885,77.35113009019817,64.52408983273536,1,960.9462741694108,5.870558534818358,2,1
16.4911073961189,36.46504873379557,67.17662275298227,122.26635136853311,56.37552446669226,14.739919495054627,0,915.2295526358923,5.383843279665488,5,0
6.557005186278334,45.40929539331497,76.91141197760922,102.61252117266491,92.88832717676827,11.458253258181566,0,918.0257761739622,5.50602176559396,1,1
14.091954741990314,18.71250257108874,21.16082793447762,102.1304890969556,16.110127228777934,33.47899615947313,1,876.5977829167886,4.4499952441317925,2,1
3.5340183988079303,6.937655547045107,47.01416396571432,198.69667098713097,95.9812792514627,36.05668755803547,0,901.6513792759822,6.2717702994886935,3,1
12.534048483967183,19.47322741512366,81.47705229119543,142.72236329888298,57.31188436199567,19.393158129302577,0,878.9124350876531,0.5928082049195034,4,1
15.455581314704247,37.64687204218427,63.947680426208535,186.10168514554536,42.22244856895745,20.337969805479606,1,885.5934063206503,1.6066367622314648,1,1
1.1580890417629988,28.74763789921869,111.3250104162135,227.58973784763276,12.224851102069671,25.102272655850243,0,916.9476389734529,5.656101207709939,1,0
7.365813298416384,7.9077097742861575,15.457804246266798,81.19011155059401,33.14358071908758,75.21479027326053,0,914.7913213963177,2.7523735185742955,1,0
20.587507540155514,47.92247464949948,65.14162546789322,175.06005121966678,46.60377959865943,82.55491998142168,1,972.9443289297878,1.9868906816002387,4,0
5.855258865140099,20.911843322412665,99.29863004675384,127.30623404530913,94.02133757935525,26.3444460113772,1,883.1251992700886,0.31366681751561076,0,1
23.142137424252706,77.13701735240834,137.51862219545995,194.56697280572823,76.86040657714814,69.10930705510324,0,886.4232895958254,6.960977507888672,2,1
24.80197199748428,50.739738524772605,57.82319265767655,144.77221904692044,10.609269560866702,31.028725223766738,1,952.5952939489214,6.719999683476408,1,0
20.52153984240303,70.44074936698878,79.00916480990986,143.699373940867,36.1498778179554,89.20527377485175,1,872.4638461334048,0.5777288467993293,1,1
28.85898491971821,72.69825568172419,125.60268630967822,155.84543180356548,51.68607011966451,34.203500569751554,0,941.604101391222,2.504684390404354,3,1
3.2814049437176216,18.34436206088143,64.03008560781453,174.02186928386973,85.75809136063278,21.67942715860324,0,952.2317238700247,1.7949713612989466,2,1
33.23251609105479,68.72536183902713,97.5893208981706,183.8598102962015,78.7606113642028,49.52313814886229,0,939.1885675697845,1.7335997870139772,2,1
6.657712280367255,21.694771695821032,102.44344244346715,175.72272146533473,25.533083125857083,23.879157881624742,0,901.6585459950218,2.138832137808285,2,1
17.978172354727505,76.42219221371604,97.32128649148339,235.2914115284985,9.793658555337256,27.85301650279733,0,881.3945678552116,2.4465980866769983,1,1
52.31109569504873,68.50206124739385,72.86918419948861,184.2689371595822,17.575662535958685,40.51565463077945,1,979.3591663253504,5.681547322037777,2,0
12.31366749409924,40.838806024906496,96.10615806672033,103.39847441757482,52.81251958673994,69.46484678427835,0,964.5289677103592,7.761826533057799,5,1
16.814939744179384,82.48532046524535,146.17343927774738,220.25488839432995,13.538372528928344,20.516869791999504,1,950.3700134264554,0.458962336298088,2,1
6.696686765326812,36.10997199876875,57.99718077384601,130.60420219284651,28.726987496419994,35.569811227468605,0,890.5744374871413,2.6508422312042503,3,0
51.96795574969276,65.78657301745753,79.13451187575622,130.8614751685423,83.02803148221355,87.2528165292969,0,917.40009937768,5.372611411039932,2,1
7.3810746344805995,13.570188164115123,18.196017447321182,28.884523986614155,43.18554455384818,34.63924305222598,0,948.0801767087723,2.516813209910953,3,0
26.36302217177978,31.02792248429531,65.71773782983712,103.05135551979336,99.63391698001087,25.160214884374902,0,881.1575551697528,1.609890236013502,1,1
38.56519758558545,65.80285366683258,109.92448056994516,118.33941481303286,76.81836162609792,58.02547955350748,0,975.3060771339743,1.425816626820475,0,0
28.16187341656059,46.64610704936678,113.43067359533796,324.3275648328114,30.16723551000374,12.998429180307829,0,975.0756179398468,4.823761915920872,1,0
21.46474886006405,28.524780324645075,74.53260586340944,139.4113289690536,5.719182555553608,82.35560499121672,1,886.5544692246767,1.2933345187620267,3,0
17.769686164657863,50.681536426110114,73.95597973574957,163.87729281030528,55.084710137320755,30.0215468301496,0,891.6762485060149,0.8627238260431491,1,0
5.002544426418842,37.600742044516274,77.68216399789968,107.54982655599693,72.0562986921262,21.957220399490303,0,910.0484023825562,6.022579765793205,2,0
50.43548687861698,68.66847499174341,137.68400456109558,149.58957005785308,49.619889349516306,82.73824868675624,0,919.5752771009137,2.8157116403378675,1,1
20.18333961676732,71.55932105687197,115.27938479969059,164.46769190253016,91.11794274567815,85.84794214307894,1,918.4809255440723,7.166847306303957,1,1
16.822757325369825,20.60361591775767,83.1477540645102,127.590566062847,77.95533807384984,76.12583602820959,0,945.7024574468517,4.021504429898057,4,1
6.160521956193757,20.411687761387,34.339709323911926,110.96744284030851,54.42556665970343,31.113718272884228,0,921.7233454181111,1.1410984003461146,5,1
17.45846368947918,46.7603328890509,100.60243836798256,151.34312790619754,6.797771791028495,57.42900138729251,1,890.2679121472817,1.6228207978535207,3,1
16.014413443835807,23.873151168330914,69.9356424830093,308.6300810202064,37.13345636657948,97.21594067322124,1,898.7124571170916,7.063608169362279,3,0
52.31017257873734,87.49012834082633,114.67232024081935,240.17596933214364,51.9687729807255,52.9989489024725,0,915.2314908442285,1.0919509870544426,2,1
16.814863740363663,59.22531028482931,129.08136776979973,288.54372153199927,28.772262434139037,95.4675753994943,1,927.1228088476757,2.592668680749227,3,1
17.243986588727186,18.284158713358465,132.9701105543635,198.1187297559543,84.5769325338369,70.87315451470187,1,971.5318226397555,2.497022219442989,1,1
6.234249185127285,58.76147531576031,65.60011393747799,141.28352423046698,45.32475996426534,86.04962745204078,0,880.5834250817521,7.90302931116507,3,0
8.770970003823031,36.83439037773614,65.04534464240368,215.71102345469097,24.361047273134233,27.316000861610895,0,958.4771264615588,7.798003952461289,0,0
24.176001162404898,37.09186615548244,69.9932169399948,117.99621426455158,79.01444255907363,93.40613574123454,0,904.194229957458,5.567345485801193,3,0
2.605115867275753,7.706791377149195,42.422962872715125,129.41718910749913,62.78695921412079,86.80100269384234,1,949.9730737483756,1.9605498632629221,2,0
33.10905766215891,71.55289318258444,92.85740783728106,143.601763818137,23.72245245011065,80.65446904979039,0,898.4083238915463,1.516316395556909,3,1
33.72767140164148,40.43801399406216,48.69465100948133,138.8255419599592,55.61087457127107,94.71007768210424,0,912.3658812301172,0.5747511177532452,1,0
7.96439523435463,35.99107489371397,65.31885949976167,88.44693805329506,70.9795175558752,80.99909704360905,1,918.7582479779204,0.584280684834217,3,1
21.523078878032216,28.50617688606891,61.59652482460969,104.4987693156742,47.60116591021264,61.90724006494203,0,952.5852058834871,7.532407429567967,2,0
39.42215517402616,59.04573575962956,86.505682328249,163.253816180534,33.72629429895156,68.38211840697275,0,888.2880003538567,4.867776115689827,2,0
15.017220175890973,52.30133612459592,85.96053802691587,168.72265266827645,70.51852466471321,83.88048423866614,0,908.1207552580562,1.6666149884183306,0,1
12.877126064208856,25.936649071896927,66.68649189089604,170.1759639211844,70.29027813011817,77.42421264861697,0,928.1406479275872,6.272444638836656,0,1
14.191541077325633,66.48154152751167,96.63278373046874,123.48110918117365,6.609055713277228,63.261238710369035,1,942.3351884418064,0.7036945079760202,6,1
20.14920428391413,49.932605301598635,71.0402766186418,145.8300773192867,27.241904356393988,63.82714077946216,1,878.3676320803926,4.226876420764717,3,1
9.802181606676474,17.685194247308377,51.48570277525516,69.36508488924812,66.40002530658393,89.22539083409725,0,880.4198868415583,1.6466719906039686,2,0
11.996988318341483,17.52850799268512,60.49274611245532,113.26372110970189,26.293754495140234,10.892045282412898,1,949.0328299252875,3.6441543415434303,4,0
20.448367128314814,30.45344960560387,66.44187039726789,133.03907907902703,96.4522109135842,74.61582242175734,0,910.2763735596571,1.9096447323713313,1,1
11.193872976219193,30.106843889868305,149.67969692550977,209.7470326940566,20.46513898170125,60.90948857375412,0,888.2177102510201,1.1783572165379714,2,1
5.715499566444839,61.32703211850647,106.4273376315987,278.3623557339291,76.08052582038088,85.44645936301282,1,898.9521425999819,7.422148581074997,4,1
2.3336601059451842,65.00635280576046,99.84730406500827,166.85978068218412,99.84064955340699,28.489326677808517,1,935.8036097267003,7.36742182858866,3,1
17.06900174847231,29.71496599046695,48.43559797505946,142.86044704313684,37.92495434738651,57.28092091656339,0,974.8626101864484,3.9970008323022648,2,0
37.76951663091766,50.084367487471205,69.16977337170142,146.08635965558096,62.297101000895346,21.487988136416703,0,950.5102695382334,6.310947752403973,2,0
22.318503001632394,55.675824290008066,83.18335891076339,147.34173526655965,15.042637130459932,69.34372058607289,0,957.6762603722458,1.6938553587056027,5,0
5.935195882597515,39.10217785250278,67.2523682429671,157.36348428620727,64.07323162842741,78.73910729361778,0,936.9293419439838,3.236017373286788,5,1
8.713925095363344,55.52703908776688,82.88065530099145,155.34907459256328,98.81466409369486,66.11792246072756,1,910.829963902764,1.8817865033465269,2,1
12.7995017927779,60.454767540656405,106.9062115821207,175.31415309759393,97.42162108322061,59.92941517720271,0,975.842892522292,0.7617409692347598,1,1
53.420089709624705,62.81144089903007,131.19033608441467,187.33624617330196,44.11892802120891,40.904106365727735,0,878.9401144063443,3.4486107569048787,1,1
55.34192939402342,59.78862002947283,115.1857508072524,163.1806878870403,82.95894324678888,67.58058553094008,0,958.9482635158827,5.984746227526438,6,1
51.10544899007053,81.1999883805556,132.34997550668422,175.73268881257744,83.52697171154807,90.95548926110666,0,898.4098149904746,5.98396905977743,6,1
18.41651557546353,41.49908735439553,58.56282424844589,127.06067040511998,36.090329117535596,74.92764537103473,1,936.8644179344392,3.602762363109126,2,1
100.60479059512349,102.88204364261335,177.95321425683474,243.26836512030553,83.16102544095536,12.065773688051404,0,978.0625020718959,3.6259337899138284,1,1
9.101833228893678,13.432784798993527,31.827217567664817,179.75338964411367,20.42843521736699,55.784928300579104,1,962.652082727429,4.862922349141533,4,1
12.418247504750868,41.4851363526294,83.72061101827731,104.78433605438907,97.99352366939462,76.27752500240406,0,963.5154680096573,7.471597542553261,2,1
31.36370947146962,49.00068656319665,98.06721031580449,278.14078040363324,87.09615670720326,55.37467251111446,0,960.5374725178689,1.2854826490895843,2,1
20.527950213160672,50.06973909451909,126.56805216759182,154.0156799337833,53.506358286543104,63.221504097000896,1,919.9173115351357,3.2988113341458156,2,1
21.400502767192208,28.783286435140212,134.8099199032596,198.46438024614878,41.60559540905886,92.04259680478856,0,913.2357455163946,7.254879267927461,2,0
6.931701919372779,38.01262221153273,64.66120716709034,147.9770821715835,94.86512007866718,88.65550579906522,0,927.0404472252561,4.4347777092362834,1,1
15.923896488028742,41.15841302400658,80.98245078428283,113.35382155649904,11.756981918618605,17.318296721903497,0,901.3624017628796,6.363909851619173,1,1
9.221020733477651,41.93526423654185,113.96145471378975,140.89945323597718,52.34700899833569,55.94978865291402,0,922.5958698634169,3.7547822635053594,0,0
4.650391856704097,18.065269198484366,129.89621191894855,188.82549907469505,51.25995554204986,66.00846842301695,1,883.9475696961346,7.376308821645406,1,1
10.198834921226474,21.298015867038227,50.13724161066152,146.09305939178066,41.2258462961389,86.68282357557185,0,968.1787740426548,7.133094231412305,1,0
20.53222816652973,25.625277307122552,43.4114401516894,155.7522688341698,15.69962003253612,33.895055260264485,0,950.9237777137063,3.6230064004511213,4,0
27.874736239391794,43.20154069494491,54.171099344155,78.05495071355756,28.88122509935293,22.586854579063303,0,876.8233668226518,0.139583317703188,3,1
2.230435573229106,43.4127334746561,50.600838961947865,107.8704415048158,98.39623319572142,63.74391433113266,0,942.5943886215283,4.5726678842899116,3,1
16.508130625710848,65.5972250949608,85.88032265931471,101.29780060647542,81.75538190987496,52.085091554455474,0,953.456769636157,1.7109678211185193,1,0
15.366853799665156,22.135311236778925,85.11266982346609,118.080999238852,84.63689991982098,33.19346812765359,0,964.7773109531945,2.0003881529910696,3,1
19.75151476056467,38.653396362637615,104.05697106743403,235.8830368267688,53.40550154114322,94.86353273187457,1,906.2037559421409,3.494939682284681,1,1
6.044015132626091,62.2113313648916,107.30744641723095,187.6141456201592,67.87341595153761,38.58003823839149,0,939.3808456882099,3.654913671214786,2,1
6.161502850709365,67.43208266158823,95.3246693465567,130.45783862369979,52.97556341978463,14.97573367952677,0,900.3695137147165,6.899209169946663,4,1
38.45874165231117,53.28160718704783,99.8275871320009,224.09213854976676,69.3491434539107,15.291930691470151,0,963.3768747817568,0.34718119610761,0,1
8.059530358410656,51.74976414523839,88.13981984486115,127.14141269782307,87.02950031134048,28.097401748682643,0,966.2675915338749,2.431130512354426,5,1
11.930789359272467,50.654848555745104,79.54440029790837,142.24827764363155,28.046496837804284,20.50622423855104,0,878.4208253853726,5.095314583506508,3,1
12.957299500362529,49.51836105168285,93.19764434635825,105.87873116621638,95.33486077509839,45.521983637604,0,901.3578941318268,5.0136492924043345,0,1
9.374021173902976,13.048506414323912,40.043426075814054,75.27601693028747,91.79312258987743,17.24182446843333,0,881.309186515725,2.610357768569041,5,1
23.644834247759718,35.654945039563046,79.18738256049267,154.7657990496699,44.83267295049766,60.50486817949115,0,913.8636972779686,1.505761225672951,1,1
22.22074126301875,39.55838684318003,87.88727868577186,161.15523530430266,97.79735050120871,46.755210205403706,1,870.5664036290278,2.2884270747656035,1,1
14.834737040034092,31.779987894759813,88.24361845118679,136.1730584063914,88.8397940580133,63.813264290484746,0,956.1105199879034,7.1494467024207,4,1
9.855370498528693,28.59910781106359,37.18254510067204,95.77137654841249,8.807352485129261,99.03128922316229,0,917.4596973930229,2.176613273859988,0,0
13.922470301293927,79.66256528613762,155.39452816748388,255.8952202908851,9.000845855468658,99.27114346025735,0,928.7721064114378,3.984842871325363,5,1
17.585718465619138,32.82699888907518,65.89914095480567,121.39177532546131,72.19203502211549,47.532613746742115,1,951.6879769094601,7.544280682173288,2,1
8.723447151728461,34.82552019295234,141.60363473270303,225.04078538449073,79.44883698513746,43.03485403210543,0,948.355625459331,1.0355030642638476,2,1
24.91730448002691,50.344232981443724,113.59773760903782,156.07800769421243,28.625257372548333,71.3397593844914,0,904.612844219491,6.978807320222814,1,0
32.94009236145596,51.86716046856942,70.08054259251215,132.21437997637278,52.379981641471424,43.0911652827837,0,956.1044096120886,5.9726685140431,2,0
42.93584380181335,50.13381862646419,101.84571304363767,113.66157134401261,56.22859956991009,80.0453418384624,0,940.4833295625896,3.9348332925480745,2,0
41.19204031361971,62.12366626882768,134.3151215126074,179.08449073742275,47.33159726009347,64.14813927670231,0,893.998831903429,7.596658823894085,1,1
12.890175244669335,15.111206432927279,45.06292434308541,111.99189640592719,11.566630772477229,27.953850062490048,1,873.2177193703365,0.6878515910046921,1,0
18.253734811120765,46.283443694789135,63.39851695493605,123.14577966709604,25.795129700513428,47.33504378912462,0,953.1779546906982,6.851279629228744,1,0
14.612290189699129,16.360870209931914,31.194159936997625,73.63530235062741,82.3785202187722,87.72922438308741,1,888.2212181183717,1.661690039532447,1,1
14.570207026480519,40.80332904438472,51.47364583736463,81.47251901646574,11.943254044158204,59.801795490681535,1,882.387611956757,2.898178141677633,2,0
13.844317744609047,25.313987298062877,30.24891725003004,98.65888127776776,64.10336195178846,73.8926852564228,0,916.2451577963875,1.066588980379533,2,1
16.744462407725422,24.935823255850796,58.47723552602308,116.86761881126553,65.24502899666402,73.88656328155794,0,971.3889732234351,4.0127845887622104,4,0
36.69117109624628,70.41282729569224,85.89767250592129,164.1132498539543,95.86656260495008,53.393974487026334,0,948.9970798737727,1.4357982468600803,3,1
20.991908672407227,34.819065634217864,56.7291836495248,94.80042518998337,98.80786778237795,36.59422397283472,1,957.786779234739,2.1153280138940453,4,0
5.786728458827671,25.898671660232125,134.2859220480237,225.22732811265718,94.7790399644576,63.670495582706174,0,899.688176976294,0.5710362235424037,3,1
31.99140354976992,35.81524484610896,84.29739323206269,110.76852164432381,56.425536351409114,20.17522565486118,1,961.8557121374355,2.510278403979661,2,1
19.550517267314294,71.10092128676203,88.86605232253007,108.13143944737763,8.968693610261617,63.76335578093186,0,915.6918558065198,1.394461130664114,2,0
23.8391882420515,45.48214935936109,185.9384725935734,318.46270842367113,31.34355813431176,19.246477201466632,1,977.7337781350673,5.514241589493792,3,0
20.688323679048555,42.290607740041125,85.5861960173417,113.37304520598443,50.17207663447667,91.16182272116514,0,932.6729612131912,5.141600613891121,0,1
21.389190258209133,49.86218709158983,182.60095836925166,251.40427553942033,8.716385014093698,76.94843448322081,0,936.6857515243281,5.3571445005842975,1,0
22.11447536053223,22.94156208278345,115.20804335613623,166.60693879422246,8.524246569082592,26.308898001659724,0,970.6645957698331,5.440503518733341,0,0
2.8492876449453335,57.90158682719055,102.24179954686292,236.71084868685557,35.782190293789554,80.61943292477828,0,974.3242117733749,0.9149738984471811,1,1
23.622898200974824,38.41046658029513,71.75476884805641,164.92418386785707,41.7977487877508,75.32675313585041,0,871.9410944604938,1.7892516861121108,4,1
9.060171620873714,61.933662857378394,124.34710105068386,144.12417885690274,60.180215265496585,75.5600279424334,0,895.5703462612876,5.9260434413990595,1,0
11.166281728572647,25.52941745022084,67.28219871923659,226.08837797119622,93.62147670409296,40.17536051406457,0,937.5669539235076,3.909266333590111,2,0
16.641893752826796,28.40916961808623,53.7370533421461,167.5061296956689,42.16180859495406,57.046680380397575,1,870.3975848583477,5.077777649951121,9,1
47.46736610363433,74.5508213846144,98.69921727315742,145.84583363341332,9.568604946636476,62.71973245826496,1,904.9283293985128,0.5471664027644422,2,1
6.786529939098465,81.31854974430036,150.37362792798746,176.62407350574404,56.30414421930467,43.92804575066506,1,891.594531028374,3.151858921549912,4,1
16.211148165555908,59.87031315105639,77.60285028530286,149.53627256782073,39.0064325388235,60.4358992162487,1,927.5824809188333,3.5602357296426446,2,1
13.577251946203672,42.865975453557134,111.2887778479548,185.84576628036768,90.60483972641386,31.961476545984848,0,935.7044419668205,5.56957411105366,4,1
31.674783718258432,58.44794260783651,95.53754825849015,109.25418545375739,45.992316549604915,88.73962191573997,1,890.7915898970695,7.305283429893982,4,0
13.275879069453856,34.05843418050381,42.98400393972918,111.64035953017358,35.57075495079446,96.43028762896712,0,929.0025396284326,4.63882409719173,5,0
19.71629100696567,70.99740538721943,143.02343559556533,251.1257865742677,73.76862438655861,39.40596557452204,0,913.6398345555559,6.112788428599023,6,1
6.805212372634546,41.135712185741056,59.25428784491591,125.5126474305936,51.85903007083532,40.815782878612715,0,979.0058026393568,5.183625731147292,3,1
35.3824757494077,40.35907274279317,60.516809802713624,119.87192692821225,57.73441258364213,29.458911071195093,0,877.1613039845674,7.288251792344478,1,0
4.250811823781081,12.489480822664987,43.47832654287927,98.14465206019614,19.446404467433176,87.83013945961119,0,962.4753726768939,6.505205867508301,3,0
23.39299309688752,53.411603936630286,88.13318383483761,122.93734963908547,40.64330719228391,24.70256153232458,0,979.9429076103602,2.0537206942975783,1,0
19.80826941816141,26.731608520368432,71.27373319782932,192.92082207995327,9.41028571459335,81.89729645714206,1,929.5750891194064,1.8561961557417754,3,0
21.98224706351239,43.53157685465994,113.13529136684201,162.14019993900547,76.71348595962938,84.90957745104271,0,944.8629824695784,7.303963134501707,2,1
4.316426316998364,40.67896201993537,108.77088733999537,180.6650813346571,28.33025796592822,38.4597069898778,1,884.0741992331513,4.819844707597566,1,1
13.057174097597088,40.28196436972044,63.862165122743775,86.25734814002445,16.448997281443066,79.91124346086937,1,908.5904332226202,3.651976398794967,3,1
30.620993377799447,36.50903556878049,60.68967403526926,118.64802154174987,61.00364292496414,50.767479301723384,1,889.9638638785551,5.631104383934687,4,1
52.22190925582764,60.905730792404064,125.6729313020598,211.6598751712969,60.04581719854643,41.3607346929285,1,934.1652879512193,2.3255579614224335,1,1
15.289764022933825,43.14154320442604,58.71913451269461,106.93140992815387,35.0007691025926,90.40405791359126,1,973.6298182898641,6.48790231535848,3,0
28.655724210106293,97.85913497084502,134.93390577949313,184.11238574056262,96.4233619045777,50.81752843185052,0,873.2552973140257,4.269164313040564,0,1
18.41246412258853,36.61871462555756,124.55321609758043,186.59063543321025,65.37452450491527,14.970672064852295,0,924.3890762860559,6.9807535283794895,3,0
15.912985999579671,53.160069954024465,79.51125952030458,163.3458652772327,93.00741923084877,67.10692608150919,0,949.5912956250932,5.18522456100436,5,0
11.868041981027396,39.267803195955345,49.77642126154063,118.1121653578796,33.55658991430505,69.22020929108648,0,917.3682182593072,2.1557231602521667,3,0
16.70533976356073,28.06971300066247,46.192441296031994,240.28242020803523,57.42129063136742,67.118543734293,0,929.2756680608248,7.727126742626744,2,1
26.9003555992319,64.44544504975798,83.52829492292045,216.14237478249842,44.28446924175121,42.428695579985195,0,919.8271360248054,3.279204493987403,3,1
28.460240306450984,32.14875402440894,49.052172244271844,90.99952066348868,44.26191842056898,71.07533392312894,1,935.7239078773523,6.150871389508583,4,1
5.2676913622941495,40.921987072583846,70.83895291209488,188.4373333894199,9.537895586064723,36.19848877146275,0,877.54355610887,2.118714595982886,2,1
11.001876044711539,39.63328518799898,170.72438352503676,184.2224887821561,25.8654568309272,51.79259583470344,1,930.1474232905359,3.3949199133181858,2,1
6.4881706821349185,18.821918679831125,69.60299893116881,120.81506022215422,87.58591767635778,29.50360479786647,0,926.2958243784994,5.9324487986690615,2,0
17.349335574920634,24.897304714209,56.97507630182587,75.44064399575794,85.73625362812467,65.1927192528384,0,890.0040527986115,5.600447485618566,3,1
12.685407013311947,25.983920788315018,60.09551961340473,149.86617763972686,14.984310939116162,82.94506881589083,0,928.8225730319562,7.518049712261437,4,0
21.450753019075886,32.06117270079086,53.20271335051215,101.42783146903875,6.724064530841364,18.789990665852564,1,920.9464191379262,6.402794100797256,1,0
22.5371416243574,38.46408917289251,72.48197330436521,97.50823595473554,14.694348115901896,12.431110868367636,0,935.2494387971522,2.661051070373366,4,0
1.391580222763522,15.885331969038068,101.34110715123269,202.90133836576769,65.68613305695638,78.50209632087834,0,932.0207894075783,6.920021595372998,4,0
16.60692677201505,28.93497699244227,66.9008741491017,94.71616277334367,27.78317604479609,39.05918342583987,1,914.5047272942387,7.376447508581706,4,1
37.18111945957001,40.69218682868867,108.50689246105307,204.06132278610937,77.44930014674249,39.14429307305773,0,955.924809450098,7.637363634474864,2,1
11.005631588570036,17.52891495372623,79.51826857810872,152.88257681376933,5.55376875247593,60.82655779787834,1,909.3201566170894,7.213632235998282,0,0
10.738059864536485,52.47175126925457,179.75665639936386,234.2252527741322,72.99839560075755,53.806380823188896,0,922.1990973473739,5.593404677944592,3,1
32.914301580851166,45.55699250840581,106.8059045376499,216.79203808980617,89.20712359336366,20.94040271781995,0,916.9051164094778,6.386938674952687,2,1
29.38169674055334,45.56054877508369,167.3081644824963,199.3416854596807,9.256615075261507,78.43916182587536,0,923.4459403859861,5.218036584189647,4,0
7.129404212429656,20.974423685442375,92.14337980980555,107.62669789211832,87.40251916693501,25.864432934770864,0,958.0201202548446,2.6257448976535236,3,1
27.409568297845013,79.48555807259633,124.04167277477833,150.5285421705059,92.19753707714017,84.34254014351306,1,948.0627660731153,6.547155910683477,2,1
8.635141292571264,19.01962845604634,38.74063310271528,231.33165122279553,55.90481425322041,78.79128782898434,0,874.6461702066622,1.8977891714404305,5,1
10.644485742765754,20.368393408774974,87.9216381580877,123.04282225509888,32.030228164645294,25.050394461040447,0,924.4036194687473,3.507298075235787,2,1
7.123298107632246,36.21633206333559,107.56842938927318,153.94432310949813,58.46734416196903,78.23923034868587,0,883.7229161144996,2.8136596728733534,2,1
5.226214332276201,28.064176488696752,100.66912672981132,251.43770748631763,34.50573437318861,69.48455759746784,0,950.2277175435448,1.4599729855202555,5,0
18.122666715902756,47.80309680703117,49.932213110232944,96.35467873558447,93.65494204151055,98.36381105387528,0,978.5363735187209,6.411382024166634,2,0
4.459355860951362,32.8052751326682,58.64224319007294,150.00136346673654,56.64501591516422,74.06460042083346,0,938.0682234270045,3.8282198197506143,3,0
18.676931607260684,56.900335194829026,107.23770208639198,268.454616219577,80.87692126530608,45.11957078381308,0,911.7847602643793,4.263200586668128,3,1
18.241694634633152,23.96663058694961,51.306301314826186,133.56614947832787,62.94716951353147,65.80518787929145,0,877.9545698957933,4.066117394818002,4,0
14.760289496726111,41.87763740522671,65.91655076398094,126.928401637326,32.39868844757809,69.56850018597599,0,906.5826177978923,5.546009537053183,3,0
11.440915800768588,21.222434535130795,42.29494329757909,145.91067314190767,52.51232401131046,77.1085299867737,0,927.7820734517869,1.4895805083038438,5,0
9.655196930507762,12.02306477387556,21.217590232598788,30.82633583706844,88.58967648216054,52.176326183384326,1,966.8944320051911,4.05637844729349,1,1
6.304648226651615,34.51045767599959,83.02972514473245,129.03046210181844,41.37293028472552,84.49249877808998,1,926.4292843247306,2.1559707411867604,2,0
43.150282016043555,70.18402294461997,92.94962650924249,226.92651804001878,37.4265244355002,35.82475966955215,1,978.2874667903517,7.776090025243234,4,1
14.251906939707734,33.74793617337845,60.13540613586535,95.58742980042513,95.86089442787721,96.70062752089147,1,910.6083134409381,0.5753960936758877,1,1
13.878303184973898,52.5680390125754,84.64642774516403,90.3045652650544,36.7357923928041,37.93875733454626,0,870.0540531505162,7.434369736915118,1,0
7.4410353676374985,17.29520558972375,71.2618774547889,139.38339395375777,86.65260228796912,13.379154094611675,1,939.1487806990225,0.5733328634493068,7,1
40.15272691882484,71.73221069960151,115.46078381401793,207.5049920715451,21.936668414776836,28.012142705806365,0,894.1053009118401,0.963206212213996,3,1
10.182922475551832,27.54921372335781,69.87463213393112,120.18484423681906,80.21387139735442,93.46963793458795,0,896.81631013773,7.259489397838117,2,0
20.01570344783227,38.4567840532833,42.55162367792003,135.35674730855294,63.45365678270797,81.1046242184269,1,871.9164967008162,5.218031944083197,1,1
22.89845516797929,25.74041009464578,94.42361872878988,168.11428388533767,16.418674980197906,49.54337901116201,1,928.4619492268992,2.662879568453558,1,0
18.132879393481318,57.09586992851979,159.73726153479362,445.61559702853395,11.074790731678837,91.4639766052247,0,897.2258551701664,4.7480754840272335,2,1
4.348815424800545,30.625907657563637,72.14533537265882,176.96289556895226,33.3391929792285,32.196974534311714,1,979.3719266252904,1.4126057962982885,0,1
26.60242379802654,57.3275292588084,72.43897544751377,146.174847722578,67.4583210276669,31.020241945668527,0,961.9222757591142,0.6124504895195726,2,0
10.094834844778639,18.749849785823088,43.276756226082426,55.12702841388426,39.21080406985612,21.606247253777855,0,949.3309070750572,0.48890607801856734,1,1
29.179701565579595,53.26919836521594,68.96697060664374,106.60837587844574,30.75947394683293,49.81890684910191,1,908.9280714593028,2.2331803078880683,1,1
15.815599662003532,33.15274764878403,128.13229531127166,156.41072766638885,60.27708285686722,56.271304564996335,0,877.8756849818421,1.5172569710968387,3,1
23.901355690552478,51.190274935874285,77.46847452872416,225.7598814652133,95.49270456326575,23.062706720021914,1,943.5837136440073,3.286225057253644,4,1
38.39143482316335,61.66666414210951,104.5330655744137,130.07931834971816,16.576009548533115,20.31449462947946,1,872.4531650136489,7.025669956719461,2,1
25.918151944944125,84.84268060032443,115.96988689307,165.70097127506995,66.23522462097566,45.140669698517705,0,918.5761008409444,3.090583641496809,0,1
24.315872617645514,71.46049094276066,123.7499392648871,203.142644169788,91.67820467351663,30.93569838869972,1,875.8047368563646,3.248657625883295,2,1
27.44838128541138,43.24330349167021,61.92443885669935,104.66567165009138,56.404543659458376,61.683759900335424,0,931.5678562256954,1.0541067037311138,2,0
8.369127693697525,36.550902196642355,78.24933284391184,126.08743264575106,96.59769660620036,57.190167126028136,1,931.549605033444,7.910753348482044,0,1
30.03726859398015,44.78279979557629,71.25535894264809,144.99134523339052,61.799985055089635,24.623515440650426,0,928.3677176124721,1.2474432662681545,1,0
13.399636173177745,51.378649957812485,126.08795601719173,161.52628444634945,68.89719384433536,11.194930871311811,0,948.604580255047,2.772634090767376,3,1
13.751348304101004,31.670623987080322,36.26354793991922,104.1576066286103,80.17160271744861,68.03106968225669,1,895.0970831350655,7.5713616380035855,3,1
17.707345386976314,30.829191923272635,59.5474888217617,161.0513654905251,23.97374027776711,79.55969482712847,0,896.6385236056306,3.6939082335327007,5,0
12.424212698137875,36.266902873547394,106.35171508699503,145.88397750288726,58.2182500411541,53.94454371196891,0,915.7779625538122,2.7710027414627665,4,1
6.884280155827975,51.586757198462074,116.37649317374473,143.8316039387023,63.35502574582533,61.79508484627242,0,947.3047661406133,5.74978022682827,1,0
16.706830095897843,56.72546660152772,66.5788431925996,234.57288149291807,16.414028176298874,96.55402869074757,0,882.8427723671413,0.3609200853753969,1,0
13.803744901622807,27.566833013499608,87.72053675116155,257.18456002404366,48.27362082978004,79.09334983151793,0,967.4476600818824,2.637456425103787,1,1
13.416601708485366,68.93685656673827,86.22062882963715,145.47149959915197,78.21444522274787,40.04288834330907,0,897.743329957729,4.683832539359376,3,1
15.42776590669934,24.56728817314069,46.24145428183495,112.78986751282952,8.867092125764309,86.52715064762195,0,884.0675619313655,7.928971474257721,4,0
1.6058229404903028,13.4232498675539,80.9987906768936,147.1552594793173,44.2817406900092,59.36430147685248,1,935.88716387587,7.743611317963903,4,0
13.49587217584455,50.37716707177107,78.65032048037072,124.29972154998927,18.843176163970583,56.97409953276415,0,900.3140300291728,5.046880019494649,3,0
41.62491827726264,44.014523095991684,53.24350469193496,111.46025684719513,21.696116766999562,72.26847305958027,1,914.9639087684818,2.7868902216259688,2,1
39.447672080757606,59.602300145989744,73.44402775525647,85.50371744789298,53.6945788865302,48.65364810730671,0,876.7226030696374,4.445418737743402,1,0
17.15191047609365,32.892504634456124,70.28208373873369,91.35581366609777,7.800772790291929,89.26952825555772,1,921.146047614742,7.477567287660269,2,0
16.71572411847655,74.39751479017795,101.97495373648458,150.01691715553022,45.37088851283843,25.05559872303082,1,903.4064837001968,5.370664500330601,2,1
1.0753226617857006,8.752991343243481,35.94626445544568,75.74888571085793,7.441990309792596,47.97219629749429,0,888.680434060091,1.2787179811828575,1,0
10.591834955312166,19.097857382922076,70.77030265284405,94.47135352167825,92.92820989014363,15.837727096602446,0,912.494629391438,7.775197671683242,2,1
27.25764484359815,90.22626422325853,135.7046708478029,193.78690234741356,88.88062688395183,73.48548603369478,1,954.7073896143588,7.227425278973086,6,1
12.181947302120872,28.06988692427834,57.14621081719149,151.69844821644074,25.105631502385553,34.32657031131937,1,954.001517275844,1.8125440311329841,4,1
33.81777570034971,77.3478622634176,142.86115940018107,178.34181771253822,11.251414979356051,48.2882205271179,0,909.6534582666499,5.289080185518727,2,1
32.43948812336218,46.3340906156901,98.306632654632,106.58136012944571,28.810387308795832,89.77259855555965,1,977.1659494127664,7.037987502951377,3,0
10.41804586003173,21.825312517004704,65.44660586074131,139.20639695097452,7.697231488617312,26.76569848395821,1,883.8474777201701,1.842108452293426,1,1
18.13584841654937,63.13496375928,87.50597526602796,136.45147082855556,74.80493565632288,10.202637550207152,0,964.0225913708415,7.396772372086572,1,1
43.831198954887,116.95276615033109,189.34598605052528,293.960604328634,59.519970860305925,62.03078203094842,0,977.6847239172494,1.5223929930375135,2,1
4.246441204411166,51.588777390123184,78.54003542721476,98.16024141544418,56.664758438499994,49.379071633074446,0,933.0255789032468,2.9216406007105,0,0
12.403100832254204,25.57066031224693,54.40010149793787,80.84287282297751,85.93736078137705,14.946465441157693,0,876.6147127578361,7.550679087746142,1,1
3.7981103043786977,23.283411854871225,119.63951341725459,166.59154544065498,81.88468358360132,36.662110647703614,1,971.3143054584938,7.578663940223069,2,1
7.840396796438243,16.70395288305906,34.76844185476051,65.80018691909666,43.843749954456285,31.51954200075849,0,918.0657082007881,0.28394420739879206,2,0
52.425959693043865,62.70491328091842,80.56867317842692,205.50176961253732,62.98200474218089,33.45563187293686,0,888.9077390545639,6.944508457653363,3,0
12.39968055986421,22.221979758521428,51.88684373964631,72.50183370282639,46.97175365812723,81.06961449163177,0,968.0565298458738,5.580413679840597,2,0
2.1762160524387464,16.347790583296,31.342918973708198,77.14448423723321,64.28092147057556,37.42748238224719,0,916.95673592693,6.9865927647228805,2,1
6.818438652895212,28.74736489457529,44.07840709784019,235.0845281834571,19.394861194133902,54.066385292919406,0,924.9325884819366,3.7491313079891966,3,0
3.3680817439012922,23.467708620392028,118.03805250949536,137.29356847629464,33.50762244438343,33.89680759151224,0,932.8122603504136,7.853909709973615,2,0
18.660009496781694,51.93934330488128,81.25144525720918,143.30118058459516,28.928941220596855,95.5486156951041,0,969.7260964939302,6.011030855695196,2,0
22.658022695397655,45.45373051430202,90.07693899887428,139.6799848573381,20.90936632071037,79.67924365472506,0,925.4124519035656,6.098936968495497,2,0
30.31468568376402,61.40775194481457,72.14565780666531,153.10115235743257,44.314618379865095,48.095435188808096,1,967.7025027859213,3.4728160113106616,3,1
26.24457376789341,60.85434018904047,77.66751279034828,153.36406552971795,74.01744277978058,75.42850369864372,0,888.7252991451192,3.199341323045431,2,1
4.464333109396953,17.827939904302376,120.8296073381548,193.37321862494179,42.62538392006535,38.33426958356897,0,937.8375496113731,1.7239067399550725,3,0
21.842453445232522,39.476180782730374,54.59447780744432,163.73384954695712,98.35038573600464,17.400689940384133,0,927.8054181919706,0.560120888761494,2,1
14.9119753589231,138.4657941769528,184.05902346323805,291.44078807351644,33.69861437497569,48.7469983364318,0,905.7542161860679,7.2215578721002185,0,1
33.35056854006987,45.80875222888519,47.70339399883599,87.13983198898462,95.0723292940617,60.81268194369022,0,893.3781974066964,4.766474147685995,4,1
28.34739644145116,60.69714907822799,70.7028022303114,109.03967652590443,23.38760011020156,41.44192022701269,0,877.6933959793531,4.509113280497566,1,0
56.94981383528875,63.08608335400584,92.0512046691669,183.93131097862656,35.47358567860754,46.138454937990986,0,898.7908378598904,2.7704109171819975,1,1
7.338531995625468,42.64245831614023,106.84119069907138,175.0643190397215,20.587739553273067,74.29859414585496,0,944.8647595780676,5.943626369968021,2,0
6.397484802525665,17.179180390485033,53.09666299437292,129.9028937176341,27.601464310645852,90.59026438535473,0,900.6029697911796,3.3143610039414138,2,0
11.144904864416098,31.798272747085633,62.701730805001695,125.37957562272778,19.925599190075232,90.46954386594562,0,950.0919257242864,6.493642598002272,5,0
15.379373140158437,20.514533003337156,75.33035912778018,118.88460476949155,64.35859456257586,61.81226324261713,1,966.2667801744004,0.7306084303161808,4,1
9.389906421153905,28.491046036287607,69.76542349638277,158.67258385571614,24.058439296496125,66.65413215601234,0,946.3735831937599,2.054709200083393,2,0
7.695524219181372,27.101112019452245,34.74064968023391,68.98138951415089,13.087554448649282,57.95301388130687,0,958.5576098461426,2.33893547157862,2,0
20.810115641793857,37.92792154876532,72.18536201183704,265.72573257375655,30.309969238629048,43.41121468944536,1,933.0526805373931,0.2843085176639409,0,1
11.1164645016252,38.59579204246549,63.36703171429389,245.5846462732576,69.44800648027186,76.43437264335324,0,974.1265642051111,5.341187247407007,5,1
9.047692083034633,51.48071149189774,81.5486566620013,301.99317889683385,45.719973646508066,20.01207553597019,0,953.9235795948465,5.642793074351414,3,1
4.455638725745915,12.92453492915042,37.15171475135505,108.37247141611098,19.8350180171676,90.46127538012172,0,905.4943486492853,3.3657969409134356,1,0
1.226952123413911,18.6773757808692,53.26292988606532,100.93476464237158,11.027767950768506,35.53475222115813,1,949.5684341339237,6.3840805119014075,3,0
40.29075477072528,43.45769602065935,90.12654326439215,233.37621576088088,74.28869711109598,29.693993629340273,0,943.904417035549,7.634469659826407,4,1
39.49628897463457,62.07404448074757,74.04546967734181,137.6879778821645,71.89041800406847,34.659478661033425,0,952.6561010017181,5.919946509027802,0,0
28.948272765782377,36.819275881571215,57.31277246204788,161.83994636701206,48.84484774552701,83.05452411648807,0,905.1298588144219,5.418859924217348,4,1
24.387191589671154,44.34222229801056,97.9673056033917,202.03375265734968,55.136154212686066,34.200506029419515,0,926.0539893804433,3.6520060029427364,4,1
10.275579008897795,33.53371642137142,91.7451413929818,126.70981525603159,27.8468217485499,64.85847256140511,0,966.8423862393622,4.47250349281887,3,0
25.096751810357173,28.953961053211373,114.97403346818108,202.53938896820836,51.10699866843146,40.884199116679596,0,977.328568089546,2.3760812993735465,3,0
5.9677656391346146,31.88599667004654,68.32241808771654,169.50729554169652,74.21762836248375,69.07633432412527,1,909.5931285369898,2.028476574307625,2,1
17.808578153575446,58.85809390520075,78.428670605475,136.9792085039337,78.29559864905528,63.24638872261746,0,923.5374086119614,0.30706437981378265,2,1
8.386051628093318,38.675074721826114,59.4543012182657,80.33771158116718,37.34701278114899,99.79898703593578,0,906.3907224244568,3.898846952088957,2,1
25.17058972804804,33.829604203397345,69.44119128382461,214.7527232887066,69.49080280565471,37.9860391067868,0,948.9733088955917,1.8781198273666113,2,1
45.801351982169436,64.79603190511928,81.56098380190998,272.4760890808742,51.21602021613393,41.482663631906235,0,874.2667606855903,3.792171579332757,0,1
6.793997718833244,27.451725976632996,109.68510445833016,176.07338714930665,75.2369022740103,27.88907959414456,0,974.9193840509082,6.517617005085285,3,1
10.70862880807548,28.420933855746853,52.52578967150926,103.36608868000798,70.6241619692066,51.75173549291693,0,930.4304784750402,3.0003498690292725,4,1
17.559867659387006,23.390233745299703,98.2486747711041,116.10342083079284,76.28388639504136,85.36241906567453,0,899.8043164407408,2.64298567982782,2,1
2.527276570319705,12.49101638724719,27.475769622040517,96.3146021324303,20.663920721433893,28.989823206430092,0,874.1019460578481,3.6299833859786634,4,0
3.5528490036184173,20.050887836346778,50.207999993295275,95.53865796123533,35.60159702909479,96.52688449483117,1,931.681702443513,4.014399964190548,3,0
44.918372305971076,67.93389541536865,94.8180779088612,112.60831801802212,30.17345569186395,11.184155451516792,1,934.4794445040089,2.2540834038905793,2,0
20.876946245269195,33.26722820151038,43.72710768399068,153.82985572748842,47.47154114071583,82.46338571322147,0,946.4769611980958,4.839371537531722,0,0
9.798388179841762,12.548246720631571,41.00754035943733,131.5909886722966,49.166683679917654,72.24631676176253,0,927.793479982255,0.3290624156845575,0,0
16.174074083811906,29.218156800871572,70.38801269177313,111.55177434808019,68.3941838626455,91.47281265990486,0,926.727506084744,3.9403701758161533,2,1
11.18406044666944,70.05034017316012,74.27129930303802,243.03794807091498,59.112677731364094,56.96312603316955,0,903.4542431791599,5.227279355437061,0,1
17.956164860403902,44.003789167493466,93.64111593744096,154.03465601521634,60.08811293524086,71.28679297657499,0,891.3441241230835,3.7834907841904584,3,1
11.534735650749944,34.0628412765192,77.69791301002789,144.9184941989795,65.13355979743685,14.448165583046748,0,897.6103642994179,7.828274284288312,5,1
15.219607160320379,25.048102245963896,59.0541284974461,113.75675149003023,30.92452204611884,45.491967530082604,1,911.2232498231798,1.3247756047494268,4,1
26.758537613396793,40.311914808532265,96.78822273938101,216.4363984356817,26.48250388002209,79.36296010507631,1,955.0680525605352,3.6791149238713823,1,0
25.563774185079456,28.06585418769304,87.14592961255147,175.65375937849836,25.44291264071695,19.808351771777225,0,883.007988851615,2.405189364014051,2,0
43.25305657269978,52.49150287307857,212.49468874569754,224.4408751067756,79.04758266307627,80.41576626630797,0,940.8051992611117,7.23546729727076,4,1
21.961539163586508,47.06171224212396,57.0373946426532,120.45860029018067,14.239862383688424,37.74459869205696,0,874.1757398352245,1.5188851350489965,4,1
16.970004392005887,39.62369152818711,129.74219374746002,233.20186105592074,35.02880705457736,41.769019716334206,0,874.7395930106024,4.219265361587786,2,1
47.550313493449394,58.96280668789042,125.29792441862271,143.1269753717474,31.62593247041021,68.26373721436283,1,900.1013325496799,3.452129490632987,3,1
14.007404980990302,31.707371612751217,75.3216091024749,178.0928994912536,61.232946627899025,17.034757526747217,0,909.2910687901716,7.346084519886205,3,1
1.4153770641628338,21.525485652556995,36.754214594989364,126.56164968754427,92.7982005325457,66.21634909474265,1,890.8876992773388,4.505069731955933,0,1
29.19670295573316,41.142784396258904,66.5756280340169,96.9212665364485,88.46649179214734,92.23515325648478,0,967.485999952276,3.778703641088239,1,1
20.11349900077333,47.26071348821188,70.00989745544564,123.42416107671775,15.011795537971897,18.438785000319413,0,903.5188245267511,4.733941764299279,4,0
16.368516502366003,38.714345971697526,70.238076702807,93.55091819883992,56.319971644861475,32.769756557360296,0,921.5194460142611,5.720204609013706,3,1
29.732011551038802,43.69996756474296,98.70707426711364,140.29672587457657,8.533752052253423,11.231333992649837,0,979.3528050499588,0.35268788305655996,1,0
11.616785245050881,17.852284868050692,97.18749349431802,149.99681263090662,80.27858647756108,56.61909974268721,0,897.9288897094445,2.049430046012764,1,1
1.5212164571611588,14.666376299403,121.48131316193249,216.4859533970543,40.59822969398965,75.7864179920721,1,938.0672500147058,1.962230095456772,3,0
30.138003330932502,42.55787536277812,68.1413268040863,175.32303153052317,25.412154675531692,93.37583888131567,0,952.1177513173249,3.3830792355112216,2,0
9.503040927831133,20.893930459787384,59.83886214569083,133.02261287697024,50.98968253218485,43.12266447023082,0,899.8146629678087,4.65332411524068,0,0
7.052291390455672,11.09545077786826,28.80574668051974,80.01839862454548,46.334815666156906,23.387612247163837,0,876.3230237974414,7.335526354271525,2,0
1.641488479993729,50.31192454155419,118.65787045514831,219.41280083038112,94.59719345475577,12.617610912354571,1,957.0500599623427,4.569583760424452,3,1
28.416125326049997,75.4925780245995,121.0394465128376,188.42243357759577,8.15273771501306,39.25055937283687,1,901.7923865047799,1.533493430536505,4,1
0.7742599274600243,17.980115255484478,47.4057139905994,125.99290609220068,95.2484946486823,56.100503123977106,0,905.3388014528728,4.2542661056406015,2,1
38.187833416615675,61.12275608635524,70.52754447192626,181.0742374708626,27.265268164531246,91.06960626232237,0,915.6218086752291,3.4857360372719333,4,0
12.570692738792275,39.37851449372362,78.70621321317378,175.66044116722108,18.778055333924463,29.480637855720833,1,874.2954602822983,5.201307322377597,2,0
29.36082081878127,46.78158915290898,89.036040779196,167.27461443149127,75.47326171881164,80.31692112916744,1,963.6558140156257,5.13092860140002,1,1
22.44453085538829,46.59420963109492,53.47246675458852,141.92325222893965,54.64480828033665,53.28278634032755,0,964.9665950510672,5.31514139924695,2,0
53.38751773366418,82.971457932498,95.1142260399905,136.11457103235517,90.08650372794108,88.07815143376216,1,965.8499272599295,7.978604335852173,0,1
22.007998757392432,43.7396588277941,82.39386255934319,119.44988877250947,56.55052455001759,87.67586346900661,1,890.0882922792644,0.31808234152270026,4,1
37.24241005883328,70.56912505868686,171.47507644704774,360.80443118922665,53.01942308605363,87.19251333535806,0,977.3833190485004,6.121685407621211,5,0
10.424926423825633,21.487474955372157,94.55930604854674,130.12900427341646,24.58537846575057,46.12107024735881,0,942.7634412200724,6.853278453770997,1,0
3.536744101240437,22.51651828839103,52.55929011555096,163.8177260784879,95.22850980026057,41.15885087336572,0,935.2244973676803,2.0366089503356317,2,1
32.53636067294474,129.35676965014912,156.15609731360857,206.85895731649634,68.12657074206263,28.65597707838743,0,949.4492270639882,6.0834068299709445,4,1
3.418606328688674,42.2459817921217,62.25537783056852,156.82056328077482,62.149028529947245,30.558612267549428,1,953.155125637368,0.9293642610055983,2,1
28.198787529040526,50.30088574548974,68.69341403631445,79.48436437904577,80.05529609214858,65.46063389333615,0,915.7740131908109,4.386009307040808,1,1
6.285736741473162,14.774552470969844,43.049843063341086,64.94250178266964,14.620743755846286,96.57470605408886,1,934.2314788736552,2.6469214746466108,4,0
20.40240833995595,40.13231176524539,160.47291268222463,275.7980029414001,87.30927741444486,64.53629704545486,0,934.3658391412484,1.9011995382858318,5,1
54.042954795913374,91.10278573890162,117.75219818421601,133.98740609697242,52.54585752905078,47.10857344123603,1,870.8590834631083,5.212630157757678,1,0
26.68437626386561,58.6234687526589,93.24290727960923,134.6895788365532,81.2102405828449,31.817980549128137,1,871.0744040159373,3.2807308575863314,2,1
14.056032419358473,17.09257805662014,29.99934319846604,177.23683048657884,72.69992793020303,68.67725439000111,0,921.7774978646328,1.4118784257549755,2,1
22.821987644940734,27.035161665593556,77.9698796513218,185.233790069292,47.86969146072675,28.985084974542776,0,931.4317838432066,4.892109679569316,1,0
10.749642079424365,15.1786859519984,49.37238831305717,98.16628373800742,78.12243326858993,18.403845860498958,1,947.7943259231815,4.103809122405168,3,1
67.80680906669518,94.9232675425786,120.4043801492913,156.08774145294333,73.4656583847334,18.418599055366933,0,952.7986408271179,0.43370823567921013,2,1
8.887720332658857,13.38181242511808,29.061300751522502,190.18334176799507,5.35357887223615,86.54134341721532,0,934.4358839988154,6.5839961899008586,0,0
15.2969446852467,23.44682630389987,42.563238748864435,80.59854388519406,72.37850662870376,44.40300553239907,1,901.2833184029611,7.895322991092682,2,1
25.030412184149554,41.96151003651937,66.16743380952425,142.58252452115892,53.33492636427025,94.63060909220572,0,938.1240783717742,2.803846809432584,4,0
21.64613015899381,62.99501824210216,88.38441123857274,227.8253036900021,84.74973125188323,54.70676016294682,0,898.5780859262142,7.899652235359835,1,1
23.43846450910728,51.4903033571813,67.03980957408093,152.16340597035733,81.91622380736474,72.23554754456734,1,959.9332681513083,7.966986446068084,5,1
10.939739933846305,26.30479144017663,58.24899466529442,197.90483923016728,21.21160883190516,84.42565431829433,0,916.5647608470056,3.7685194858494326,2,0
13.598313556365982,47.58953876694602,87.56413224223249,134.975717482854,7.067073424696825,88.70402556978709,0,968.4451545389621,7.373332541907989,0,0
31.515671774034956,101.90080600355151,159.01999296286326,187.17775071433584,23.650915684821015,24.62945280036249,0,884.0730322145619,6.2800468980565265,2,1
30.455605790959424,50.320366696440175,147.66633165401174,244.72086647223634,75.40690076395745,29.500607566918497,0,947.6021345601217,6.692436786557233,3,1
22.022039574801152,27.898772065015194,34.60475431998746,164.71955408152027,87.7783819386377,23.508251129344753,0,917.2252302038414,1.0678112144615044,1,1
40.37628224647185,48.79395221877682,92.98851770829793,181.55400467550288,71.55453154511389,50.09955314768792,0,884.0116768940518,6.264534752081868,0,0
32.37780219383676,40.72223715399545,68.33441212319488,100.34501577028911,82.95583104974189,23.9531088628066,0,931.4917188294291,1.9686655214001794,1,1
29.825564226061545,39.98263114623302,44.8451752735009,284.4079126786386,60.78788325465473,68.57788375128021,1,893.3039185976107,6.005091325252453,6,1
3.345612303495336,17.854571551555104,39.01443171372825,62.36035140976723,53.119464290297536,42.65442400054036,0,902.1592308219701,1.9635945985874284,1,0
21.829635209712734,45.346585185546616,98.55201630486084,169.7479740746776,97.18458224255097,96.76643680532662,0,920.1843358534697,6.292986164493621,3,1
19.061437631165834,24.062125955607417,72.69516265054374,211.74824785431338,12.65606505828563,83.49284676052704,0,910.0796290877536,7.160700892509244,2,0
43.847381295187226,49.8603783914835,87.24221695756812,153.90850977674035,45.028655490400624,75.18521004743184,0,912.75868539178,4.063756008533928,3,1
14.630117002000265,44.02697118322877,63.52417055587074,161.55489607804847,31.41543710734213,71.9841410676757,0,913.673121269683,3.522522203279568,2,0
17.912372560755696,30.381340594221932,111.62965283533825,126.7818863143574,16.594842560378083,13.564469635061936,0,871.8670351428038,1.2509730422865273,0,1
6.206538971270912,15.382510237839298,29.364615538646184,124.91915932150579,62.5298147718263,17.53170357850858,1,910.4045854537341,1.9642704288916404,2,1
7.418844572192311,23.286876809752286,49.0393554484461,79.62343731093566,30.008785817241893,48.88998894571799,1,913.2855074523567,7.938501756067334,0,0
43.94050154687619,90.23756519195875,119.56158218179651,191.52971061307582,48.98163188777975,92.3230118046549,0,935.2009089336375,5.873369396600653,1,1
23.374268226009782,55.68193913921472,88.08526990651816,110.86943818770993,17.975917777843314,18.462536374817113,1,922.9009572878958,6.175829354673087,4,0
54.12282867269654,84.88672393780048,219.62479583548998,321.1251628076675,42.04871855067282,47.81255258150896,0,888.9796597212966,6.530662799167623,2,1
14.419880660267692,71.79889168727117,164.01824992234043,251.6621836273044,24.024210207084362,81.45234219422757,0,934.6703933248461,4.710761958290795,0,0
4.287378275319983,28.63339640327578,76.21757333051559,147.59436245509855,90.20902284767035,38.781352020656286,1,873.859132501218,3.5848027908941105,1,0
12.824172004362826,73.71280300274621,108.08239200572933,225.44745191996788,54.62763513103851,93.64441499246345,0,906.6600145855454,2.849892420573693,3,1
11.091075455107752,75.22553665974377,109.32204641449113,202.75081771089145,80.95664058121682,94.12298490694216,0,938.2125848112925,0.31539034065148147,5,1
27.339555226874502,32.50744306752077,88.3484606392318,110.50810181452633,51.14400157202222,15.127658698015987,0,938.6380903232399,6.496790977761853,2,0
26.576041701647412,30.35375082018694,101.72308324939152,217.0191878988893,9.026509540086504,65.47627335185149,1,889.8451819083973,6.932576899937123,4,1
24.208737968223446,32.05043400448079,45.75040758781796,140.12167583869217,70.98258817855783,23.10148936517435,0,907.3108307162751,2.8092677154176284,4,0
65.20504020594252,108.42436927278358,206.35616180378537,241.91820614054404,9.543226045389098,49.69096521652796,0,920.3467126309124,4.168665050530417,3,1
38.820338843878986,54.947778254562394,100.94356136762677,165.61803807036137,42.52884071611563,90.80239907482665,0,915.2571576419923,4.666376595973886,2,1
7.908395187455156,22.475113228926084,45.15205157526226,91.18636483825375,56.95923869260229,16.603035140711363,0,945.3952736916874,5.293966454729993,3,0
33.10475108827151,67.73923634460701,98.79768878145762,303.3242766778559,79.08368997169765,94.36245253829536,0,951.420697709576,5.23410263062852,2,1
17.03105533487807,28.97268186963933,76.66279823805348,104.41167138978321,90.36697782751764,99.50141995797419,0,874.4946959785034,1.6541020053946138,2,0
14.106749365657318,36.189896984674164,85.46098176542233,133.11580604567845,24.457309200741495,70.32210830651672,0,951.9794184704663,5.524679615672746,3,0
42.089536167124294,71.4762992655962,87.23795299987879,148.8714516931928,68.03935411186649,42.06444913207456,0,966.6355790333264,6.045034197908442,2,0
7.451857606896849,15.975555601813134,49.12114697344826,118.93715821450559,49.671728738272705,32.59113947990153,0,970.5296480494816,0.23640709223308512,2,0
31.61130262782718,38.42021507776511,78.30237566374399,127.12334387134766,77.9139923239731,48.93469201681955,0,876.1579947531878,4.9812829335437865,2,1
28.26244292929427,48.0420233742945,120.12435817357138,188.67416866109227,94.2851564714026,26.18439547409401,0,967.2087102700451,3.3920698207190694,2,1
7.32019587176823,29.064961250730168,106.23220063906517,194.97940352935615,55.6318758419605,11.805084768320768,0,888.0076304301581,7.092517456427928,3,1
3.2137544850858877,35.99303148317915,48.33961067422492,86.63622881648114,32.243246411739364,15.646476350635934,0,907.2180647397887,7.5554854423260585,0,0
15.612393125151433,23.26966035941295,58.88304981485193,107.75950456841147,80.85837373963594,69.72090417989585,1,911.9828283747523,4.711607879827755,3,1
35.728234569771445,46.16274719202629,67.92196831021923,245.64276886729064,55.039908649907645,11.867996381454125,0,902.8884814317311,3.256915571804504,1,1
21.768757536972796,85.481366824186,132.42399215373354,249.37018686836092,88.81644754949747,37.13155786593626,0,902.4185570184344,7.510745458962669,4,1
42.994186531118615,81.21970837216041,211.67608765476757,326.87638503038727,58.7769482464257,70.87504495466726,1,888.6354546964791,2.23141628708319,3,1
20.69848335040173,38.0422115675091,104.67728054020833,125.96905406456435,94.02668059255377,25.730009752621633,0,942.4917379465779,3.991154876755628,3,1
44.90955826778422,87.41614644721051,137.21265741138288,332.5642977130195,6.665978786222598,39.904931486788755,1,933.8496265483267,2.8896725227363182,5,1
10.121370238403705,17.806105014251315,77.18896590522851,137.23207341842402,75.20108878074112,12.82974411068233,0,937.4873355952955,1.3136783802243233,2,0
24.154111988998284,39.95215423598759,127.97592980955072,251.36960773646638,37.92110604249101,20.118024741790695,0,927.3491594009939,7.16495085699817,1,1
12.067099487318183,33.67314961541988,96.44619164313687,168.88110416731269,68.51893554121969,30.33327051652479,1,894.2919199213551,2.0788425040857255,4,1
15.23527557982141,29.621310426726303,43.88458927428702,58.68845336523278,94.52294302402251,21.35592049676464,0,934.4939564954685,6.383193974355701,3,1
17.865809864218335,32.66927447060939,135.3228059968822,185.9414176606822,67.12156183038675,52.48539483947963,1,941.909956884562,6.050204576833693,3,1
21.718319398794055,53.34324983097447,91.4810642610868,209.51815840460802,75.77361071798376,21.425272819231445,0,875.7115689726525,5.368017238469165,3,1
8.953031387285233,47.550012420035586,93.22538761892388,213.3944196305719,20.014792810440323,37.46638294700489,0,978.6513487458606,0.9610020169408975,0,0
23.3337478906631,36.49514927819461,113.60378412098635,188.02445711497023,21.199214451481364,75.12114832250914,0,933.776361228713,3.265074715483734,1,0
17.191796542224225,22.659186083934777,149.13181890667605,176.0892955438304,59.475506712421286,68.84674655478713,0,940.216565956623,7.422221583693876,1,1
4.551418105645398,8.910638521435184,34.58819099879276,160.17161782659758,45.90742495667385,44.46991740773272,1,932.6649941189416,2.990746393554909,3,0
2.677267257079179,4.872231442903651,79.26260064424137,117.51682548824238,15.55930167780464,93.79792515926846,0,945.9791768331404,0.2605236933060606,3,0
35.818527218047954,92.55428289581263,117.0514668548843,189.06255048128895,74.1918582030366,80.85002940830074,0,942.2528914557582,5.83195898106317,5,1
14.652047854707499,46.3710105427045,89.49836840194145,181.77779306687233,71.40087763194421,64.64589018911076,0,957.9068110140831,5.531998588356697,0,1
4.045007158887181,30.980367963871966,41.484434653055835,139.54007129734984,13.699699077379456,49.31008318840508,0,887.7701258830833,4.683179950908423,2,0
49.81299465994592,61.581023427900206,86.18473531836727,176.3729231882516,9.622394763425639,15.403256117712623,0,888.009551762621,2.9666380939623656,3,1
25.04802747880305,36.7582138225176,78.40231024309367,112.32853958214656,40.98726559223779,47.15674590938314,0,894.1537326799535,2.650191001014922,4,0
21.29939982103273,60.77504777717788,112.40005344902286,159.78927223183294,65.12874819623835,59.07396253930243,0,975.9798506132197,1.913363464209272,3,1
8.248296247693716,12.046005992861451,61.714417147225035,94.91453011018316,89.88891421425623,99.19157628965026,0,909.2739107796399,4.774808910611854,3,1
4.482513803097464,18.120996881850925,86.41507064201865,189.39853752883118,46.27802944616231,95.64456762316561,1,904.7791988686615,7.969536441893253,3,1
19.082335285128927,62.531456648469096,89.92358603766385,184.05023963592654,12.989783776994992,20.09904219729879,0,895.2240156643985,6.28906265196292,1,1
16.375513078031446,29.99397527855301,63.46515355286397,100.95561456947382,84.84427520769205,98.13395274254775,0,922.9545992752523,5.273236933266043,0,0
6.306412320695996,36.88035043077281,71.5278430500982,184.3075053666697,16.865486257755578,77.91558668708105,0,969.5847891630689,4.599071448456589,4,0
6.09085470341258,23.98559965246605,52.899005183056374,165.27398166606417,65.55217257469073,71.37420910096503,0,944.159688020458,5.672098228755769,3,1
5.791698012626028,6.466238586392714,24.542371730894942,160.94991374273866,44.2780723908615,91.32048697857414,0,890.6537138655533,4.065132560847655,1,0
5.5936731299506395,22.899483575223456,61.2202196471236,153.2486162839188,91.40916268996713,39.25499297162,0,962.1087573945847,6.794678912091477,2,1
9.833595048547766,29.918772711634162,91.08086699739391,186.91741802742817,71.96653651723354,45.93725411469069,0,974.005518033799,4.696799719034858,0,1
21.304666770945676,37.56675729484557,82.6065893422505,132.47808096269839,5.013546624637684,88.38522563754634,0,948.4359496231964,2.0548828073887524,6,0
23.969763364878855,30.464317237826926,56.785299398312446,115.32890574191374,40.41238416800131,19.35921706569232,0,935.2985974485044,4.550075703241,1,0
16.115993084551828,32.52371134885595,71.37002511320408,199.71409994216918,22.129362393504216,73.82438624978619,1,943.8948622642515,2.038723470649166,4,0
18.434303085633104,20.818400871958673,45.95086736514454,88.57236871911148,31.935492650121837,82.88399714433743,1,950.9574529802483,4.331782424257557,2,0
24.791701334250074,38.292526830969976,90.79027199904775,125.88269764758127,42.900797363713714,89.65566577394851,0,964.5342031901973,6.456353826710331,3,0
1.8926688535113456,34.230332209815245,96.71762377536493,193.18015566168867,56.43158461382072,29.725551219032734,0,942.4537742609926,5.847717672763654,3,0
19.531591589059826,74.17559706568477,137.64323328973194,150.2784945560326,80.84626004695295,71.13218420870018,0,928.4623212391382,2.2358032133115344,3,1
39.9908197256734,88.62281519609292,119.64627265646538,160.47836193322283,13.21068232950271,17.714616902905405,0,890.0694817791822,5.861420200903479,1,1
14.351015322934984,21.844582836511044,47.3802469764581,187.04812929493661,46.90481990076486,87.48660984237644,0,911.1647911442994,1.0779264837354987,2,0
34.835140120970806,39.4078292608229,107.70202497529579,264.7516079333167,85.81823074640302,53.36194358608302,1,879.305319779504,5.1982350755055,3,1
14.562316466772138,36.17326917447101,65.50173285791607,185.87805516817482,46.05712249101065,66.17484855382179,0,950.1379875686572,2.5874820840719273,4,0
25.973337375797257,45.066497457458155,83.47907812840177,153.3514839965377,54.3330255305145,86.62378662558903,0,979.1522001408588,4.975463236771827,2,0
20.988468253648392,49.96084089195061,94.682246239465,129.94995875526064,78.96756646265757,55.54213655343369,0,880.5561902451988,6.912640043273561,3,1
5.698132362482054,16.631288972668294,52.87017072772198,75.08369724553548,72.72497023510667,55.77926714128584,0,918.4215414577669,1.1567403629589457,0,1
7.095480137311848,26.645177803568732,84.15625541167235,136.6824239775175,53.44978523155278,51.81905100517058,0,947.0083743456277,5.60217600260394,4,0
44.90777203649693,63.65250379307343,75.25596270778692,97.8023190112222,96.87384178209244,64.06238112581505,0,873.2914097524338,5.498233794672517,5,1
30.031579945832533,43.92349597182077,93.24292507611082,283.7752889067006,8.440287388688803,74.55909203267908,0,918.3528638875275,6.079706365140227,0,0
15.348051702815077,18.84421097060933,38.94789864813083,89.59785675317485,10.17847451413702,82.46514116729921,0,957.4254615462462,7.7574524414844275,3,0
13.79430311481148,45.79426191209741,72.83847010455449,127.87625194134583,45.59943609867198,12.682314000191361,1,902.2528876294034,3.9153766826795264,2,1
8.29885204831739,30.022632422669805,71.01712863964825,179.32406765964996,19.995685172279288,41.32695425903974,1,942.5672331921241,1.1768342955777382,3,1
22.311841421906383,55.91340903593937,65.0600494162723,84.40987510850728,25.56829352615578,48.92747715424485,0,936.8074865969152,5.597978964011124,1,0
8.955322458267684,48.407786692451126,80.64296660020617,136.7371497559812,19.257840748413564,18.88240561525253,0,947.0033949003194,4.407922264312139,2,0
12.3796968065461,29.864322424278154,58.3060814931291,124.36474413533261,70.77504991250237,77.6459190595283,0,896.4173481787979,6.5140193084355555,1,1
9.799417631616926,41.94445179592722,75.43759695706908,98.52561830776665,45.02050821415295,57.058814604848266,0,888.5167664305404,6.364586984857767,1,1
28.743087766957526,84.25715166417078,111.57594993008438,144.97513683357442,84.24659965355683,10.169450411224295,0,871.86021612405,5.891653126527405,8,1
14.854241352093748,82.6677673268312,121.25500470776232,164.480570504068,28.786507370708133,66.82347489272665,0,922.8384291272263,3.2366511278384347,2,0
18.53913042149189,42.29739004430188,66.75724434518294,190.0022146419342,64.22550805382595,40.51197972918853,1,890.5521987959854,3.857978676603142,1,1
5.812483187524622,30.975256314348925,66.2557015158679,220.38186085969295,25.276973715015753,75.41689107822826,0,941.632790040921,7.336794611024346,3,0
9.741164316612526,33.2000668091714,74.12898399070026,162.87096387914252,6.375996993415001,26.17256247809889,0,930.4095795289418,3.5441766656541156,3,0
18.847611970094967,47.081947233237656,116.9649262542649,179.72898062655568,70.44724626817167,10.108854725076213,1,961.7085903790294,4.734151212848566,4,1
3.426691602711438,41.69043386224623,121.43843319264695,261.35337674127265,18.824393487813545,17.81415281555667,0,958.213095226974,5.499766629871736,3,0
13.985494833110966,37.0756139527848,49.54695779620427,162.74275083805506,70.91201225414972,49.636006843688435,0,909.7332840522723,1.0143142385126458,0,0
16.50018530635358,81.71057305776654,155.06056157112874,380.71941486750745,70.6137861089187,77.32087703874876,1,902.5894690615586,6.178375822911038,4,1
5.10422595101936,64.20829875897995,82.19491138971458,98.76397060622955,68.47368135231696,64.35226314754782,0,879.0389641046313,0.2181103412972726,3,0
33.78851658893711,53.832896209947336,89.31648179592742,156.89959333709768,61.236177941619786,11.346994046122001,0,953.2009291235746,7.858387200536735,2,1
21.540255748070095,41.49081093286164,51.21825501076937,96.16435151770159,89.06761605783818,63.244746314346905,0,924.5825076503411,4.5903620603196735,2,1
14.768139464026863,27.800872639265826,33.64644209647229,52.8021803412943,12.185482849225933,53.39561704642635,0,906.9926828986651,1.4276607560530872,3,1
9.138068513371563,38.491164470288936,164.17615927617896,232.23997906494677,93.52280520368407,81.68905202914746,0,947.3916499303045,6.295110345648839,3,1
3.2768564573062693,18.19845191693163,54.34488189957017,266.227094340093,11.267088593226745,33.09994849763477,0,900.1515374384354,6.7717426102895155,2,0
32.040805844170414,44.56497233693402,75.38545092429861,104.43127031636627,52.055719466453155,74.70381747532886,0,922.5836441113858,1.7176836757875007,6,0
11.45039493006543,40.33937379064667,84.53733048680152,360.70980144963727,92.70713314866178,66.85990781933293,1,917.9558084740963,0.42591560632212966,2,1
4.286593622594448,11.38757632377202,42.727378284424574,157.5964274502938,30.548281713241234,66.06920127568654,0,899.7253613753123,4.243511100824957,7,0
8.910731496622935,47.641681238480345,109.64206589149478,252.99899122108218,84.60093336242285,46.499989557595576,1,956.9484234785374,5.160475632832974,1,1
23.218136813911645,52.95522924300808,95.49802223507741,238.2100408520986,61.352968405467635,11.156347821007635,0,947.8069784142313,1.4292777242375494,5,1
19.940654397538783,76.97499751736711,132.60672539956192,221.6705695633917,86.81264559656104,26.88780626097484,0,927.148619544404,4.536688494322938,5,1
6.334194552111612,30.415236368173645,50.67961546252305,100.9211273563965,9.613899924602471,85.98245677561903,1,946.0370031441802,4.2584882562544335,5,0
35.983162575648905,69.09623361666553,80.08274736167218,102.5049094289665,57.81442825281895,65.51597897998712,0,879.8338661258549,6.922431194596821,2,0
4.225309968749063,40.46014132276884,107.02670373099178,136.39948226204584,22.92185181424156,62.032669015086924,0,917.2812200500605,6.545062287348605,2,1
41.06691073488647,87.07770699951506,132.55552739299512,229.25301764725293,6.716511837756368,57.31219892774529,0,936.0166760819003,1.1424580174596901,1,0
19.316729590920268,41.42790967658442,55.71552780108768,107.44343190215525,70.45066246448212,16.923836913766,0,913.3199430244326,5.685450638949254,2,1
12.186609305362587,25.134864085874288,39.62286467920287,71.80717825103517,76.21997971108219,41.29023774706946,0,948.553620138829,4.072651446921503,4,0
13.616228175791889,38.118107387696824,77.27998124150686,156.86066601811282,74.94813685652467,65.72348354441252,0,927.4439120202012,3.7834394923258334,6,1
17.702103423624227,56.40164989906479,109.2268160395409,194.90269687230733,74.06265494169651,21.29950822687355,0,912.1170599129384,1.3824520289865743,1,1
24.52352742116087,66.8479678157864,84.73083516630729,193.34918943758476,80.99447354434186,92.8894694618006,0,915.6884635646851,6.00638843431606,2,1
2.6417009291760225,6.176592660365105,96.90278866662759,134.45034937756947,49.6110275236294,16.53832303989207,0,948.7867865683678,6.96008952892044,2,1
8.652920076555219,115.55899636023777,172.9258296556328,235.52765008171806,38.019711466424766,71.18074346891387,0,877.2388988603548,1.7235183890857864,1,1
17.27497534264327,29.85649540269017,99.44725577996907,137.81208662810113,78.24149614867612,37.11177864458992,0,962.19675725944,0.3323070468960861,2,1
36.91444490196367,70.43630492060433,108.91640336374641,134.5313614753062,68.31375493918856,87.73071533032007,0,876.3093531538888,4.912283605115253,2,1
35.96941567347193,85.57557076524938,121.86839690773114,250.55925856684132,24.000604795796637,84.41533112900191,0,884.5941539497295,7.852129654343664,2,0
46.78529327443933,65.41310702458868,78.65126349144597,201.9332869415233,46.35285336656292,39.98902006600084,1,959.1231906281967,5.462633752276999,2,0
34.81328735671806,78.30047766665328,98.70520940710178,115.82593076007508,22.306402678000936,51.59019548710258,1,911.1905955332105,2.096366643993665,2,1
8.077573407641035,11.576029994329474,44.790506627761935,115.08616709993157,78.99582076218097,96.32002583975867,1,920.5367890964321,6.994588068903756,3,0
16.44767467445751,61.04491652140667,107.31767941846985,247.73531121706245,28.477440080971302,64.71115267189583,1,911.0033848840327,4.350695923121694,1,1
34.95422176990148,75.83824655017469,116.72098139005652,227.74386957784137,64.15608307867217,10.540209721288207,0,880.2351016907431,4.127094963547185,3,1
32.66463492331142,59.48822534727766,66.3786404995131,100.87926282727315,74.859900170691,79.95170270262199,0,936.941361499087,0.5525054483792499,2,1
14.17184986676859,52.957975391311884,70.05661318918402,220.18840829687807,99.20238179726616,42.51825789946722,1,945.7977824872792,0.579296206923464,6,1
24.041044526064542,84.23523426301658,126.92208121397158,267.44343691495715,46.14854250285045,34.82566621648742,0,890.8927131047027,4.6764782718757845,1,1
11.3968681679609,62.075162114406496,109.12902977538857,192.91282272328104,87.88374877785752,84.89268147365736,0,952.7310417107216,6.472886823758657,2,1
3.8718900787663673,23.373208467335743,50.348212019540014,106.74194521682924,68.11362312436185,97.07744501724461,0,880.9782613680983,6.05003245532932,2,0
15.175055452774897,39.501721771586226,93.6963119821853,127.81545699665676,5.802596244013695,15.5836067461725,0,955.2300956375692,7.532042526042717,1,0
14.464994676669766,31.42829651486106,85.09877758298566,152.81480035958248,42.17151353758843,45.13206022915339,0,947.1469694532968,4.071818303785822,2,0
10.944641149063077,26.18988127743191,146.67013435857575,310.22978455504983,42.441220261532266,35.17436149296081,1,970.3328222706537,5.003707705433524,1,1
24.59319705372369,60.67758299107719,97.13825388876977,132.2733749842419,16.36438925356256,90.79785381382364,0,959.4847334579508,5.054795362327803,5,0
13.796720511090792,30.610878420792716,56.847466999920314,229.3779845133978,46.52354636746089,88.0925467122719,0,962.8945072242849,3.103548856170099,3,0
22.201706648552868,58.22754009997868,76.19808679697059,183.84581430184033,16.063663149375863,91.10054214572288,0,975.3477594002239,0.1224238166940272,4,0
28.378212917924856,46.98878618140485,58.81663679212747,126.49570030036107,84.36152646553302,13.83936636411173,0,962.8767208699321,6.727312682744994,3,0
70.37547879972928,91.1921800532917,143.39817031836117,284.6936577827005,39.38023511315153,14.509877132067372,0,957.6047624705739,0.6300257123212384,2,1
15.376126038871023,25.15514023411582,73.6291267454121,139.95374923425564,22.39656459297143,59.626034622203264,0,891.5738838432084,7.678187161452717,6,1
37.26395200097815,72.62715932493299,85.77250486911501,145.2382440738684,62.17317578595572,25.02113453376969,0,953.0581670250925,6.766445861628587,1,1
19.728501476127313,22.982976168355595,75.41705931804954,200.62415801894983,86.47030166508789,20.139271944863225,1,939.5977106548505,0.9198933303461049,1,1
20.578128955691465,66.34044684011035,106.2504901462853,110.10927491344394,93.81811792518202,33.43225193688936,0,975.7719663296679,1.0640253838906335,2,1
15.539934568279104,97.944968585919,127.0759617758342,196.70376721427016,89.9571433453968,73.846054433032,0,949.2037356033587,5.923232498938958,1,1
18.472671876106915,39.85114857144071,46.19855856638527,112.65652356189366,88.79499799008828,70.44886671585397,0,898.5534534591687,4.394966090452009,3,1
13.89971892123312,34.55129415842363,82.7072007958537,126.87391042271871,38.06489146731073,80.6672911468131,0,888.0539452512458,5.226405351710356,1,0
32.963005834097224,37.624582225546675,136.21393423580815,194.83550683528927,53.01503658879501,15.64775019609558,0,900.9493609502352,2.3906365975609596,4,1
8.941058663014209,22.206923478468113,42.02997020393156,227.4027685279728,40.27433587833745,78.97719430159934,0,922.8154559150612,7.081163016942607,2,0
3.830260796316084,42.9118878086625,82.87036900226349,90.49520244486068,92.61485522877699,54.1555769560537,0,941.7759008343951,4.389479750514121,3,1
10.643061438649521,53.66124146097263,104.36949630994695,138.70328438618736,13.818486659826746,38.16956921516153,1,893.6601413332606,4.567206409445928,3,0
9.698897735767728,33.19915973406843,36.983304429772964,76.31395829289895,57.660369092072635,64.92561535100256,0,895.610251234795,7.925605587704609,2,0
10.638228939330396,48.11207064193198,65.49238418908345,128.38935177097576,28.45604924864552,81.9577124563329,0,903.2051223206298,6.195225156911957,5,0
14.907089880775654,24.866089651251283,35.13261150628905,91.14501570422661,85.78555351760872,19.348747533650112,0,958.8011193285831,5.541578493009807,2,1
10.67180778228138,38.38828151854198,136.60648089687888,213.62957855285134,37.22574125140963,82.65631845685999,0,910.19623267835,6.946518659952226,1,1
14.741666602896304,68.71247864594156,72.27186375244997,83.87928094288682,87.0500011083445,61.249589527216365,1,878.6218862863376,7.928488298974905,1,1
10.699970154358953,42.442943701834494,71.47996134859132,147.71605609149742,93.16407676080956,65.80486253978401,0,929.9538763936835,6.519024970849965,1,1
22.543197283670324,82.11058542922352,125.17902013047463,309.67246196703707,21.336926482380363,89.1056945703645,0,870.6543786866414,6.4704703059321185,2,1
69.95993586671047,130.75996588381116,150.45545001017425,220.03229724779928,76.65400525069961,73.89888323327725,1,944.1074430925781,1.611589991096427,5,1
19.43620373600935,48.475895934884335,52.912086203344145,110.31176300997562,38.247934648018386,62.517174776865154,0,962.6283000034502,6.999420956714696,2,1
11.073905888025346,11.243683038172376,41.162688838596296,105.18745109061203,43.311236202843865,40.24203852426574,0,888.3020231088689,7.061583354439017,4,0
1.0634035418892727,43.45808526311969,62.89993321852354,115.06136413440585,31.066221292314005,55.927914538892324,0,962.9059856214916,4.816714999860875,2,0
55.28009545960664,61.710414785605536,108.02617204228889,215.62375763132107,63.58333226705414,85.29099297041084,0,944.6926026304147,5.239958983927396,2,1
20.250803250238757,21.072884737493364,79.0180206277636,163.48486320300265,37.600877080481546,99.60465024315836,1,880.8408078688566,5.027800808108375,0,1
14.63837421409311,17.349979075956085,30.58031948515003,111.28395987868667,75.35850456836356,78.05369038609388,1,895.0683724270718,4.405097020655074,6,1
1.1690364633182841,45.65664990159994,66.71188276841379,207.99212953900815,78.95674250265847,81.11463085302199,1,895.0072947922941,1.5487248774272184,0,0
15.247943272992256,44.459193286185254,66.34883197204206,174.66628463583686,42.537566689317295,72.94762458979747,1,892.6306343561133,5.295850105448268,3,1
18.355027667379055,42.341608650119774,99.73557039282197,107.37261382403543,5.450682768714243,79.02554407512886,0,906.8005605620385,3.0973083150684317,1,0
10.73316363176218,42.00980775256372,78.95170082529982,130.31430541204296,11.277725859017515,31.886168740723857,0,969.8440702062024,4.338369683482331,4,0
4.67133091063783,7.607169154340563,21.297100717684437,45.816222831077795,31.012161359691408,48.14496757696852,0,894.6554847632283,7.218784172354074,1,0
4.35104829519895,21.25373116962119,90.78085846954433,129.1074543965425,95.61795178812889,60.03963858390924,1,971.9371744908976,0.9624908223519952,1,1
55.85745607654873,67.3884401444101,87.03771453039019,131.79193150066325,42.41188640037711,59.45177173035986,0,930.462419668194,7.648094514760936,0,0
17.9587506789512,40.55143449256184,64.48074308338526,101.83547938903064,75.70235141419168,63.754101296231326,0,926.8739910844117,4.588730944123213,1,1
10.7250191963443,33.938799517066585,50.43428637175006,161.82553337860026,93.92740233791365,97.61813136367684,0,944.1158871270104,7.60359378841608,1,1
17.155797980018047,47.472401709883,86.39237096619264,186.52396374523852,37.459482204097036,86.9743482329297,0,958.6244527358783,1.6851232030948835,1,0
16.271781025626563,49.977533755176964,76.93646023080423,128.1410523559889,58.32254545193903,84.50498726257956,1,975.3399662308161,0.5288782225354745,4,1
4.121631956259192,7.2471410727318695,90.14275755487581,187.8855943229014,85.9704608898585,84.73331297134744,1,870.2958579564117,5.005984366549092,1,1
31.48237225551655,48.573662349999296,85.86455779286996,175.66942553179837,63.40579875922346,81.3999881828092,0,913.7944515889986,4.262214651889394,5,1
14.337332524121447,34.649038505921055,51.9768991414814,125.40328047355577,15.660957809728304,71.1283158764715,0,889.6933817414687,5.905605979785728,1,0
18.14592034015844,24.389961844998478,58.894404822646436,120.24805300564823,78.10980784565339,33.088826551435275,1,886.6925015087922,4.851458640082459,5,1
43.94050230583453,49.528374258512265,139.97347796260345,258.6418437493559,90.8887923942465,87.01899290699525,0,886.1728156416867,4.16286630672852,4,1
4.819835967421786,9.602697487909381,21.97021772672366,88.37328166593676,78.03370153092136,35.17577491353174,0,948.0754511802866,7.230107107859354,1,1
8.532877366176756,45.84736971605175,93.97143358533751,173.10093592395057,76.49118392147948,75.23997194987284,1,875.6254990660937,2.654925693927973,1,1
21.05519383409977,24.859213766996035,31.300470229286134,106.92840927489016,76.79115055203907,19.988534137795128,0,962.0397191221223,2.2452082961197948,2,0
31.05489077596188,35.647083228438156,114.84569476356276,160.81586234356942,63.191193345832474,59.25506433151695,0,952.7823774419642,6.451536427356871,2,1
9.885058383662736,31.763827771035558,56.16632298806206,100.32925792909114,28.54194349424525,38.69205272068041,0,915.0197395364435,2.8779307429182306,2,0
10.378873112353936,38.01069220044474,54.94599999801291,113.5186575435815,91.52968092481204,73.4011521026168,0,916.8005667856668,4.548301016997992,5,0
26.173666173905122,45.98971095717067,132.94136560971478,243.09446029715536,17.246192689782475,86.97581072541759,0,944.6198653335379,4.950982570885139,1,0
66.42784005115846,73.98445324578536,106.87628471747348,169.66727833746052,83.59309590726971,11.397444907791547,0,871.184833805193,2.4262727921941485,3,1
17.592403383589627,23.311780572657558,57.113770305699404,71.31495088901501,39.14055710623466,20.288972486452487,0,912.5847295440509,2.910402719462182,4,0
8.508493883306885,29.918017087917214,54.59936112220129,138.82439916125406,69.0129085759481,93.29651415601178,0,889.8149717820058,0.4215300586987455,1,0
6.405166873931801,24.52907059679229,50.03034999351621,97.4964071701719,81.48422553814471,31.53438965905652,1,889.8856158974778,2.3083361762523293,8,1
14.872494895329089,29.446377854932358,35.21059453077798,72.2666151741552,80.86595744231053,75.77104723706817,0,930.5649165862968,2.676129071728929,0,0
30.073739413482926,66.22547785932544,113.86895159909938,217.55792858619117,20.308548082990473,83.12920349845574,0,897.0521499259942,0.23277226086951538,4,0
85.61285170883389,102.79294310974159,113.12345543305719,216.3533226388128,63.03721785723693,76.64952977773517,0,911.2702158831463,6.603000049686823,2,1
12.9655688290888,18.165558204729955,81.59228025665536,155.43273613937788,25.383451610976444,12.889659462132713,0,948.9047347810937,7.094259099020638,3,0
17.613806054059257,32.26118969687923,46.685160151510004,102.41874553484261,15.649906927652376,76.18812766130966,0,938.2739312370584,1.5005074322782916,2,0
49.81939905004418,79.78837962690629,115.83583973773094,164.70973777723225,53.78832452354868,96.54141159905696,0,906.3025043581531,4.882974804679958,3,1
20.801207041536177,37.143359783981396,58.77774676422909,83.54919835857058,98.81506985778131,43.19138537413946,0,875.4562960465227,3.591533917376359,6,1
19.536981733192636,49.11789577546611,73.79454543030447,81.5614377091428,98.25807383060996,73.92296057799587,0,872.9332892910144,1.1097571327652918,2,1
43.5710296426778,77.52175764210095,105.90732656784012,157.23507431104335,59.47311223638583,34.88227337606793,1,923.6300714694894,0.2972112764475519,3,0
17.92939078534041,35.15718750997743,77.88806607520472,130.00935832855546,78.35654557160329,99.77098241039681,0,916.3684146109537,5.342045615494901,2,0
6.921661129446233,26.664081099607362,112.02440909498874,147.1758627997127,28.71940682100417,28.750603599336095,0,957.6090565340371,0.7295440595208479,3,0
37.740432007180175,53.239814964102315,77.45974564417038,218.35290939103953,26.314407612382727,37.50093816887189,0,879.0227597561632,7.139076868271116,3,0
3.4046367098588344,33.46672412323883,38.19158291697137,84.45331855447131,72.11969854663619,25.111502918130256,0,963.4921314594646,6.33829515925565,4,1
33.51493153334235,48.61560565012646,122.4051771404292,195.66270943607674,79.6699563118155,95.9659547018563,0,893.3785553093717,5.821900073676867,1,0
16.56482794152019,44.50085668214727,97.0897682722894,180.39405241655095,75.47452676190353,61.42837394695138,0,908.5804343122193,6.7578170785596,2,1
13.077538348610094,36.58525447137239,50.535579941181126,141.28839104503822,14.928217553309928,32.22864640997302,0,964.5921211861265,0.9422837308783902,1,0
12.805607760492903,15.494303743108086,27.37914880283051,69.53182194613468,38.84589252727846,22.105509918529826,0,962.1420049088184,5.052529245717224,0,0
14.827213538065983,43.90418757125457,87.97420467753915,142.67257335659684,9.197115763764034,88.73261337808384,0,926.6395219588544,1.7305063426792857,2,1
11.576660007653988,33.450537850166214,72.39441415391869,140.92902903220113,79.68541513111646,15.639362693798375,1,878.9831983665817,4.206111611489956,1,1
23.056134167408963,70.08138151761958,169.1230734370042,211.46184701239594,34.6159046316759,67.89367142806138,0,934.9525336714712,2.93254926454638,6,1
11.917774055084784,18.46810029620223,66.4327913893698,199.18644382402528,45.82480739905152,64.91158425492642,0,953.7918160673153,1.0668782279167304,3,0
16.659398170944957,40.45962267384179,61.028244086514604,295.1703395115096,59.994392704335176,79.46154617067593,1,898.8542972977087,5.902824918462393,3,1
1.9651210389909064,15.318064577813866,32.33311221804883,114.1278359967898,5.05248841614974,71.3661600418925,0,890.1367949569886,2.484780129765829,1,0
16.57495719070943,19.67393686837569,54.88850305533685,136.16869673929116,38.64141996083808,85.28276529615245,0,924.6746243044032,1.0709410013945992,6,0
11.384189559591595,13.420924979622452,19.49928827812074,146.4700929694327,74.09189556077648,13.422827704322957,0,952.4236407824466,7.047378557690793,2,1
31.839096388792832,85.48008078589592,94.03015391815752,204.59928010528756,32.176202041933095,48.72622034777508,1,925.5377877040793,1.163611942120549,3,1
13.521066672089379,37.37990184289782,49.914707982203566,116.51258198867058,59.19535625031998,17.286948854955728,0,896.3411834304292,1.7227905373551307,4,0
28.700462204520075,45.45958028522384,65.61655926036954,242.80331169682086,97.83128022137056,46.469558553530064,0,965.5808050935522,0.28734220231652585,1,1
26.449556121905147,30.69311716412236,63.205281926412525,107.03655200577185,16.224847587188197,60.47431742569728,0,965.9207467447461,4.196728820428938,1,0
26.966403981082085,78.44841650875762,128.57029624062127,232.89899046200614,30.48289099923308,63.43973797399631,0,942.41648650805,6.619961964211577,3,1
13.910757862729334,24.406396089317234,101.04812819861783,155.43063854124432,69.97681905211931,93.22914604813329,0,878.1718754938657,6.8246859271039915,2,1
17.41886817415876,42.13378196112255,109.45032815323302,197.45969788446646,61.84586407365528,92.95499035837416,0,895.5337336075323,5.975875750319133,2,1
22.612810106975406,43.82898822089861,104.4093983620239,155.09598071220185,97.91032139996435,37.88079373226345,0,938.0530611884235,3.8236374126845654,1,1
17.828249604397083,86.2020252430077,110.15393584842079,283.8586561608816,8.28725245735306,72.91618501689987,0,955.9433598226683,7.126673175878905,1,0
13.544916229381801,32.911938597139894,50.31379982099884,181.13510881019536,88.40944307965358,74.14366442506875,0,922.168673806438,6.160344137576061,3,1
7.533311255283457,20.174986008673923,63.62830976838566,148.78354197102135,51.41178008765905,96.14367895138469,0,903.4448518690256,7.124997079074417,4,1
16.80889168850452,40.94162557916532,86.30672583375656,198.0072376473414,26.555405304838402,17.554079313490803,1,967.2973946115549,1.9917860045159808,3,1
3.846248960337974,29.977189866955417,43.67268860976894,78.95713035887917,52.81960580545616,65.5436403657971,0,911.9465189255205,4.850159466747365,0,1
1.7733766841831629,102.5773254660217,130.861833084293,152.2644794675786,44.15863911230644,46.653721222274925,0,970.7864330021583,0.270483590736754,3,0
5.996863450399098,25.10617040482013,41.3722362736774,84.03236604240172,22.036802820759398,41.25954084289041,0,928.5575067609715,4.219743799631217,2,0
26.746089573215023,33.072323552076014,41.310926901456256,212.03750711275438,25.842594860065844,65.57447027679797,0,937.5706879802832,7.027393756188324,2,0
19.834358578716717,34.41201970062197,75.62872489683963,126.1828864954104,32.3734500506763,35.158328834864555,0,883.7452841023538,5.933895481719308,1,0
26.936521980307706,51.028438100378715,110.8265549784519,226.99414240254904,57.458890465923325,13.22799172173482,1,899.4343235444752,6.231749001822229,1,1
9.234708772586192,36.71730575256153,129.9957411709443,187.7962167238004,12.894439350126502,80.0013391132823,0,977.2153515436768,2.605011129667643,2,1
34.098877114299555,37.901239932509434,67.80033545016134,128.0552663702199,13.440317262800624,17.811782960588197,0,949.0534303820019,3.2454173886428492,1,0
4.354867884047316,17.496440499774998,24.264659774333097,75.32395489832467,36.51588474762657,39.53784327947606,0,922.4782068204827,7.89143515808547,3,0
6.219626972873787,71.92386338829215,175.8173102522857,224.49344845358087,72.1926345663785,63.54333126516545,1,927.3569825081381,2.2114772479118443,1,1
33.69178643403939,42.37684263250981,152.17069255777756,263.1861162813248,97.93898581649022,66.13623384897612,0,879.6574736828948,0.781293903795436,5,1
18.78005634204536,55.5344729480053,229.72819572796516,278.94546560564885,6.140311574402613,69.96385672082911,0,956.1663061756417,3.173219340936161,1,0
27.050642897512496,42.047401358191685,173.40342465575816,221.67480081734365,97.37236120539984,99.50531830199415,0,877.8502654502454,6.161174495613717,3,1
19.896588176580348,39.90394753621431,79.43776220485736,146.55190676471352,70.1739445925068,46.12484061702403,0,912.5691616823822,4.23653499377597,3,1
10.41499278800198,14.798658184461258,48.400187985869415,103.18183144827402,90.59365542331408,22.374498789621697,0,915.1717524240802,0.44531323192414696,5,1
5.513712846509921,21.744609374425085,77.44512386646839,114.96801625076299,55.952144001629655,22.41541658233005,0,936.3393500318285,5.351322148893543,2,1
2.452049910131998,26.320003811399786,36.15186430375006,139.62834033633794,48.97923330952032,55.92237706841475,0,915.708622098946,5.911287440603153,3,1
52.62500313951087,71.92513755557678,91.20482118572698,168.62734254707848,79.59017041386844,44.53655116098537,1,975.6784265146352,4.861928880309848,2,1
3.2543363061487462,20.328630715856786,50.53879735715957,97.56742126934829,57.355534056764796,92.18473168514993,0,957.769313715224,1.4535755986228618,1,0
42.59237178554497,72.76484175910193,141.72434185490124,179.32954467689783,90.24972205152748,55.983862260602756,0,975.5258177666632,1.6093331478875907,1,1
18.010952161700704,23.710760553070656,94.69171473974156,223.22788202041835,89.84100580020537,50.67586551645133,0,927.0608207952571,3.3179577239010243,4,1
20.35282089379664,45.071126549401825,76.54064671923402,103.46847786680472,55.39327066253049,87.61212759901127,1,903.2458387923232,2.9298345911980954,2,1
19.379073359321172,21.193609842675972,31.987361446127114,127.11174726642942,59.50764091606613,81.6497508657368,0,977.9441296852792,0.9048622634393759,1,0
24.703148656708983,68.83550095779094,127.94488361616877,141.6676868024221,48.34616035036043,74.2491030373367,0,878.9346202897109,6.8887926769951555,1,0
8.462612143889153,26.007030439724318,36.11734232398602,107.69226573564008,70.49358898838818,57.461907377113164,0,971.9787603294747,7.404488140155208,4,0
1.452086955430414,36.48026519520277,58.53201826653722,131.43712644088478,69.82383074026717,31.120491619328877,0,880.5360086467733,1.2361683474373555,2,0
10.229388294906347,10.688142501546102,50.02076590317287,73.26979371291716,66.80635415184611,61.072711439794574,0,958.7596971109202,4.542517062805393,3,0
23.225872604191817,54.793700679246584,63.83157924443372,88.65173821106072,10.923241914954847,20.418865355993457,1,955.7924792682677,3.4952637769326005,1,1
6.279202540563263,16.44275819674212,34.74194121209279,109.3008727054212,96.5403590335395,58.313117494081204,0,942.5668348009224,3.331159493295312,5,0
34.675530249625155,54.78756665430984,119.9467646177934,144.16910671243554,36.88221356342751,86.62970369925343,0,956.0808538112398,4.684600779916711,2,1
15.043762681716274,46.97553964353898,102.70993959239306,248.00479730703478,28.390576385607805,56.35116202846609,0,879.6863172760668,3.693833105644625,4,1
5.722887555116449,24.400784541839563,36.53808342571308,83.9926293662295,25.049694701646608,16.162865535004897,0,911.086133442164,3.666877551221414,1,0
18.641853318308552,47.881907957435864,90.57985255871921,251.30507697396516,11.581942388424373,12.818613868416206,0,907.0143164187645,1.2346916012518037,1,1
22.94417875544665,38.12602115003877,44.77276340764973,184.67440340189876,48.41873854745045,87.44399514238448,0,977.9683886358789,5.71403575123731,5,1
24.15283002854416,70.70568130240515,122.50782608886786,184.3963980248539,8.94882998553165,30.18551282543318,0,921.9788431041314,4.681440571663432,5,0
33.71757627802448,51.22293863608347,70.9132950312595,147.0782523897161,20.285928740658843,57.31291150153885,1,875.4615184730073,0.5424237261924536,4,1
3.999727853498129,21.790468507268155,50.51118040035067,174.34479515693573,5.501140972730493,79.91100635146171,0,898.5244713995548,3.065930527679232,4,0
33.74975395784831,51.80662536604578,87.84947272485263,118.37633863111714,21.59472376945561,32.788995815665345,0,962.8491907793157,1.8204655332691668,2,0
35.90345702667553,55.583874062594916,68.41368530299472,118.90802207694401,99.54832138366926,76.3701563848843,1,968.0811025756121,3.180716498571009,3,1
5.525887970197743,11.522856264209533,29.97558134095266,188.26320807743147,56.43810390237185,16.77632958376089,0,972.00931311179,1.038982966309595,2,0
6.681539278792402,15.106742733948689,110.64660220516063,225.74729297175583,11.379116269801486,77.37519603447988,0,885.8530297541099,4.92330975598107,0,0
28.02315874416127,66.75422620709118,93.93933358817341,150.74223827406558,58.593941342184806,15.759095598292042,0,945.6895660647486,4.694038240870279,2,1
11.980410226212172,46.99416072001041,84.50084150776084,161.09907106898294,62.07517320144636,34.9425608752762,0,914.2567732880938,4.782922102074644,2,1
39.56393469222705,73.00752048968117,110.95487474357708,152.67522238055574,57.03405074091211,33.103380186995224,1,950.9021905451409,2.992237948356114,1,1
47.14011321558093,74.47354369772981,152.47427327766513,206.00832111027563,36.91885905853938,90.22734562112095,0,960.6819961560929,5.804132499597226,2,0
5.716417414973334,18.594976783794188,76.64904831014715,170.83053929729493,67.43791670660221,58.103200601816376,1,898.7380395345527,6.756906784552563,3,1
8.312007836633763,20.085179114834315,33.53450941060407,87.19479746921645,18.547873349121694,85.87680557728271,0,925.0371925631936,3.389131734642172,4,0
17.921094567339576,36.9581968191402,121.4331856760317,225.1389018986632,25.858479447600374,62.405165474094325,1,906.0014890401192,3.5211128688344613,2,1
1.391195173197052,44.36569559441474,149.30763870146285,173.54621022103774,99.49845826721136,82.62145792963868,0,920.15104048497,7.197725102069827,4,1
2.5450887109162093,25.40214091252399,38.776858894684395,132.2815569405841,44.48084446644203,59.62076017169958,0,901.9677389474143,4.880823816915612,2,0
7.46954091907979,15.5029451727574,41.387499669930904,74.62508585454617,19.040225513763353,50.49221834998529,0,907.3599409743364,4.126480316577977,2,0
58.143585471776575,62.906948630311966,93.82000833639874,154.55334900949305,25.61741406524596,69.21793806197766,1,899.9502601849481,5.923446233518356,4,1
20.039320746685178,55.830733661605485,82.49036967698024,122.42172586022292,73.79254965580255,35.780402609742765,0,902.8286596224895,2.550132301753351,1,1
9.56936174028055,62.00110023010354,113.97980263946008,207.64312281322145,16.043767398279666,92.68634380586109,0,933.5761354634114,0.35878559395382004,3,0
6.630399404083795,10.211720982664701,39.0734100192913,65.32780066322293,38.628036758749644,91.73230512988602,0,936.0311893248356,5.64518082690506,2,0
5.462426023020134,42.09738008655126,64.41685707958891,168.8971356492276,36.197669758443254,16.545958667390252,0,971.281056266619,5.2039180792640325,2,0
10.18788192786608,37.05412621313102,90.65088007301185,157.299802293659,26.658207748322166,92.51091191604729,0,912.963817283874,3.485471183248897,0,0
9.690021727799682,19.545613515210807,24.433441398597612,81.71945799572416,50.29960778489865,26.367848105588266,0,942.3216367723145,0.46218869797655737,4,1
13.800321193260315,36.885881735563295,76.46952512830774,120.33774143741455,15.462154311822047,71.31457248565732,0,976.2015590406364,7.526545931291807,4,0
23.746336785395968,30.575548714091894,78.49187918363035,128.36328097762964,48.37387857458659,84.07939426585318,0,921.2997714054426,5.873074046671517,5,0
15.548640697172544,31.99853356748924,113.0130267664203,251.0279331685457,8.098932580455568,31.71147293104777,0,955.7067673734484,3.145810957850982,3,0
29.209938250252723,49.07548610151024,84.6196395055635,127.85069813051602,97.18248227825589,20.138978825383976,0,976.6727708282979,1.6883228344483887,3,1
13.012489390553036,59.26093446337771,66.43568233970768,205.06764370995006,62.463012798354285,78.05608555342718,0,956.8753843917865,4.487216294423177,3,1
49.56520055875468,65.37276461284196,102.46928763242185,268.37876508233995,12.131665533135418,49.81859605293482,0,878.8553730182106,0.2679615934001965,4,0
28.71197587504359,39.56846519528507,46.176667094017716,102.59331060141923,23.118878219408863,53.80151035175373,1,891.2423937781992,3.711916135610481,7,0
19.63195242123607,45.02118369312165,89.46313859557986,110.85328935866517,74.96271164519396,78.56750206717169,0,902.4372067850168,7.908301766498561,3,0
23.8048175960005,53.61250893900895,125.6383235357295,243.98222742176614,74.50880523728902,32.8416390551227,0,945.483735310941,5.939669611938671,3,1
10.42780368680588,20.9351993394139,53.06093533749988,170.59945958118462,39.673423281010635,18.743664463438336,0,943.8582083086426,7.880950793293369,3,1
13.619740756004205,21.360130122936813,50.24735819002268,190.08942257244445,19.101539769691584,96.19657516547106,0,885.0867215931203,3.2285119651621423,2,0
13.197493567088562,21.582112430628175,78.76369090308805,142.39911409569532,55.91309175126246,72.9693232012236,1,919.4282504394448,0.7882950580383251,2,1
8.59445162204288,54.953761606293604,98.26542315128629,179.8204532567058,31.257739739826803,68.69211204326635,0,916.4000954407501,7.724371892471364,0,0
4.5514992293020775,33.42567641765977,87.75903805772694,137.1965361622486,14.19681415769561,39.96479767806831,0,945.8855152132661,6.935457379447085,2,0
24.74454157283656,39.7160594985136,169.268797660619,217.24477928186437,37.869861495205434,99.61354186418242,0,898.7042383370618,4.544045747309004,1,0
32.49008754780478,73.64474786848913,97.12917522582372,176.0400612270707,76.34619476213835,30.028971913747494,0,896.1553003642125,1.9157581615023491,6,1
22.257030517176,32.692529440837845,79.1910551576085,203.71486061053815,38.64330568821617,26.028895868044764,0,935.6396861539483,5.936105275648205,3,0
15.512601952887834,33.96807330255891,119.37544474107861,227.62081075688405,8.874118739076785,38.64555504215071,0,879.1112538912358,0.2519296131083881,3,1
64.70694078983884,71.4245050697195,157.69690474079565,226.27824240404183,16.43774208805356,76.50590863364332,0,943.5739839211553,7.32400106745283,1,1
9.463497150048077,49.38958479070709,98.98564197649225,229.82869641169768,61.65287475962572,31.330931883960595,1,918.3371547554943,5.60773624983862,3,1
20.134111788394172,29.83240069794783,57.833175051971324,84.59211899019235,54.60451690090059,38.148532455627944,1,928.9979275739244,1.4887549243205824,1,1
35.76769039295576,45.664596545276396,99.5178374991489,347.5427237635337,69.11195740470265,57.66645568226356,0,958.2187345528085,1.3998428480125595,3,1
6.045156258589613,31.854435326651323,86.47782099585204,115.47786284553247,59.316279175795195,68.49518351813447,0,889.9068795942787,0.5580194790631479,3,1
26.119271601217307,27.700380173953018,88.59063620067147,153.55862739212404,52.23673250106946,23.42945136432977,1,893.094096618929,6.186862495853869,1,1
51.74823316818334,57.07284425605448,71.25263683694749,149.38233981447388,50.13641524257263,68.91752878416891,0,969.1188466740558,1.110040056344501,4,0
16.535381611773648,49.22215388062381,152.38858427992994,232.42329491141055,96.34608357875197,44.29496632492336,1,951.5075943953999,4.208556184134747,3,1
18.80893784704135,27.076319634334816,112.6883126953245,235.7452940834961,86.91756871810942,41.15397149274229,0,898.8966234013324,2.9296815322828915,1,1
9.512958015110456,92.78514808166719,125.65850746369108,162.5626129492756,41.37345906998265,17.111622537374753,0,949.2801612581826,4.437704188576752,2,1
23.607811093979517,45.79320437277859,126.00565949186385,209.44055659332042,67.07977247334884,97.65651540544347,0,920.2907548801269,5.5889931473920615,2,1
8.40680868387363,11.69568756716444,42.91475189091613,145.77884924703844,6.941116467264268,72.3808491946489,0,937.9012604852996,1.758694689364029,3,0
15.781710229173187,70.00220851639843,162.73738442503975,296.56251597513847,6.990324568504907,18.98930946040403,0,956.5310322487248,1.6839197405591013,4,1
3.971742891287528,26.138810621734542,63.03182950631947,119.03453145818685,35.26435755303362,42.961312782188536,0,874.9230917830699,2.7670392841116835,0,0
0.5891771890704053,17.380535850001287,34.227649506287605,107.82301767420903,76.70286521984264,17.206111869417366,0,937.2299462903673,7.487994716923675,1,1
11.225170092211386,33.33091997626353,151.97780791461062,219.2649162171851,92.91856401371733,58.73788861916027,0,907.2311356783518,3.6078442141877924,1,1
11.073248572570664,14.329893680487986,73.6056135725509,173.42616034458143,69.88270747242441,73.01317729905684,0,926.7763384191752,2.1299646703458732,4,1
12.04972723696913,30.983522109200425,60.71485174076819,160.9411014663066,72.1069987813702,15.089690819166847,1,910.0129904405242,4.204453318346084,0,1
28.10371480933346,36.93029927071859,134.6888531060491,189.15248540801423,8.051245476615817,92.99514689653478,0,973.5154529857116,1.5249366804575901,2,0
33.12647313881194,51.15414944835875,105.40805675762581,171.86625502456923,93.36513663197321,43.67216297695419,0,935.6872414234485,6.1450131355518485,3,1
20.766461687199126,33.93969695777245,60.91304038633794,130.5888970048544,13.245376020109832,31.13139038556238,0,963.1259008321673,2.6222497475116815,1,0
26.72237212380887,47.96817882085459,146.51712328382592,179.185759165582,94.95627494087512,21.68704172901416,0,898.2397762589105,7.862841007315888,1,1
8.625851804002432,23.58688599585379,84.30224407716047,170.65517566759144,18.46209835201504,23.106424500443456,1,910.1071570395461,5.076153584073081,1,1
6.8434903137881955,19.311134700784443,63.40037247674926,147.6629968670476,8.17152904600421,86.48168990340041,0,956.5773890108037,4.931362953788858,2,1
23.956664166125744,31.89830674274888,67.09034330422168,100.01015054279395,58.54294528119178,53.20447969171676,1,895.7885233276979,2.3951234201430314,1,1
5.966537869037398,9.404458324928271,25.712374982107587,115.68669605460441,15.796591068766581,81.86039589855648,0,979.9993106623408,1.5094073990184358,4,0
5.328474097537481,7.951220142835329,10.822583869036336,279.7334675074052,7.73743889006659,30.43702987828394,0,942.6087431516078,0.7143295522370899,1,0
87.4658866331385,92.98652996778621,149.73493824018664,189.69395752737063,68.44360543512727,38.615744696810765,0,968.6500904328781,6.8598063606299435,3,1
17.370721145590448,48.274159350839454,61.77548267676163,94.44767733894037,75.13447520752008,47.13532925131022,1,881.496626334031,7.8390143251157385,3,1
11.079230457257815,18.595987926838628,34.89541973124052,136.96094226433752,32.82946443851695,50.90663150518617,1,915.5212508759417,1.8005367354085458,1,0
10.03368112854096,20.786047214385924,51.621652092546896,105.85690798340228,55.683281225367075,18.791136853508643,0,906.9513363803258,7.948075091386259,4,1
4.096121675420475,14.938726173416658,46.34861447265048,169.64193326618505,60.67429074720084,14.050236996366655,0,976.8060099215007,4.965721264740465,3,0
20.44331479448615,33.79515769458051,51.97568520937034,116.40630988757613,20.280509683370724,99.63060512300596,0,885.9224049975073,6.314981382800028,4,0
12.987055095619828,40.148313372243045,96.86026659165441,142.50768794115828,46.80601079232976,69.98886964601233,0,952.2979544727774,7.90797528717637,6,0
32.47760234082871,47.317544502408175,54.98321507119021,118.72985719877997,65.51204863722505,14.929264591789714,0,939.3931263077673,7.804621323856884,2,1
24.49956175902173,59.63092058962301,115.58260838703384,215.79255377567847,89.14078264267715,79.53086241717482,1,963.649344512844,4.587479507246225,1,1
12.628229121568022,18.21679866418169,46.4477207910396,144.56436022609154,44.79188633006389,42.50025683167201,1,977.5015968008794,4.263862834853723,3,1
1.9529924883661005,34.50848538473297,51.923661284810294,76.49917128997477,71.4366798653506,81.68143735911364,0,958.6479823671895,5.438460751767286,3,0
17.40672714595168,67.32340228927366,75.75143835319331,175.78247350075756,52.65967053331474,95.48218650572657,0,897.7367998907054,1.836233267855384,1,1
16.225548039006764,34.96871550293679,74.53484974994348,145.52040714987663,72.17309111035019,12.39158892929288,0,961.7670028055298,3.1715648936306913,3,1
1.4521251062537541,8.445015710365547,21.016800692469786,95.78593106526253,79.95358968782716,96.7863469713217,1,927.9435016128589,6.637915181431319,0,0
22.49667989067885,50.05230835106169,60.998571179420686,147.39123742532578,55.402389518741586,24.918474085477694,1,941.8640577579184,0.967382803517184,1,0
5.768823716650354,24.774060160828967,109.57695102524667,141.80481727759744,10.804782167128065,36.750931084069165,1,900.8486275395653,3.7265133698664537,2,0
33.6568837145456,57.75224733171673,67.71152261520957,91.50921199344747,88.16338365227152,66.42508122558729,0,959.7617520731542,2.593964019110366,2,0
15.466548853071519,51.324725251504915,58.8381277807918,84.06415877916568,62.09440834351172,74.43356944081398,0,918.8908454810279,4.70175131983413,2,1
9.790600868845855,23.694708933600495,76.64482517111888,195.3749342045751,62.06106964213618,25.320820478181112,0,958.9204023051892,1.596230622952432,3,1
19.314463970941162,31.426918186955035,73.30807729176027,191.44251761160416,53.39917470858831,22.314353300170957,1,916.9979593024266,7.431660649499906,3,1
18.427777223933205,112.58624900423736,134.73640280324395,144.73443732659072,21.52726276920266,35.7891483758266,0,937.8196073567818,6.354343304270836,2,1
17.917919659239328,45.73539020764834,61.14876740058949,127.5111279570277,51.186562300009584,39.30393854291487,0,881.3293942432015,0.7419960225345977,3,1
30.626167485834806,70.95669186342106,90.14252692002987,138.6459890994113,55.9982324271254,38.639989790748594,0,880.1712554984503,2.674294638966724,1,1
20.204546073025554,54.60319334222378,77.24456162758149,112.50246962558,41.45771864042385,25.418062915338957,0,974.8266115369806,0.4412228534373006,2,1
9.045411192899513,49.72600950455589,98.57260763916618,231.4576555143322,19.16478207074399,97.37268336642371,0,949.86719982722,1.073224164988429,1,0
13.31050875841716,38.02464937069645,78.27302086986138,227.11364968840496,77.4125064379728,81.8264859375322,1,888.9964837645202,3.44677320314081,3,1
42.0822486114606,79.38836676976592,105.27395064428941,182.32895944339256,48.37600000060112,98.20185869625853,0,935.7508908024508,2.7027117868361694,2,0
8.340175417080077,19.152043120127892,44.81636495695906,91.34613249478902,71.56288047123802,19.329192393189913,0,955.9315132332976,4.212882404297212,3,1
22.232679189550268,25.56714526473933,80.16900520397255,132.5134028208758,9.46310063069646,16.802011327101972,0,935.8580390457448,2.3980691500936877,1,0
31.415622274266333,39.89967135302445,57.260096689636335,88.34797795639115,52.9159371232992,58.23770951013376,0,919.3291910313585,2.724219761561132,1,0
23.81653318336735,40.69103268027253,48.830062881465864,100.60523613478736,12.009044234133112,65.30210898746759,0,961.8770179107757,7.669599522516608,8,0
17.48927258140422,32.623837341956836,111.47598894543711,150.08649007936646,74.68613433805346,67.16413807888173,0,875.5852422927726,7.011753978858706,3,1
19.600650789333756,38.69105231325614,64.60153496185734,207.65053332510385,60.191308729477754,18.39313507359223,0,939.6669260293581,0.20567394329294303,0,1
24.909938884523775,35.163847877298615,146.13988570505987,163.57690823218843,47.88215511378825,85.9416249804292,1,922.0308551521517,4.857980884193083,3,0
8.251207127734721,10.155639257482575,33.283214112893994,143.92857905921997,97.42001634561375,54.07422496823399,0,941.2983024906187,1.2230720665234045,3,0
16.30756896347279,29.88738428737714,63.717154208049195,100.52545325866635,35.971576592309006,43.13250495149143,1,901.9494588041772,6.336535486645415,1,1
64.46400799436466,69.33518633827313,85.51939604773703,184.9985841996413,45.17451507064869,55.39942672878791,0,887.8722929752124,6.704019312790979,4,1
22.734425531210853,41.190216195488574,81.90696775051396,143.915950294725,75.06535539543663,13.64141299353664,1,977.1613090449712,5.316983599826172,4,1
17.964150553422936,43.564344574179145,69.72340957099459,181.42500222090536,54.87987336278519,29.356891469035737,1,965.0652647594783,5.418013106921541,2,1
12.24707973841263,25.605777127710567,54.232901761213924,80.38942175612732,67.55950734512766,99.86410261375882,0,969.9836793282412,6.826393896882494,2,0
8.334867934534984,14.90394142929862,51.4450593206816,96.5468859669609,97.74659062116851,59.73032238303766,0,954.5634897455755,0.9045101620080835,2,0
20.09137545404844,39.950414480507604,63.49397653044489,117.9921484576436,71.08930099351771,17.068681823920706,0,877.1412086702583,5.6905789945003304,1,1
21.134889489923463,118.70984402539301,158.5016932556023,229.0319548451945,19.317327369426074,36.355185766804055,0,939.0703944673735,1.0474743633500596,1,1
15.47048544512467,43.27869420309543,62.698760299835115,132.5575399014114,24.887981305667047,26.629726326008246,0,911.9561471174657,0.43422501820990167,2,0
81.61859929715483,110.95911041054727,149.2948906104735,180.16517281258413,87.63635933976127,93.22305104736412,0,906.7717126441819,5.144949504325867,2,1
8.996863072430838,21.200994815509826,27.873190528465926,52.62213813496491,9.557538047649402,82.5589352591263,1,897.4142826629654,2.2494693341955254,2,0
7.218544566556938,16.307992257830982,26.268090849167358,83.01044270827339,53.37177470929769,59.22132117832337,1,889.8725400102031,0.4624497402164538,4,1
12.391266171996524,53.13669382331521,69.09298950428489,133.8802344016625,91.0657765009707,95.66035009502302,0,885.3394300976813,0.5987101651355725,2,1
15.860144223883491,16.930160191320617,28.886256361057043,83.58915908857136,78.74164152464441,43.55825083907642,0,883.3330104551111,7.839570145127586,3,0
7.950997952776896,17.920765876838182,30.764599532797504,48.16160433366535,15.988373804464562,87.84709301828443,1,948.2720120585881,1.8624495773817107,1,0
19.733267365886874,77.44543222625882,124.2625933032233,190.86566650687263,75.34417692421167,52.07878081402809,1,972.3457540271523,3.3218882892209107,4,1
21.338781884894253,38.913597325763575,65.62161693577195,154.7863966141228,41.29650247046854,86.37687711738482,0,911.8348841188017,2.205576563210515,1,0
27.032120138148596,30.89188163619172,54.436129980430366,131.40806197506757,90.62205654825102,91.06194406752563,0,881.6620022886137,7.489105092949391,0,1
10.799609069366994,36.9631987179914,77.01857964607854,137.5735758963355,59.415581221745995,51.66680244673199,1,894.3274069326918,0.6831908911769471,2,1
39.739904066683295,53.17231453128729,95.40491418424348,168.49515251300858,57.13341397694091,26.020125761852796,0,952.1691770800392,4.391335302494239,3,1
25.760681963169553,28.66524885041205,50.137198572462225,89.75049002369154,5.827581723739678,27.313646935127192,0,908.3380618993701,3.8745502625846857,3,0
8.836108922766005,31.44225251244987,97.57513376906088,230.53491999843868,28.71733431915481,35.9976667738935,0,942.9105895553562,5.567660146697154,3,0
7.918917634524687,28.035015743246035,55.91935165417304,103.78289487369008,44.21165669363426,30.064711081615847,0,892.6186151015459,7.196704606996702,3,1
13.089749649355337,32.31419665290245,82.21886741253519,173.11762820368915,73.77222608719455,44.942828019759496,0,953.2455256921285,0.10314235207866813,2,0
21.377012734329945,48.89564220802484,68.29205503334747,227.18743320489847,54.404718924640136,55.6013013787494,0,942.0691486298922,0.23082184576999804,3,1
23.679947177910442,29.82222714715892,68.77425342787812,127.76487003470845,85.99119904825645,17.84022514296136,0,894.4460450800183,3.08052940415364,1,1
25.726413270470335,50.0821086504444,103.2085789579609,217.86785004627666,8.263274363655059,91.86788968250688,1,972.5170790575729,3.272787389913676,1,1
61.785935581606026,83.04054405077675,132.05858875901197,179.18792720051852,35.67447275327582,10.218865028081634,0,927.4925811252776,7.134772242399202,2,1
2.7820631218444953,42.933229204442874,88.90104116747352,204.1828900384835,61.77101127644332,22.44613112339855,1,894.1849468747944,2.3030403582522174,3,1
15.143104574634608,24.99262518560989,43.62035050914189,186.8340891206863,67.58181970625398,10.756924843463299,0,932.3346860744425,6.801846286083059,2,1
58.43994582043875,103.57340975266123,115.04956375099823,152.48217700398277,52.72887784946142,98.78754307470616,0,915.6857368598248,0.8052290072159192,1,1
27.90777655316728,61.88324782680456,72.164656612809,180.0881245456884,42.890992407707344,46.95852537664733,1,970.8857763612489,0.7114870603113701,5,1
6.809244306940595,23.835329008666182,46.51369618283218,208.8983545830087,11.79781322525168,27.642312214586703,0,904.0841747775703,5.9864508418689155,2,0
19.001436410401794,38.216607275880634,59.63424153852627,140.40039428116887,71.1430307857118,20.680438631994928,0,967.4941353400618,6.12488735083115,4,1
14.445600047731332,15.668509076592061,58.39351424187058,186.16620299505598,90.85399359078245,43.33706985953292,0,951.6623223029087,0.8464425495651173,5,1
14.0405429561814,32.834096138789974,65.7158946495045,210.8672719092748,81.83961358061933,97.83091997676716,0,944.7881344864979,7.945132445712437,6,0
10.626566871132908,42.942988327309244,53.50045230248964,170.91066151295578,71.6168496570972,59.38526177441344,1,890.2215900879768,0.7356569821921096,2,1
17.86658684663379,32.82968195689247,92.35451983269718,132.6395655796382,65.24528471000015,41.87957715692054,1,879.4748981757108,7.085048787180081,3,0
34.876883418965704,74.95818401392253,112.41426115275515,200.08059322065316,78.3438686373459,42.80867650838338,0,965.0880780764716,1.6319792138799585,3,0
11.444080104097107,37.94202193095888,55.55269891330303,149.92957186271127,78.78950862676835,20.56028950897256,0,932.759611228587,0.2736637660247463,3,0
25.861801342865714,95.57760820758297,115.72174889399095,131.2487880479164,5.659341514098203,56.53064952462795,0,976.1821157185032,6.85286265800042,2,0
29.094666998982447,39.58501440131956,118.06617413614629,180.2237189276286,38.99560090059909,48.1772981529782,1,926.8033028088227,1.5562339431773258,4,1
39.522057456982715,69.65139565833019,81.6082539512942,154.96750108634825,87.4650947288496,75.59660697058848,0,935.0522103694898,4.282398450347615,2,1
7.796947501171637,12.822927967927315,94.02661789547585,184.18333297007192,85.82443875883381,27.275288017357237,0,979.6819616533694,6.631741724234307,1,1
16.812685470265308,32.927733886566735,59.117236347197775,92.3059992050116,72.44576534705888,22.360380252588424,0,948.7480866846096,1.3222742039938573,2,1
9.611340744540112,37.26496360910663,64.81645139818579,123.79768398875582,34.361693524158895,62.33145905929419,0,909.603300318777,5.954344412714656,1,0
17.89201315121993,49.38522593466138,89.59793972539764,166.5613792133935,80.80168020297337,76.78067176663303,0,961.0574828462584,4.299176656610571,4,1
17.80166976028305,31.817113959476266,39.75566215571614,90.94578086744173,26.997700132661542,54.77502346328845,0,902.50429669351,2.1213437031691442,4,0
6.119474945090261,49.25489343166657,86.59897245526213,101.81497210663358,26.289409992691983,81.10297677433013,0,927.7583280559263,0.4282949729976395,3,1
18.691965758181553,68.3781369851431,120.79401261096635,257.4709453552999,55.89468986759848,85.69778413309838,0,896.1742645885873,2.1771752604900603,2,1
63.808985866094865,74.40884069494301,96.61267763361583,293.27876634284195,59.2773931201414,92.49666963890452,0,979.4151162469484,3.455610358087985,1,0
23.74613897070079,40.27514650272264,71.24796731226331,154.72870485180584,38.37617787000852,44.036115402998874,0,972.7975300948897,3.0066240417488777,2,0
4.961758987703108,20.117964454596688,132.6767978934376,217.1288050732382,62.358644298011306,91.39107009755678,0,966.1249527336695,5.763494365500557,2,0
7.361369846138221,19.55709921845042,75.85573991701159,141.01043703349785,72.36566037923363,73.81484899425274,0,914.1256204965568,3.3376260660837134,2,0
16.166980368667517,63.745310911891444,78.68072353512328,103.68701115752239,22.12069603028769,66.24212188951566,0,950.1379733899125,3.1046958850555653,4,0
7.519524399516838,54.723533560799844,75.8675968597322,94.96332394015009,32.418445326024795,59.839684111584056,1,898.6861081427788,6.516768079177679,2,1
38.108768426196285,53.69050137119296,79.26641288587913,85.16269632697399,71.48462120632014,11.774775258568813,0,912.899973838666,3.7650296510964796,1,1
4.372248225631095,34.39525215924036,93.10411620042726,223.54387372166036,93.08886149614867,60.42974340962806,0,958.4986587387999,7.885374222798067,2,1
23.864275556043225,63.62186737370876,78.51130376231721,262.56593714740023,89.02199759469526,80.10921000872516,0,876.2048831865981,4.638248030943298,0,1
3.4489164363504567,26.287833825876568,75.39786882171987,163.96994442987256,17.316480143343018,98.95308609330753,0,875.4450304961185,7.503950087409837,4,0
15.970363709539217,30.592231632524125,79.92195634237152,130.68154605926168,59.12390866216848,48.98032014019582,0,942.7185237941245,7.069348782722047,3,1
6.546586657894309,16.47573967422924,48.88441029698704,107.84532582509823,81.01667586184438,99.11420517048329,0,955.205802658468,3.3708785935111725,6,1
26.990435927009955,59.10334914450001,119.14092763527695,215.6842665230089,27.546022499141593,25.39797724119072,0,912.1896994965492,4.940068105640007,2,0
33.892127851029045,39.38133595609747,55.56070358269048,181.9499645480222,66.10311509381123,96.23799804741898,0,944.2143975656959,1.2123293487993207,1,0
21.33061146108894,36.28311413636793,104.45578083571371,170.40262630090277,45.625607026857665,63.06895951956209,0,969.3277725230521,4.26345515433468,1,0
34.955728483609235,47.839171236752165,54.183730000864095,107.95099293773515,67.95947925969436,69.63126329972002,0,880.9983778657936,3.4494203330052433,2,1
0.9599290120758973,6.091177673921291,20.910464589755186,53.7064339840486,8.050096320005515,61.63121473260787,1,961.3567779894418,3.9216216168752926,1,0
18.515313402330552,36.11768090990185,42.62178936107557,89.54675960288515,34.73053381711246,98.45617549939774,1,933.9914248192233,1.555765350461145,10,1
23.62422408779566,39.86723407305479,56.836120474567196,149.7758995154852,34.196121732719604,13.986758879893399,0,916.4591135544354,6.943149261433535,3,0
25.820413327834583,33.94262601009614,83.8864884721265,164.01735339757636,44.77395285472376,46.94184721690041,0,875.6883174948413,0.7317670069140594,1,1
22.640539423757655,68.98893005695697,110.42285426440378,186.3425486531787,15.88110941978506,88.77090993558701,0,912.2482680919086,6.271484848433333,2,0
26.216919395129747,58.49041571177443,95.60231910141304,129.31477776564356,46.47880021886515,25.03835398875112,1,957.3278737671241,7.558577741754134,5,1
18.35874886464969,37.81632726897666,54.55812853244504,111.53655779712753,56.442333632951744,61.26346113249762,0,929.6160750660277,0.9400612977722462,1,1
5.012694305847241,40.85904773693353,71.45085974495383,180.2516476711977,7.5325945481522805,57.12198669325846,0,889.3938758726899,3.526108197759236,3,0
10.559737420697159,52.496508638869244,121.12322404138901,275.9177010352597,33.58693286942196,82.66870688287236,1,895.5443648501415,4.721105170315976,1,1
38.2404838151709,86.0322042824748,103.37542707210407,208.86672681484603,21.842663622542855,92.64276520267344,0,963.2382629952778,7.931544022133774,4,0
35.38804763602806,45.82328033612039,63.838794688023555,189.93672711150305,97.35545338996712,33.2951504857223,1,917.6198353680153,6.936525377691226,1,1
23.315224177146654,59.151758757542645,77.80049752807938,93.39499925231507,17.370540389901944,72.38296501169668,0,880.5035627597587,3.372408227707997,3,0
27.390182225653778,43.68890744329218,79.40732016186685,218.69525801003755,64.60446694919136,59.29191884504731,0,977.0665300011939,7.746544881147203,2,0
32.60779930039644,54.853695873132715,101.78918287660198,189.59411752067103,43.176037737596246,69.65077131194712,0,897.8808651109373,2.716999610845458,0,0
23.123628829224366,34.03785300915975,88.47205775265196,164.86617008363544,32.29647061326506,28.034003672020376,1,957.6135800419123,2.7859302045061693,2,0
37.51419474549836,56.26287875109126,81.78681624175353,163.12514715817264,86.13718595364104,34.54060509107953,0,871.4082470189256,4.099443567835896,7,1
36.683239090685916,72.88744973262041,96.61155504132623,269.53257312452445,68.08828206608645,59.486178541875255,0,898.2150859337092,6.258648220944759,3,1
76.8213363273853,133.01510509301278,153.4135511425748,202.80402187650742,63.928687469969006,10.265102173689257,1,907.083514737657,1.6181280203252257,3,1
10.9368608832668,28.265926173670234,73.19494568662691,154.58485678868027,13.897470386855643,74.47827465930749,0,964.5367793406986,5.965485907003269,2,0
11.105187138349635,19.480302377361383,27.717584214740413,89.32067128756184,29.602083547513512,24.54113769391202,0,952.2742971073658,0.12133112407584445,1,1
21.904266182660507,83.78428811035141,111.94411252541298,147.04642118162445,31.266762776206793,93.81716682912935,0,903.8823356942871,2.1735898949112413,4,1
56.2177493583284,66.2890281439301,94.58604554542165,116.13052641300789,46.26607639154971,87.45464681676619,0,956.6231203384143,7.798302895735727,5,1
39.50696709785437,42.93614731028375,92.73564586082517,127.4179134930742,92.53947083480702,66.10160317498111,0,959.1066127152236,5.286082995065144,0,1
29.77395366188115,41.4755403599376,52.12789480478117,93.46987492075024,43.34700623884056,90.19519034894826,1,926.3222911716732,3.754228408963166,1,0
41.3185660697562,81.83870712066104,134.27951689443742,197.69957237917527,36.16199610834107,98.85205511570537,0,925.867619246232,5.880927678882218,2,1
23.927042715895336,33.39757369842541,76.44471440245349,202.5441081638931,11.739001647181095,79.74608457682943,0,926.0475225140743,3.5385245570325647,4,0
13.21507222321311,19.645034349803296,116.23456490644305,150.99612197171848,41.57099892943108,66.39692240738258,0,888.4136564012604,0.9428393199261537,6,0
65.35434531018103,86.03619774584271,171.05696725058215,211.87831331088012,9.973968925453157,50.43535745589808,0,959.4004728791786,4.030798333603037,3,1
22.689611597844106,78.9017080412358,144.3406568519577,315.10545540591556,39.694423678729,83.22060702772428,0,948.6066237177471,7.647675304366238,4,0
36.14651842068389,63.011046543965804,67.67163466845281,118.14954257329249,96.939517346586,73.39922145517627,0,963.4322868366382,2.2535541474174767,2,1
0.9482354044811412,6.343411443787192,17.96907916598704,62.38589798796426,57.82577156408755,52.537599133701185,1,959.724176361313,0.5177116802202967,3,1
1.2969750433045717,77.90992842932118,138.10555944473936,183.70595600827986,24.84269946309189,55.00312096523113,1,956.3980889965701,5.956636760837829,5,1
18.951699345577207,43.5133756309105,71.16654047718902,143.72290993723118,33.42588294259183,30.604236381324924,0,955.8414326826614,3.6897978963136855,1,0
7.522527328515376,45.22157561274545,130.15387732398332,194.05096445485066,59.25449823724656,80.97310650688338,0,973.8895745207773,2.7441686333916793,2,1
20.264720475845888,24.485860044981536,57.46718048645986,99.67981606713106,6.832117267722557,89.04977047961063,0,936.5952086488701,3.9515587950630784,2,0
11.092205047968505,79.22154766212905,127.85117678818014,180.30098788712365,90.45926111772397,11.483521995762008,0,961.0730114670262,7.4469962506886835,2,1
84.0036889927746,97.79598505184256,144.080645177012,254.96276525008625,59.92312054330666,20.070901300694302,0,958.1474962885305,2.0769691755967834,5,1
34.21875927270913,38.04998995093806,70.40643821220644,149.08194706089802,51.76697610852236,99.21121686396141,1,899.7257075624433,1.684108033495191,2,1
43.99148477512188,66.60783206238676,127.47346860086239,273.58850423856484,73.04221503812259,26.029677552633643,0,932.2300419599595,4.317900754555767,3,1
1.7244579689681663,39.410664635518216,90.66079690537094,146.81580925843414,24.024805238552084,76.28756274761137,0,950.2660827571613,3.7601358624590655,1,0
29.495958583977917,59.40575443806915,72.03924103934351,182.66447804173578,7.056125138358036,53.27584513424743,0,881.3813505217526,1.2834011445488833,2,1
14.49190137429379,44.01871081888151,161.45434353900922,274.44429068176817,63.44607254326386,56.92160872700434,0,928.3639150052518,4.687192808104538,1,0
44.5502679553752,72.54596838915367,84.18466144251303,124.60114456980833,20.20022898792761,19.753978082269512,0,870.3124010655613,4.638473985126384,4,0
26.57238524550777,47.657334318403315,65.61224543741855,150.90518890885483,6.162796075791324,22.40629669731821,0,896.4332249018092,4.882903543997412,2,1
16.19039107935764,20.393200627547067,68.46520855083901,137.76909497940574,93.24708897817548,62.01194655429862,1,923.5007987738862,3.367088299413342,5,1
5.570601753266512,21.671803524247437,63.80582588130815,80.19015371706134,79.89978532442278,43.986677965714584,1,903.7623017425426,2.3913849454751244,3,1
18.680256698075176,33.01610678227591,87.18156885975414,109.67822915697083,15.849103576926236,81.77158798755684,1,954.8198917567104,2.69379486466437,3,0
37.65992060013935,85.58392021454267,112.5504477239375,186.87795802880143,90.1533323175403,97.47802862774924,0,940.1144488089562,6.691421373456509,4,1
46.261798744509875,86.8241173704952,131.11059352175897,148.67475813079005,11.419522184509777,83.1085170110862,0,899.4294003839091,5.038264591889419,1,0
12.520039474415988,25.316360537403725,44.29642400311617,58.61337160140129,81.28402834228343,46.532441540247945,0,871.878563496796,3.2443866597887796,1,1
75.37832545616445,108.94041026269099,141.91356351979624,210.14019648848125,44.37479950478729,53.39625424598005,1,898.0184308574179,4.944808833837642,3,1
35.697261258343204,53.716748996490544,132.13242237824477,141.28461262225915,54.227199952341564,24.101921434361945,0,927.098154535692,2.861950058491431,3,1
7.667100872161398,11.11333207077394,22.696220104489218,53.51131323868222,68.49121934013797,72.61224897955813,0,953.845315777275,6.9149184649437245,1,0
6.112838382717922,7.358177739526852,70.71787081570183,138.74382465317785,14.382348568644488,50.26225941147877,0,936.37045902286,5.848292965970122,3,0
15.228369177573473,45.974563018835866,74.43370455442432,135.09788990363023,91.23686441867174,87.16453509044115,1,876.139949460937,0.8974943888323726,3,1
12.494109204512291,19.758414284882285,35.509175096009635,96.15116916594475,18.645883100411503,68.6826663059743,0,921.3172663891063,0.543743090375487,4,0
24.06405955927962,31.296946556075543,47.98425316180554,143.47251481058305,94.4505007649861,25.348891703813287,0,975.5466009250995,0.36399752290050513,0,1
17.223111067171637,27.549121335676965,55.37892027842628,176.05553231456952,13.690870199563477,46.98846580789918,0,969.4450618881457,0.31751414496040276,3,0
13.376993789343473,44.618269233206505,109.91199818770366,238.15910968127542,21.340795089927305,70.92540937314314,0,951.6634653682191,4.025588854580298,0,0
3.6764223111620877,44.62573952538295,88.7293746213077,268.5225172903763,10.467791667903654,87.2130056865327,1,901.2196351788889,1.528650393384073,0,0
27.14907423186783,67.49069119115853,78.20510936104111,88.45554626970309,42.789568897955036,41.5725844221019,1,872.438359488555,5.4288095395740825,5,1
3.329988819720567,6.305075832496491,67.52725928248401,105.94115820634025,61.132282280716524,70.25448331246892,0,920.2003532554337,3.913822281333259,3,0
35.776634580525,45.705890094585634,100.34810101733379,129.62771317981029,64.38209481352526,25.623354566434102,0,911.188266957088,0.838467416735797,4,1
2.0057157560133168,10.52075680045464,16.945583724323328,200.1493908664351,83.70930081833868,91.42414441716822,0,944.343274588398,0.14607153827755137,5,0
3.109655691880089,34.33466132078121,49.47303766254689,118.45340130052841,55.19608421213346,61.76528229687713,0,877.7648183467338,0.3901254922660192,3,1
7.634341919337019,17.70818784074188,87.4785690594936,150.16388586406964,53.460604268432796,79.17401997596401,0,971.5716384560841,4.31336032644582,4,0
11.587823211501034,28.57784128804289,61.05975097735855,109.56147550257302,35.98386234017825,45.716630303976544,1,950.9445461084345,4.734174039086913,3,1
9.656622304260793,42.941782197046365,103.91985894300538,150.61842853206093,66.85502362893791,94.64870663699884,0,976.8098148366829,2.8888138225756705,3,0
11.545731829503321,31.25650925917635,34.54639030223785,81.04487405776061,91.3102475535212,74.80961361977926,0,965.1845125997305,0.7233138486036322,4,1
20.566501707160644,45.05265617821624,46.931473382008804,96.25201076012692,38.75352823088293,23.82916931732389,0,917.3251233725096,7.484041979845498,5,0
7.800653311023141,24.29442207449911,74.66400362734166,120.65368178069514,38.85369736966,59.51669858794674,0,942.8746542180493,3.3051378089341723,6,0
20.708818561942547,58.73342839656128,79.23060951949154,236.97662399603462,37.61583331262685,34.45767746449334,0,963.0192367559996,3.491537953606444,2,1
0.9697722412330143,41.687955493289635,93.99205937173886,314.400824356323,26.60426016675975,85.00236049998034,0,892.4262582768608,3.113515444290369,0,0
7.530712318070366,35.51715234607119,97.02940489775307,309.5514557656112,58.83750476640598,80.4541961822579,0,871.0593037133787,0.5697922312459144,3,1
2.9323376780006534,43.76573309747344,64.5672821926044,80.34166994979046,15.029636056354423,54.50906801586273,1,903.8341708643519,5.712535120432681,3,0
35.495412764475056,129.01105624898304,159.29961224748325,201.10502617054829,84.30572650128974,37.173396222992636,0,918.1200361872503,5.352000233295468,4,1
8.780358813587828,41.652886641810255,67.14494199445954,79.74792269697228,18.086513309920875,86.74182691882635,1,938.7027604930489,1.3992696764856765,2,0
25.955187071743,44.45890537248323,64.98505092079303,282.1429275776499,21.523339419817844,86.54358956128641,0,898.9766779934507,2.2218002601377407,5,1
2.3359286707812723,27.24942278811267,65.24687788672045,148.90758163831876,11.51455268340925,55.4712301696181,0,918.626567130054,4.420666660300173,2,0
45.75097789562604,89.49472455057833,146.87908822985892,255.66938791924548,41.227981281196406,74.55312191756518,1,941.3547335454837,3.0764532823857276,2,1
18.004010857159432,31.655883372566564,49.733515869856404,109.08574035665094,76.97630367691646,35.695058155798925,0,960.6866063516951,7.98364066222639,0,0
16.450249046216847,29.183335404594807,47.18647333017195,110.05220434736522,91.45894265148816,41.39649043855303,1,894.9628844220264,4.022173263696695,0,1
3.7269200710812016,28.32443049352372,49.27318770630796,185.96513263262787,46.25667420167289,94.96504106381366,0,957.9893960966439,7.069611981851117,2,1
6.6738831161820205,24.909006733996343,73.03221676334547,141.5713814672506,27.33797061411632,76.26491538389986,1,973.3120315942788,1.7164408919407526,2,0
13.72658437957237,22.1615613093909,83.39184689926275,153.82923414727435,73.93719112786928,16.490847968218194,0,915.0518472747184,4.494146012023979,1,1
6.923918205253699,28.741853678814127,53.90315718277492,156.9905772841912,70.37366541282584,51.19600785019587,0,930.7186633262347,2.6421837275849245,6,1
33.10575159450395,83.14694581437314,88.11713637201579,183.52726386682093,69.75625113117432,45.617039232821675,0,871.0982306127066,7.482563076174133,2,1
17.588308717627104,44.89281033022709,58.43022918812242,125.4092817798813,47.12521903051708,30.789033165580815,1,948.1230527788487,4.454326119964286,2,1
7.006784693101574,13.902381303924743,37.910608465673995,85.56441811222979,58.70333484334184,99.54476206505736,0,965.9214674783134,5.26617359833409,3,0
29.639885089160355,60.19196622430286,76.36495043861171,121.50077965454801,10.886854817365577,22.221190070398578,0,872.1985923332217,0.7005642033097256,1,1
12.267434109522977,27.645276491688215,38.278478688998916,167.74788468811585,28.751203893921712,38.28402833640632,1,962.8034339688006,3.952728682249383,6,0
28.695448441465153,102.48238518653449,136.07950671682923,207.52502566478336,93.05978568341556,86.38467341153915,0,886.3924560499142,4.677837138190615,2,1
10.669162738991389,39.490630150603884,175.46634227520838,213.25849990090575,8.969072970227648,21.904720119195762,0,962.6308666269531,2.394182892778269,1,0
24.674169906889126,36.30041720430636,50.64478760838239,167.15683493038188,33.65199892568219,43.85250032835979,0,929.6095256047163,5.912556552841023,2,1
11.908639581497514,44.13148265365402,82.38157921330865,148.53355775912786,26.531209620616792,67.07733044801031,0,910.7175309326656,3.7859819744653778,6,0
33.11389908879325,56.13628934609672,102.67878822133497,117.916285004958,17.372698108203462,40.320618303910706,1,973.538919739683,4.534352172230327,5,1
2.402062430210382,49.20173209352197,98.32359714918522,137.79117814239373,92.81341976991096,46.79386475987935,0,937.3593798953611,2.951349614313326,2,1
5.121703222560852,17.797335149308736,48.77095646302351,115.07177656200777,16.960125393810866,59.51020788639313,0,874.2521304178646,5.444391758715403,3,0
14.749271672553853,43.52248731107177,54.66733656553001,73.036038153669,51.490276800516085,95.74182050766059,0,954.2600428758069,0.9150547625725778,1,0
9.14078537963548,13.348854833499097,70.49956339523195,151.52229349243282,84.7534012472499,88.3816217403441,0,890.0638674714716,4.09919682750362,3,1
11.602035597382372,32.70386870790638,40.187950157394,130.4242810141486,5.367841010293409,20.076661069774705,1,971.560236563057,7.175559431209872,2,0
26.756166707619794,33.46631140893845,62.13196481788577,185.23131950386926,15.310129454231564,61.24865647854806,0,888.3101579938201,1.957952524030611,0,0
11.39521526525873,33.84726436014647,60.375450787607456,136.20308139006204,37.47994915463439,68.79670682372193,1,923.6423780527443,6.960739442011748,1,1
21.266014667503942,47.573032946528826,59.57984293889643,100.66294194760624,19.013925347680036,39.31856473556577,0,927.4835659670379,7.0919077260239805,3,0
7.4807768851598855,35.45366076987177,56.40227726146393,72.09402421596354,22.35266194411601,33.777731856387916,0,932.0157756290714,1.9204111067049698,4,0
1.7911445997369984,14.450424971691543,62.45457914621613,77.51451248395583,61.15980226448179,63.79598440897676,0,928.6624002601048,0.7377243604769551,5,0
28.569217543363465,50.16358202441073,78.82306183106881,137.23298867311985,21.209964851011147,47.348032389363674,0,918.2950481857334,6.138905359262667,2,0
52.83680334427654,95.71189567838114,104.57867563368794,162.95956410732944,65.69048698775958,91.45584010231153,0,948.411513802059,7.672798060030761,3,1
19.634360864716747,80.01463369101464,132.66959913821432,150.4519397721963,91.97425890165472,24.719899671823796,0,887.1115728591914,2.120161528962457,3,1
15.405071964207126,37.566839083777204,132.37516582451272,212.0582996392398,26.79572611774774,13.697547635768222,0,956.5997663453163,7.31273114525747,0,1
18.087977435584346,61.77580819221174,71.89602432731897,120.08553971185921,25.16707545971903,90.96546693540388,0,874.1195876957055,1.7445225672489064,2,0
41.530612534121126,50.66569915650501,81.11540495263608,112.5445971665639,6.082391155134034,90.65123855204085,0,962.6304957111985,2.938506775077097,5,0
19.81288199665525,34.19629227398915,65.47667025475724,90.51444422865349,6.393307363806507,47.50931610050935,0,952.481177940029,7.0986574040584305,2,0
29.56363838169206,53.59771643749718,63.47694903699632,222.10555049764332,42.67952329098656,77.85002198684057,0,957.4939688837727,2.5020776330060857,4,1
28.639655516636843,46.96932039960004,118.2766455801883,131.8128046613453,51.45899759651378,86.11436266607176,0,902.6622249021588,6.069995704403294,3,1
35.0843592788167,51.93377713688694,83.70826420976344,269.0446471467116,22.367024917102317,32.94012223353171,0,963.4678584435064,1.2610498478700243,0,0
15.139730016101126,55.720812447970545,114.17508489681205,147.06361690347646,35.68385705110079,68.89996545807415,1,946.0273520029841,3.0922533506323817,1,0
10.545124347381593,18.362825766763798,58.294398280671054,254.33819315623643,18.32944537039459,76.3434929707619,1,976.5395356675539,7.531826886648106,3,0
24.875040191913108,33.45556918254855,103.03525375752002,119.47955809944268,69.71847905186516,42.17430149335002,0,872.2012244578806,1.8876307446738811,1,1
33.374305034851005,39.06172205883411,78.59253420502418,163.12553630971192,42.3292289999665,95.13953119399476,0,956.9574620192365,5.643443118436802,1,0
37.848315757247605,62.42843892090816,85.2140571969945,225.35320697789336,74.76174056445696,97.04373462081386,0,938.5632812029069,7.3644751343566375,4,1
45.041188720101566,60.402043228428994,105.9441421235511,248.01861997993208,57.27974065092733,53.80550880236132,1,978.794141143374,6.301142455879307,5,1
31.297992992100887,69.17688514019562,85.72258896244824,169.97024322207585,40.84341840243624,16.839990261709524,0,918.7345476662766,7.589113271214347,3,1
10.045269885270883,33.07669558522031,81.69205969078989,158.25359407663467,64.50483481646653,92.70717691030863,0,900.7620975566505,7.555612189527917,2,1
19.616571302608612,32.02414993499829,46.345302623694955,66.51228214810716,5.681064771759649,57.06769813444,0,966.7719982056769,0.9977266916258262,1,0
18.31572557436854,29.144932728285323,58.822921639195,175.8033037095025,70.58462292615845,22.494441917555257,1,905.8263411518494,4.853135528151551,3,1
16.808857660049675,34.26996042848441,59.78461300384643,191.43767198767264,40.249604293763596,75.88875396608366,1,947.3066972166037,3.472470548968527,0,1
24.91153189867918,31.71726394421914,69.30952212808339,136.5963435248898,53.78975053439224,71.84382506249194,0,906.5032792418862,5.49363204784802,3,0
14.039445667687016,55.288256705582114,132.32161545906882,207.05265641027756,54.72392915256548,22.58724758109594,0,974.029457064177,5.966138431505555,1,0
14.056121110433919,28.809652464558514,49.196463599961135,335.48459243485,58.04917465761043,34.73698900632163,0,927.8710394833392,2.0373757383396653,7,0
54.997513908497915,59.70623947418602,115.70383202220036,137.66184848885115,71.72671877135618,87.78351818915701,0,905.177015977985,6.418955687606451,4,1
15.77904542395145,62.77775336431967,133.85467388065047,219.70651926091014,15.511382242259538,97.26267076628588,0,960.4660978486107,3.3327012412301995,2,0
34.90848434545239,52.5770617298686,107.44217384443081,222.5813558817954,51.452887208845326,46.47268630232041,1,876.872145763933,5.288234074409267,1,1
36.319908105060115,66.73654481918558,104.13416348564101,118.8897965012763,12.899535756478288,22.112760225274783,0,880.3133763283505,3.478879438874763,4,0
20.029263485537925,32.58841490042448,68.66161752779223,84.76544898904231,27.244561044646275,41.67820854977076,0,962.0387816124036,2.8343158100710273,3,0
14.50834837566396,62.6174628739777,82.01204075712049,119.72667663563298,22.980128725159794,55.685556771301776,1,905.5755333345497,5.5817856020134275,4,1
7.769428653738725,17.346463971075767,24.96650777695946,65.08319329803308,61.87738753039927,37.03815342299728,0,889.4210454096589,4.38106540542677,5,0
3.2724426415181895,18.627404741461692,51.23944129258591,86.89720718870942,62.5792612342314,65.01702292649256,0,934.5869952804018,6.838099682731166,3,0
26.216283768575146,29.425024469245727,104.5436433662101,145.78534702439168,83.93544551136047,10.71311800358329,1,898.0034930413626,6.30946951970381,3,1
22.50400444363478,69.81419771322687,151.76294982572267,193.86341263516175,54.574531542433434,83.48287757270063,1,978.5901583851161,6.959830660955967,3,1
29.040220331122867,40.288671044080246,49.54325645051801,116.12644428165984,75.74445899710713,86.01905523336558,0,960.266099867124,6.149597075290668,2,1
11.135830624206328,36.15005032060259,116.49049980343572,148.6243888496691,89.46240814378096,80.51545885141232,0,967.8092743119564,7.343045281530208,2,0
58.72985465643712,86.40849912173279,133.40285058780887,187.1420054101194,17.685959125559812,37.309120200712684,0,961.6945087366834,1.3376680435950614,2,1
23.98734589608473,66.11989816816312,109.53708372239544,173.8230930767853,73.492087296704,66.9134689739507,0,967.4446701748805,5.15980454265493,2,1
15.308064719000445,38.94157778761502,113.69739299941973,162.17251602433026,36.15392924163885,42.869359483317595,0,907.1777043723525,0.7510295973891145,1,1
1.6397651398244517,20.150302737810716,81.45248597037306,167.18282479276314,31.416056303239994,45.034715392449506,0,944.0753383657399,4.047213721502277,1,0
12.226079312811844,51.40682530217133,65.52073874908702,218.56293019554414,96.48335062218918,73.81902378986545,1,969.7680930700013,6.904628551564421,3,1
30.02480334627606,57.36906539467513,75.00619137538453,96.26044101345245,24.613392508031147,85.91865759476353,0,945.4545630303518,5.8322209601942285,2,0
44.25490506355055,60.58755164613348,67.2843660467876,97.38909048993389,91.88253890126008,84.78924730708711,0,979.6870409598336,4.705136192884392,3,0
17.268373883162745,66.03086649723,108.11762360935529,213.60929201793346,83.25306507641308,30.797881923461084,1,965.2086972134547,5.582488638979743,3,1
49.186974410335516,78.09259909589237,93.69021439051026,172.35937394479208,88.47008311794143,69.22258632134839,0,877.80318069902,1.4689836801051035,1,1
7.226989815301534,13.473026102258942,35.625034604328405,146.50307872458274,60.66843000059111,34.03625470275907,0,925.1831850925629,7.453338485679169,1,0
23.009068198918648,77.8231001651013,146.84990925016552,247.91854633156873,60.54705151869943,66.55966212986976,1,900.3094438341957,1.7785309775437705,1,1
23.490082306877916,35.77663277239571,81.78677459462583,122.69637287840267,43.24529792874783,43.048435894908586,0,966.2560967784824,1.4190722677773995,4,1
26.368451406708537,68.35723539329666,115.20570352374475,275.59587790067366,43.08734198137678,81.09628386161778,0,973.0972249697819,1.2060255158217705,0,1
19.141367404241162,23.941664368338593,139.90082042785386,302.7481763563169,85.81338387587235,94.37214471260954,1,932.327906373452,7.496126996175558,3,1
22.0893193602303,61.101061573673825,62.18370998173454,93.06997685157086,41.836740296211175,36.098300236039094,0,876.3954571075127,3.740768475713382,3,1
7.063765149310129,13.699825603055283,30.038017815950596,176.97225147218074,51.23620340788187,88.19328934189072,0,908.1347635570642,4.311215216555104,3,0
41.40275482669183,64.56680079616031,89.9734133087849,246.63653452826983,99.65732121414844,76.6000492331798,0,890.7433384303639,3.0942976739708503,5,1
32.54710051044179,60.87304544859059,78.12893116695898,270.42892511984905,38.659816470907785,60.942086785086424,0,928.2201004275139,0.31550150349030537,2,0
21.44973285501849,38.06553246491043,96.19837064872226,198.6120956875769,83.14620993113977,57.2472944674939,0,978.3323474382483,0.626634233799705,2,0
33.081504919972105,53.33823982553645,81.0583833913178,132.5422633906785,31.333784054155622,38.73748776849982,0,907.7587127198062,0.2245019178255107,3,0
42.30478930683991,50.39637330716103,63.21137848888115,102.10289583688834,7.381994820949381,28.29565570130778,0,950.7371261763384,4.358070413049366,3,0
26.09330470531646,62.3112772562022,101.8899369669754,153.3860463384002,61.37564700182601,17.504758932997166,0,961.4159743308011,1.628520742198528,2,1
62.953315573889995,87.0498320554702,131.3619487864236,155.30829243177007,50.537867894004904,74.12040823531864,1,961.3191177319565,3.2767559068198406,2,0
27.66996115174016,37.19625710524058,50.96783153549951,137.9216362293592,79.7338988662234,30.01970973579283,0,886.4479426511205,3.736564894830381,2,1
8.142008430206017,32.9267641928745,61.67451895085847,119.76159312248573,5.394494154126362,54.58489931130322,0,896.1189287428278,4.307367346573336,4,0
20.65154440402514,46.00884204449201,91.04489262742209,111.35156471771984,11.703236851298644,90.08334205023216,0,894.5604878343468,7.153166004259108,2,0
33.985538918723876,54.994678950101175,126.57735887295536,166.12521540126272,86.66949691175965,70.39957485429116,1,902.7007128287091,0.4415492808418344,0,1
42.332541136044746,43.619546998463626,62.38921689598814,201.81805208293952,50.67894382218956,25.23113144276055,0,875.1486599144577,4.004408980324046,3,1
19.45156235625841,34.18966951684281,82.67706476873065,170.70938150132423,53.105476294554705,76.10084491083653,0,929.3318198712841,1.1417268523113515,3,1
7.557662789034562,43.3900436101701,64.4863009223533,100.68412254554678,26.38515991257681,29.335049285933643,0,951.5023041271413,7.419496579506738,2,0
14.256411745945572,43.73193926780853,78.29447799459862,267.50488384662776,92.96250511136967,80.19184963516125,1,898.6899917006426,7.347908141797389,2,1
4.712950474448632,33.55509373525314,48.42200433509974,128.78593665148856,91.86995625585327,16.99409954737702,0,940.3812906229209,1.2055102989534612,3,1
29.722922455631796,53.68293951437257,101.17110233833222,127.31251181328746,54.085912437382994,22.753823493795448,0,930.014505721841,1.0271378651046257,2,1
12.098543808541136,50.86533489095502,114.69084623860024,166.37926169135085,25.69323692438401,94.07713395391018,0,880.9086775307892,0.9679702877888481,1,0
9.347990042246586,21.571203262073738,51.26608533888131,70.38614589501599,98.36518700703677,35.22561153841255,0,896.375637974822,0.874859781040902,2,1
31.79417783451148,41.88454762964032,68.83329918741745,229.05660106292873,89.78335900239804,23.55722227156453,0,896.5632852387974,1.3489681179752149,4,1
48.5257150325538,112.69682734944433,137.76316557196319,250.9923262957399,54.53404584725518,29.341705455013305,0,923.7547043004389,1.3299422573410045,5,1
9.311928084827926,20.457514766245257,32.00999252290957,69.4128151366186,64.50786138251169,42.49897596594586,0,939.063647805521,1.391657940855666,3,0
19.548369488340494,25.571147157649598,79.53154986243291,91.40397242499947,46.76844142349773,85.38542952930983,0,903.1511617371401,1.273749789575169,0,0
14.743056427332068,31.118185652454173,101.51365577052736,213.55420184829694,24.57548864756654,23.72691282057641,1,883.9837167657021,3.085523029349215,7,1
43.665360810078624,65.26767525186516,83.18116832847895,161.81038689488224,69.73783000372232,11.41756431091059,0,899.6140598053338,2.1057715237191306,0,1
16.12482870791108,55.06388989249483,93.00998642678309,238.24869849212544,68.56774321846126,87.84923305961345,0,874.4205417438512,3.3949226370036985,2,1
6.901386206845194,21.66570608824921,68.27734933701822,76.39224157272956,56.99597889329333,36.96928170919631,0,952.3531884690888,7.160580396059006,0,0
16.735478985689404,31.39855877319477,52.20807226067846,157.24934087514615,82.37236704164717,16.922542747517774,1,946.9241668695564,2.880528997950414,1,1
37.61904191982097,57.72124781953934,139.45192636076416,202.08239028302634,47.924476695038734,12.499004255573599,1,943.7727083694449,2.3631427779641285,4,1
14.054320197803253,26.806149242247855,65.24875723310812,304.1977858807607,86.78708885261854,90.96195802245036,0,937.9558240031341,7.323400105190516,5,1
10.195910447087861,15.059020061408997,24.30229655799444,48.762627247314676,25.616743492421215,57.0826352958586,1,902.7463904653574,2.6407002454557125,4,0
15.55736241308308,22.071283988212823,88.14484323272316,208.05369303433596,96.37151773320487,64.94492276055351,0,882.7031601417774,1.0638432709610157,1,1
7.114427120022823,53.41447872054623,83.98401054471358,190.75047970593073,24.48262519572628,65.44504705797425,0,935.8916878954296,4.989981705081736,1,0
14.727734988076577,48.04604336358735,71.72978812413369,91.74019983747792,20.21131644986533,56.99744535185072,0,950.5832940551597,2.326179023575188,2,1
10.876182655606804,30.451991563038046,81.70301335834392,135.0210588201396,62.32276316522837,79.23351517524178,0,959.192807194168,4.207676392338562,6,1
70.56873773542877,99.97606406415937,121.34366368358644,218.71176070372263,13.842593399678357,91.5477402000274,1,949.9184229636865,6.167096216998818,3,1
2.210673178067713,36.23182653311895,114.66812616756944,152.204904921874,20.953464236099094,67.69696028222045,0,942.4530588795535,4.567996535851925,2,0
8.10916402340937,19.771986514100753,87.36488270823529,125.76258733466128,74.25827593801675,85.9495726155097,0,960.6834085785272,6.489260045722093,3,0
10.18912267717894,18.201157748589722,103.6113588738499,232.6443230584314,34.27439532486388,10.865423577520929,0,953.7953252118261,2.8231445206844943,2,1
7.160640232642063,50.254518837140154,162.15878645312455,367.70685335943716,81.01152386636412,53.21693925468276,1,973.9391762439296,1.4325503708653793,1,1
23.17431412054583,24.97845275805384,71.10531901565909,193.01721901771953,19.77751962845528,64.3642816263119,1,870.6652288157441,3.2178706612374013,3,0
9.163908295266292,38.908414856369774,71.58253345446876,93.09037305004838,41.60363751602133,28.110839294927146,0,886.1336191061163,3.3542298601245606,8,1
4.188948061998849,27.11500399344036,47.81980874437545,51.46873140258501,41.69735503056919,24.42672135202112,0,933.7726575409218,5.756149263200191,1,0
18.247846437557158,58.43057696330566,107.64068279222897,135.1213270396242,50.63768315211255,22.261935018029853,1,914.1165113528992,5.526030134654523,3,1
13.402961595660102,43.933613266705606,153.89474133004887,258.25906698036755,43.987259335629886,35.633807759648676,1,907.4555949041873,2.5440276357923746,1,1
9.553493070456593,38.82645421769384,50.45616631013722,163.22437864577975,41.74464343897811,84.10699612746842,0,952.0498927312357,7.441672173280914,0,0
42.92799271329325,51.72041665603501,92.45616682510973,142.06082655258308,36.201569914574144,12.488388343759631,0,928.9200382999068,2.27714858566707,3,1
23.748042788555107,58.68668554610177,67.80165134287856,94.92575864750594,6.439310529513212,64.21849986592318,0,927.9136029356573,7.972064246927774,2,0
21.844364476278365,49.00805258648697,57.76359808169657,110.7533225548548,63.57608674266691,16.133847943403143,0,875.481861338424,0.358338167693099,3,0
24.13363821543157,34.0138566962354,105.92729577970877,120.37106181515747,49.98167986270953,63.38766750857726,1,920.7426114280631,5.422550883472133,2,0
23.241610392158275,46.32270030943404,110.8383055979703,112.36912756010354,40.46185164423927,32.6987055557186,0,936.8823389419351,4.999667438901378,5,1
13.966433535048012,21.12022728865817,40.978462876342306,123.23260979675946,25.084404460082823,24.16082108539782,0,900.8092644533018,4.720939968656132,1,0
9.250552345323538,26.752040347652127,40.292651363264795,116.3160442640166,89.6820579524982,51.92494961209522,0,896.2880579341894,6.255191426258828,2,1
18.556386941080408,100.33529530732994,187.89753921306493,213.5509095991024,27.59991331655333,30.799570607307633,1,930.5673890747103,4.767921439644304,3,1
13.75891540202176,22.109697766651863,36.53329955490586,159.853293089017,92.48782699710112,44.04403793739972,0,970.3154579345546,4.918347415985254,2,1
2.170796249043248,6.980087047955317,17.731009497059247,86.27552371435515,25.640078344588815,66.97456083123137,1,882.8010085143158,7.031129920330204,7,0
6.578140375151974,13.171597815200812,28.007200301302078,63.040186311310684,97.28547074504205,94.26069823286043,0,904.0024181288459,1.5752696880599435,1,1
12.377079618894351,29.68150234026472,73.38765765404426,157.90138158015247,44.88566846224663,65.60392681076218,0,876.395249191778,4.296144698062485,4,0
32.2725497384013,64.40690672079,186.21805043223455,421.38786588430247,55.60815307624068,55.63613958845977,0,905.7921607160304,5.725599045751784,2,0
18.618325970387993,39.18442315290682,60.144289345862,75.4980769601787,33.3869988423355,60.130007706448325,0,946.4325084387223,2.5322307596446367,1,0
7.831492860359947,13.396617980161793,84.71577745276628,330.81172458921833,94.22218495035601,52.48836851367875,0,905.0539435790998,1.8339285300767885,2,1
6.037850267920555,37.8762607622242,73.67019874491945,141.6436417699501,31.844230545320993,60.652958106509594,0,913.8352294317776,1.1183237404822743,4,0
37.14824571904453,39.91007111871464,44.92897443455224,143.19948055680072,74.37012254790633,61.31596629504777,0,972.9045706498523,2.1752380305201675,1,1
14.493699597106707,20.71476892305812,42.19656872271121,145.51103863703307,6.946629260400368,54.29755455420832,0,908.178940369872,5.362014797348067,4,0
0.29686869838595387,12.603177759403634,77.59266670339657,113.50717973481707,58.07828048890336,80.95348063524803,0,929.3507438316933,4.958226975523492,3,0
15.245685424650858,57.30375218143696,120.00838786328956,168.79522017341102,75.44967997625002,45.16707844731989,1,972.6988840558297,1.4568448821673423,6,1
27.55310600412689,48.75450694515132,67.82874863827374,222.7295164188734,49.732959905658326,19.769261635986116,0,925.9363840246056,3.980114496825054,1,1
5.854963597241168,27.698931954743195,81.47020714043208,254.66854560558536,66.11512595732951,67.87469499176426,1,888.7169513350084,1.7887808968910601,2,1
17.554105143220475,23.217978310115896,53.31096695965882,111.53343070434664,77.96540401324812,81.64867250044539,0,885.739127660678,7.4941847683808325,1,1
18.845647538620245,32.21988802263573,74.76907374550488,285.5081031874695,52.522610025914375,80.20159924164564,0,968.8784768932479,5.820660718436425,2,0
6.210103358741113,44.116092591345804,118.0635842317757,180.87227055842212,25.718738622757293,32.691847289421304,0,967.4198841174195,1.469296532730104,1,0
39.48174078462008,65.38510431422867,85.09258334734888,200.49304585521088,42.69334116995543,68.231887012399,0,897.6131140920738,2.388727095900935,1,1
19.095135071582373,51.76790707920394,76.31103316592154,114.60189113417225,74.4240057447433,99.87288774007192,0,938.5529530014725,6.839327145060827,3,0
12.32428789733133,31.801400938462976,106.64379242207522,217.00479830434728,30.753734105078163,19.410856619832174,1,888.3181239152555,4.501264531972583,3,1
14.572202823058856,52.765476309863644,166.5428808409397,221.32223089328883,65.04328939402333,57.047977516479655,0,895.4643792451321,2.912045280384484,5,0
5.092263271295082,10.718553040359126,70.45874292209184,348.0316299545517,19.087738709574943,37.48487001820605,0,971.2728537238016,4.827524683231977,1,0
4.8757654830561155,21.850832778703683,62.57593448246486,150.52062202207847,93.37785715301136,81.21009166806932,1,914.1942556038186,3.176912159615311,2,1
11.382060645522978,40.18176498962843,99.55629537640493,295.13057264509655,62.28339689308834,39.225492823344545,1,892.9370514478609,7.300283194440163,2,1
11.988794871749633,15.874955906347157,37.26249802748503,114.85821383232027,49.48570610766952,76.02250840941508,0,927.6534828783505,7.000972295945956,4,1
13.811473937747827,14.632260798816153,48.960052553323564,117.80178623979747,82.09468845580058,24.440886828433882,0,963.6105954661854,1.3670529047990847,4,1
41.871682920808915,106.0812339366054,114.7417693023499,190.99144031701047,80.73124995865908,16.02707171396855,0,961.6246452699111,5.4518435390056075,3,1
26.502560799815495,47.928486551099034,69.70085283615236,296.40853129976773,14.245688776341012,19.36920977675864,1,942.8220026432115,6.716944334988713,5,0
2.644042102382223,6.096651392337174,50.49101955918152,97.59489060465091,34.17102974768055,33.42626325417214,0,959.479277650369,1.7688258052814354,3,0
36.57736162175081,57.58873068087554,95.54111774021578,365.94093016044627,48.564840826704184,86.45628541171874,0,955.7507203312732,6.984927880698679,3,0
11.306883631951557,17.62144680385873,21.003091487021706,148.7217291465638,37.35129606985571,23.539040368842837,0,976.0017643979081,3.414503647567682,3,0
28.340843558631764,37.13074939391691,64.62157765833368,284.0424324729199,35.14356845078882,13.005143019591932,0,942.1424244079706,2.531044073860824,2,1
12.083831779783825,55.12694920972034,92.53431652919903,119.87930627558096,38.4580782597762,86.81147476037573,0,935.7690128634845,7.874084369722223,4,0
18.18043794323338,30.74921349186523,69.19145905482046,182.79639084646726,18.49468629595362,43.739403104551435,0,969.6232935549315,5.535238997517624,3,0
5.493835130491057,17.975748024285735,28.518521264646097,187.6101344546421,16.344646967961573,62.98605786810292,1,909.7701941577113,2.3950093497302025,3,1
21.323706253130887,27.434316882358566,81.89956869312077,243.79102757510577,29.729525884055455,17.54186854984034,1,924.2173740424631,4.284552853520386,1,0
30.64849908669565,45.58385465175671,149.23468977572088,262.7526573587214,11.6577643409527,91.66100892395384,0,964.5047128607648,5.183375380421968,1,1
3.294147005380092,25.79355379461772,84.71544855146057,136.38342226819032,53.470899351045404,55.39987920919764,1,977.6863651531131,5.724311887977626,4,1
30.982061485849407,43.538565360363286,77.88417840233507,127.03348977118216,19.5479454178681,18.061263051540962,0,916.3394735587398,1.7541865141324302,2,0
9.21634796510408,84.75900091369058,173.68272820603642,220.5611161559608,11.418880672225363,67.04301237032851,0,934.8773554486086,4.971137642788647,2,1
51.07702159925921,58.78834563171951,80.22438763167816,164.63613172737308,84.52885005566058,42.90091436341624,0,962.1493928527904,6.793370053496882,2,1
28.712701062258894,36.380504012395996,86.15529413342723,161.48491500137646,60.813403092510754,41.80663473732437,1,927.0628682196673,6.4489117160667995,0,1
25.275608984792388,39.715131199214724,71.44554809202657,124.77199169257955,90.3442025958075,46.73967314108564,0,914.4989669233643,2.424765379611289,4,1
14.64061678680123,84.27062778597096,173.82883884853058,233.67793831442648,98.42231307964622,55.73109932456044,0,877.1351712422422,7.764522088651454,0,1
79.06772777871086,112.12530851861302,127.48506048838152,196.99488103520582,61.38547957344699,65.73933690140848,0,893.3261726124146,0.19945154365972717,2,1
11.367442527254791,23.56875122698701,38.89614131685293,48.88392795358417,80.61784558809431,23.17715952487865,0,906.4572003303365,6.254224404767488,0,0
6.726247445040655,18.93609839710464,94.90371012154716,150.21030468139983,20.156488083748187,77.89296669168034,0,914.1809604386135,2.605181876476261,3,0
9.506128656850315,16.93859033654326,64.28191511291166,108.67738558460918,71.34502657070027,12.44291167655568,0,955.3829307653999,7.535522074838642,2,0
34.563574108321276,48.6539225705766,128.66968492625747,154.92303706029514,57.20764917967412,72.92555719201998,0,888.3492649384679,6.902347259562271,2,1
17.916259491026366,34.51489294362776,51.15561479934066,78.86865474089653,69.25732266037151,26.496773166131472,1,877.9632767587917,7.0611704838565466,0,1
15.948582315105554,47.92626398135281,67.21238917469357,121.81492297817036,14.94879875291839,50.2141645314636,0,934.6555783320965,2.089753644770737,2,1
11.511259008303828,38.80575207854109,80.61843406542718,167.6146456029745,93.90243611668186,60.539597313319135,0,870.8913160437512,6.391682550898992,4,1
15.304365289537635,29.00840899024667,38.03119825016137,128.67817507577303,44.66129817209659,68.2641841781473,1,972.3950746661978,2.727959874912767,3,0
10.850354196273376,63.832527239489735,103.6189997089439,202.81637879907646,78.70093227919168,81.1931855407293,0,898.1619192314278,3.6329464349454645,1,1
26.998661372605667,37.792030562829645,62.03765208472885,152.77301931695024,99.10814118694717,56.457686015119556,0,961.7012971456763,7.244249296819075,4,1
13.558240021369048,18.26369093636591,49.85645930855357,98.13325954406685,87.96463960966157,89.21144366374376,0,911.7482892940648,5.791581879385011,4,1
9.662429737367809,32.97334948592506,87.21763630665754,114.82545838697453,34.612020974606224,95.95459862879771,0,979.8735647053593,5.160476803217229,2,0
32.58353423160404,73.443931701741,129.58815800627576,162.92178356820978,43.18773988263028,97.84421739270616,0,925.1396935313186,1.1188898143834851,4,0
6.932490129407755,25.80974809266688,126.1491360185232,190.11256647525596,66.62214068870108,38.760532478400535,0,975.9148224388086,4.352437580269534,1,1
18.10976110906577,23.972349627878607,92.502740609341,168.5240230043181,56.11220014211846,12.895676240524779,0,921.5766027747621,1.0757644835573001,5,1
2.1516058432067506,24.044705237386047,29.23150991642511,148.7404438036616,43.97854365088988,74.42170930935656,0,948.5675010678304,0.6926879057447984,2,0
4.46617965201114,28.50106398158204,44.96046291651423,207.77930511826344,67.0701218530111,32.670792831571504,0,877.0001073233108,7.577985949834018,3,1
12.390724506992255,38.34721946362184,56.00683826869704,106.76142370436604,91.40519508738464,79.0917862409987,0,918.9464520723031,4.779949671799183,3,1
10.681549132940791,32.91371894291417,96.87502918281982,174.72021475207032,34.4021118933108,10.450049097001235,0,899.7865468714392,0.14855450573904194,1,1
10.667547885516196,55.32961300033617,146.55534307933917,248.84110033984393,17.192142086038228,79.94648822035921,0,957.2493911060399,3.8053272066754986,3,0
28.898136961050497,36.15695104559056,48.0548596162987,117.72263521305138,69.19620859540234,16.312966017280143,1,928.5679249727149,2.365277601059645,7,1
30.093784387548276,30.433047582046154,95.47679660787689,129.6184717078706,61.01152495569918,89.1412328873979,0,940.4008587826053,1.3158863901419913,1,0
20.831186098255806,23.597010122693874,57.99107287852762,96.91500957267739,91.03086288945354,68.61810434059419,0,897.9200836259081,6.571058872614851,1,0
6.583908811265823,12.359440562634166,43.283184823056516,168.9719838823499,75.55262743884428,24.554093692006905,0,882.8515044792414,1.3135108406762215,1,1
15.2102796090793,51.222284715403,72.38876969958366,125.80672267799729,42.72476211942683,55.703974741844526,1,944.8620235829728,1.4141652203847366,1,0
55.90227724016393,70.83415193226074,98.61752780800377,155.9936527685432,65.16628829807725,55.46812329091415,1,918.649823872969,1.937595682266654,2,1
74.04539696316212,129.89835250659996,169.82287483832908,179.01447037408784,86.9248687323972,89.11347228720182,0,915.8733571041289,5.728294653519537,4,1
32.80341143795095,39.54775668911515,62.72383440864676,209.29111858403604,38.00995012086088,57.91030544039856,1,976.0333338931478,1.6067787344550761,0,1
6.833830181389038,61.92394162783258,107.6553933098906,211.95629457623397,6.313522113726036,59.542922987187396,0,883.0087061841758,2.638743344614914,1,1
15.316600282828936,24.197465518028547,55.22239028126988,76.07367447097891,64.50234658552017,38.709988576848474,1,940.8219443078067,7.228535409462883,1,0
19.8255202497545,36.399856172262005,64.91509274188614,160.84954643029653,7.46291169886767,75.56538586097183,0,876.6276378626029,4.564618078923642,1,0
17.65914386207546,21.141914178278867,72.89354163522817,173.30191353754742,94.06059065520829,14.52683819416647,0,945.3409631200591,1.4667681283047889,0,1
35.19908114709327,85.3629313865566,128.00594610638797,322.0916896823634,20.978890715789632,97.11577769000807,0,931.560730693961,6.893233570010737,2,0
28.011944393962782,46.45461230421012,50.05920993034214,86.39169932027562,40.55503962301513,64.56258089014055,0,949.9599393021065,4.14608292832572,5,1
6.486662942877829,84.28773614609283,131.38544165264943,223.7689868851684,94.89699131747837,86.10987609207216,1,952.59055587627,6.690399547994134,5,0
9.867982216458689,52.05286865456959,93.03627629028557,138.50970423659717,12.593406504383271,80.29601924817831,1,884.5248676672613,0.7220863754979334,2,0
32.708426575196185,48.952973456883434,120.37200674869055,164.2036643356376,5.412540717399395,29.633719948674948,0,900.2164468076363,1.378391153810761,2,0
42.80538660179627,53.04998507164346,95.19583277692416,267.09845190637384,14.84547290840196,36.016845603110795,0,897.76342255573,0.8253346068633167,5,0
20.010546771727043,57.16381585823952,83.77492017898948,210.09068289491864,98.67365442934171,35.02101084798612,1,936.8829895631136,3.901763700263809,4,1
46.39906696816452,66.40044626162869,86.92337701062604,108.12829756623107,97.31423267303465,30.296625451065868,1,898.4195245198033,3.160294188340628,0,1
18.34908734816148,28.102556119446735,35.627205411593984,54.079069110490344,41.536915113171275,11.431656296450628,0,926.7468014053579,3.386474014399974,2,0
7.616508368656067,28.76699567239028,62.80439089069208,161.1378110994835,75.57413459384183,84.42563057667144,0,918.6344040033472,2.995660949759099,2,0
26.244755651189486,28.47737518130696,46.30515008058589,107.31016240485573,74.9136774958929,58.40672321866344,0,934.4218415742737,3.4507787570912383,3,0
95.58378741440748,121.91046025273093,200.4363848172631,233.1356434105379,14.482539594247484,63.20656495665584,0,908.6495352776611,3.111746478881078,4,0
5.133650294292767,35.28439342214861,70.39761472810756,169.9684407000026,27.336392802873508,54.25330537624941,1,971.7444508678394,1.3613203767465152,1,0
45.23214553692764,51.739979715937935,65.60100066523772,156.94663705036618,89.45332239847954,21.192723050912953,0,976.1509832892177,4.595755026617924,2,1
25.199581605031632,70.69847306823418,76.27794512093666,144.81307410162918,20.74119691831727,49.24925997898266,0,908.596522383734,6.966426262518404,5,0
9.360883256691254,48.350248742320055,56.3090735262867,129.47876828080376,54.48125890053355,36.42698906608334,0,970.5684429861611,7.953245382041196,1,1
2.219982504100769,26.785013374440126,71.21718955662973,106.02220139242053,28.194481763478443,90.28526919826932,0,957.2336962679175,1.0267355106415335,3,0
1.2427939811636277,9.523983697269497,93.93547901458109,184.7977312782774,57.97338288456791,73.10873087739411,0,894.8726639203319,3.348752449588135,3,1
10.648974655082808,42.12159586650203,93.05304066228136,306.697777356502,23.67041641748771,24.639165138015382,1,931.9090615824705,2.0046215017848246,3,1
22.325948092761763,36.58766165317819,68.11122816734013,93.00418862726943,25.496083665978908,73.17255984551363,1,911.5384529427249,4.578512934857128,1,0
31.073327216503287,53.73518185241683,168.94244134738918,292.54573651253565,9.445910444231316,59.353098283718175,0,958.1029932494328,2.9468866744370144,1,0
36.15862230090094,69.82832380362774,128.3850259349157,157.67808257367517,99.06628184179105,17.350958688380462,0,968.3306098558678,7.0342566167755365,4,1
20.899399003290338,25.696614080792394,68.11508255046445,177.59295387848914,15.744046829750165,16.259599381561898,0,938.4653638132944,7.488113606072019,2,0
18.56315099785901,21.8701912590725,47.92652515408156,107.80726530234992,44.4837876226858,23.26935984169554,1,939.3145380518004,2.6681890605678293,3,1
12.732704955479644,25.83601732877226,113.07909543466282,224.37004239963687,44.66800824857832,82.94476835840717,1,949.3377637910339,2.9156985781303124,2,1
22.72375372070226,91.84362939363531,119.84631293777022,146.0613336752457,33.84449288876604,84.69541389356435,0,924.4579081267243,4.326207176460672,0,0
9.487453800428973,89.45585882924385,107.23115637478523,111.23372162817874,80.42907757330565,64.73626390282041,0,921.7724900632195,5.120621520642329,1,0
5.41529496822309,31.3018922827431,63.823869751241176,139.0111964826532,37.08073160138713,11.406368627336095,1,931.9524153314801,6.044425952497329,2,0
17.702358278999448,57.461882203735414,94.86898969907978,212.93564969553768,64.41777714655275,38.54094723299237,0,960.0198119575143,0.8905627930959806,0,1
29.435783381007642,48.4985673603619,110.47166845997728,187.6431036015628,56.58503623146148,46.08178335150679,0,941.2175467911431,0.5036317981381842,1,0
4.304731736313272,25.46990929791739,42.90022415257505,146.5429736923308,87.08274388041929,35.594675832193296,0,885.8381111970148,5.458001186211415,7,0
10.649901780135894,27.208258116810946,47.40313054549098,96.01722275744282,82.85084993506263,62.30148524747647,0,885.4448510105856,3.8816297921073395,1,1
17.20397112446085,60.389080621687796,81.46254067028063,186.8619579782462,25.704995204469387,15.59901383299335,0,915.7487903970408,5.414742085112521,4,1
16.926687597475144,73.21286899866533,104.47919300834982,275.2214410075288,76.26062049504881,11.797294800570727,0,942.5001467389206,2.4826950225163316,2,1
24.720250405788974,45.50084125584371,59.62237243787034,107.72778648548545,80.29400351899157,62.9080134022407,0,913.0219197559961,1.4601622481800485,4,0
54.85099699639643,75.94416533972915,153.85082768843642,256.4111635922636,92.32263805106115,33.80773250699011,0,911.9919073783616,0.9788867651789261,2,1
1.2607009224616488,18.522300947348352,26.567956115610993,65.43094895648444,96.50567228677201,71.78763063798391,0,968.4994070040901,6.312033920583013,0,0
56.48579018236536,113.74163885792066,202.62028379319298,384.74141760171585,75.01205511180112,79.98335536277332,0,965.5045898763,3.2839330365467374,4,1
53.23976947403225,89.55400858958745,147.46197231898657,168.84692167184585,47.74346133028257,64.99514503328322,0,922.3228204585981,0.754709684906442,1,1
31.433638001158894,39.52930470156387,56.06982117888661,144.1513282246891,32.83221355778941,99.072592479441,0,949.0112363928368,2.0494540449666703,3,0
19.73315311030139,87.44775790370285,116.857741317193,186.60558633471697,87.14297828588431,67.86341503926104,0,919.730488998403,6.905998575356509,3,1
9.654401675032346,10.857172917002936,29.69153102168245,78.09610228194663,91.97767643188514,79.54752990667035,1,936.3452688825975,3.9041649185556158,0,1
31.166439639280576,84.58123682152745,143.1640316140368,190.33573085657673,14.268312331965843,67.69156003230441,0,900.1962431580647,6.841404518678519,1,1
20.501910141225288,61.286003611717014,144.22535525744436,209.81735135270924,57.660658337311126,82.48975376098075,0,924.7288723347889,7.568148025352966,5,1
12.958466344663622,33.789776620619044,216.45995402395195,382.5437863716106,17.27345641573459,45.154171158850886,1,940.6792922611688,0.6289625965999653,2,1
30.603957383543914,51.03900549245823,99.76174492483936,180.48331693356673,28.900072969085414,49.09218844894701,0,918.5956102275687,7.551461404569789,2,0
34.36258536704911,52.33933049974978,60.60998051840721,74.23228899493981,41.40363252268875,40.166873949584016,0,953.5324869951256,3.0314197537808205,1,0
42.58080499263759,51.05432663797175,66.52623066652787,84.71966095609804,34.56060045676297,61.88301399908454,0,899.4054167714888,5.616348027690109,5,1
8.73209648821577,72.86186458352203,119.920610652743,200.40082300570947,73.01989902124156,43.717865954642456,0,871.4164390528416,3.2847111297775244,3,1
38.916206205931964,58.875225047835904,89.24338014621745,221.41499349706402,12.501792625520446,98.90757632569361,0,970.5676237553565,4.955477631126387,4,0
13.158554168193145,21.486625112074424,78.85238105229074,114.56103558613894,63.30848645176923,64.27033615963668,0,909.7137038531156,5.3911509844326355,2,1
19.774698547202757,81.29626166155414,124.2505357807417,201.6161676512188,60.23438025318522,40.21307698816662,0,897.7299265795153,1.150582073621265,2,1
22.737258487436982,50.81882376290523,67.5678775769639,201.01514302441205,79.7835234133646,55.73494278934047,0,922.3663401799779,3.5058779046430653,2,1
36.777811097194906,66.11549253731985,92.95817817929218,178.62102164184893,14.184456944750783,80.25516070115876,1,897.4307028955801,1.7320728983663933,3,0
28.434679824201837,99.46363406931717,158.70538421451488,231.01685758284944,36.59743939431759,82.55055278216724,0,950.6568045083701,1.042519045558502,0,1
12.77940574805114,45.12583919998345,89.80431360144408,143.52390043371508,71.22482526685374,67.33913597280588,0,903.7476154987287,4.776354428783881,1,1
1.523909325262525,13.242547804517148,71.04380742730602,131.0573361517129,72.61027517124772,10.209746784239806,0,979.0860020376631,5.474078284102989,4,1
24.50839683804876,56.81910827027287,67.94845033732275,174.02522406388806,47.71445042188677,88.17517873469889,0,900.3851082393137,2.1347859753896463,0,0
19.16193210511231,28.381099722214636,46.13217736745302,160.8376290594168,48.86809616452565,91.88218127041036,0,909.8061971569799,0.1578702800734341,2,0
5.065025419393243,18.8009214001004,93.03645088845107,206.36900790716425,96.67113441318774,88.44841973273931,0,929.2219430461269,7.769001042052302,3,0
20.913943636959218,46.17511756564598,57.72121913115987,97.71793866280221,35.99165876911263,70.4004406885494,0,870.3666624485327,3.851309921989771,3,1
17.03504457563336,56.37102630422157,111.86827311733933,117.68487257094633,19.260896206579687,12.43895066792024,0,870.4550706993093,5.249420033906648,6,0
42.29864517622634,54.62001228485512,64.96468149591364,114.30455213664831,95.51999617417766,95.5702231709613,1,895.7152566389327,0.6942598216126858,4,1
59.05212592668449,76.61047016528158,113.59950270997149,235.4402042801405,81.91277360981053,16.102676855312048,0,878.9831723911957,4.999718979355427,0,1
33.77347756841065,51.18157930528034,75.09013727096391,264.8274274813957,27.520978205005047,23.453581986127155,0,953.6074226358543,6.124543770064451,1,1
16.272907773054243,60.4729727857922,77.0226529222929,107.8831110240003,86.43940862513344,66.51109907960607,0,965.89991536985,0.4743644103417496,5,1
18.252336647046953,38.66675012009356,77.8124280086698,180.2369301646744,28.96863449870695,51.56284323568184,0,915.4568305221522,4.236220283318823,4,1
8.453752370112571,75.56137880902932,147.4183941852953,189.54515824689605,83.60751012930685,77.92822628875888,0,926.8170147078889,1.2219028960778422,1,1
9.965909881148633,23.692744521209846,43.51624423161078,202.21388845206957,64.7134589664023,66.98298515428746,0,937.4017915813001,1.260664929691927,4,1
15.534878842055697,28.331871182327475,32.72148613297149,153.3152822215136,50.84512094239959,10.377097897222,0,880.4369047989403,4.956933576076634,3,1
14.266605888476246,67.02155354039024,98.0460379943343,182.20540707167407,93.16692616686109,67.8533452168943,1,921.6798171097001,4.992138569143499,2,1
4.766059757616495,35.200174540967254,51.60784833723479,139.98849418318864,81.88995336421786,87.23979400876262,1,975.531154763841,4.474783315492239,2,1
42.59684623404478,94.0105157488328,154.08016723102665,302.2750666025662,17.342882117644002,86.69317617527797,0,892.8671227820953,4.130334230672576,1,1
46.67110500618615,52.94536090252779,76.7986322752732,91.58966887772834,72.02905092515249,24.16672447337754,1,879.246487931843,3.8129097919299157,3,1
41.672768888826425,61.710977108936596,82.13955162082208,145.74751529427658,80.00268545964276,41.262542085682185,0,900.862819151541,3.901648052346678,1,1
47.740949659353014,72.97740529596071,98.92661254689253,126.48755440023272,56.40712429973999,20.75764646822594,1,930.2717321144688,2.74223221118392,4,1
70.48585321779274,94.40765297024106,166.24031069529283,253.5984929312146,31.226495934140956,77.63341014314976,0,965.5339253310661,2.1329056318327617,2,1
8.600722927933433,26.387652605528057,72.63414902204276,148.41832697997654,27.274932596804987,66.48044484092932,0,909.0286245712927,2.198597062885429,1,0
68.50604764159225,92.06522805112843,106.4691410973874,190.50935616295823,97.54386721397242,53.599027399259725,0,907.9288646286147,7.273988947026182,0,1
12.714607816391819,37.230208547406136,48.343070949705265,72.57829925312461,46.49537916352593,36.97830699751305,0,907.7372367072967,2.206992196235198,3,1
27.21443908793845,39.70660509699911,127.77284550587339,260.7492497440513,54.288375733091335,80.83883480943254,0,962.5011341812061,3.058662275662368,3,1
3.606326761976541,46.564842761354484,66.59663080273683,176.23102937278549,61.82574455952577,81.22900779251063,0,921.6239242698147,4.082264205031838,0,0
11.380241841027388,73.39581211905104,146.65596446220815,194.8961389337165,14.5599833094658,54.206209690768404,0,906.4515317020599,5.967277311791793,4,0
34.44508226185362,68.75388757726945,98.84299221923149,214.04702269091678,12.723062580644251,21.197864516228037,0,889.4644997347017,6.239068234669214,1,0
28.154858899221303,55.58109714492655,73.56677814824222,82.31738663345193,23.82300625690931,51.88231236090238,0,883.8161435143746,5.801259570875505,1,1
12.509601760249575,31.556309102352138,50.714989349899426,78.96754854490183,11.206261351951586,90.64601319388201,0,977.155044231526,2.4939460933674056,0,1
18.246031164168816,43.3268833286467,74.4957080398401,139.82010991595195,90.35486731918195,62.56768525967733,0,923.5066487886211,1.3884295189947018,2,1
10.368762738931686,37.37471565785693,41.53143990280962,95.97762942415228,19.062305722730237,77.86007041870809,0,877.9424244361912,6.554509407279623,2,0
34.379395533139,42.88243611802915,61.36638741928334,215.25868227891402,26.524071332028566,36.520117078904974,0,969.6997322290546,7.008444574526974,1,1
44.53054310949344,86.02785681683972,195.1905194956055,300.039208826354,56.04448414973575,40.8847148058946,0,974.948975037479,7.312112903931251,6,1
8.63620337467006,23.159495801555256,153.35456479359573,328.0064540698411,90.13940146095833,20.540872361043487,0,896.0894393273843,6.880907614085645,3,1
16.838136074770325,71.51459982004036,91.61205638359635,112.50456024926872,9.657965589693234,40.85245687320139,0,904.7677087068492,2.954875995692643,3,0
4.56226747444404,27.534416602302265,81.05835557372397,135.14335504185573,25.517573475403598,25.26521517431206,1,975.6537300530499,1.3126971954626379,1,1
20.44469408808551,62.44511022636965,107.80905051431208,134.79363248829327,73.14828946763431,58.50818507278093,0,871.7337406629701,5.396381605607223,2,1
25.193064550198557,59.1390613703432,71.72872207168871,156.15253549473863,54.32208213157679,45.442494214195115,0,905.6744709505716,5.230398116893334,5,1
21.715381662046063,28.072748613537662,82.21904506780974,103.16645482211811,61.47924387841715,85.21765188768187,0,917.3112298753824,2.0584007848354653,3,1
23.774540285116345,75.16121776781557,100.65413710194798,177.61221090439466,6.610611472359507,44.44553084921489,0,954.7426933014715,4.999743411932644,2,0
15.459207333389273,26.16794344736426,62.06108318712061,100.2650061984437,87.34649713035749,29.11045257852425,0,910.452708633652,7.9861183724010925,2,1
15.754341085515184,29.47411057468001,91.10341316027257,207.2843393096616,59.980369238277035,17.58113817522212,0,907.2251769982076,1.4314182120285708,3,1
15.176757406492477,29.935091359824526,56.77496345304179,122.578508288415,84.26494463130753,32.73142257083268,1,950.2339767778224,3.0907674066343453,3,1
11.085256202772413,15.270354525655844,41.880738830117096,59.46761178969991,96.55576332058402,72.76269820464358,0,963.4236668735703,3.1892933669849697,3,1
12.294714350499811,36.08004686737198,86.23778102179352,214.38952936032138,74.55534195608801,66.36077804039743,0,880.259260070188,1.7869013379645913,3,1
24.36877338861502,68.20669411913961,142.9094733145107,272.39414995103607,7.94599633735685,65.79513461711815,0,885.6718446273359,6.325750875649571,3,0
42.627447063030026,96.40031057313166,144.6186701901213,256.68635023466885,72.59529925117663,87.2353650572605,0,942.5747567372078,5.68769268862878,7,0
7.281104302454892,25.06427310731297,52.679892192056634,100.26475470170674,58.52971406382208,32.75284617719362,0,904.5775241920813,1.814059159508219,4,0
15.707474029820755,35.985726036011,105.50532634752463,203.08318096121013,14.836261401889356,52.371333530418894,0,943.527936202711,6.8765863046400195,3,0
5.867056426080687,41.49395471696202,85.56797239955276,222.4138550183892,30.69057098177892,25.136598571000455,1,889.1331764856413,3.4638215139779276,4,1
11.260620979468062,29.441500084529626,114.81580312439567,176.07956247980562,21.03989103234196,29.691536169067376,0,958.4425210103763,4.452175883738629,3,0
12.91321741390382,59.49585959009255,159.9222389708632,223.17909849834496,92.8599318956864,43.382661935414376,0,905.3560049267131,5.510654206675503,2,1
19.373407012032175,38.88155094210532,86.54996482507462,158.48280229069547,80.55191595168915,73.63719099915042,1,906.8669603065634,7.005848898766247,3,1
18.966250178218583,28.40544121734115,109.8423868730345,222.97121451178913,71.58112055439412,85.03384569567962,1,889.6756965540122,1.8919967122249541,3,1
16.72007890829603,40.97287028476421,124.01487142170328,203.11951594622167,77.5154607284187,37.64925974040311,1,893.2500351693783,4.779529151441719,3,1
22.940913713481322,28.056292429024815,60.5127106750843,162.51094951555342,62.11837578284874,45.798786773795264,0,935.8235352945918,5.4054478051574275,2,1
7.962224350317511,31.972895101700225,114.9991097795021,174.12117091010634,86.25032583810166,89.88945959814075,1,933.9766135758935,7.102408928969345,3,1
19.495155452993615,46.998384777896355,84.11360243205577,142.2190272452916,26.717774105129568,80.22160878461182,0,960.6841865519916,6.201117004421477,6,0
28.72759778748431,39.4834304647638,97.21303729072568,201.62715413327305,28.797933990410854,72.13015341774192,1,939.330799565029,7.324033869589533,0,1
7.8690530093247,34.582550949261524,69.05080972178952,111.97022214465431,61.21621727091822,46.64290579314454,0,917.0631023060146,0.6943377536636296,2,1
2.8417750129155346,19.31376702625581,28.71687758656922,59.97234173615921,81.96286291479171,40.695313079476854,0,958.3769275563935,3.4611067753002263,2,0
34.18813245221457,44.55263341863068,163.85829951852133,205.31314570982914,84.39990328282857,75.10867138228082,0,871.8250814626783,2.5199962606489743,1,1
6.059140137036579,10.449903155746572,66.62357624971038,122.92672745185438,97.74404740742152,18.399382606766746,0,947.197249195784,4.027748228770278,1,0
10.791164268750794,16.530267222388925,76.12205045168949,144.85584003766763,77.4170630860539,58.91196707103571,0,929.7506571022079,6.505403820754842,0,1
28.14927093263901,86.619473469693,126.39185585660107,174.16131544711862,27.110580373093185,15.472470913578448,1,894.2982469785794,3.9912298140823674,5,1
7.4978355274945105,23.431431806977947,106.06597432848886,157.74490333777004,26.911802261099062,66.10038385711206,1,940.1241079829714,0.37769757144261484,1,1
32.57556801633632,59.587976670153765,91.49508665340497,178.42451513604283,47.330930770653154,61.15702879978881,1,978.5322928815048,5.399473761148359,3,1
9.470722441656577,27.137426478652415,60.64871015341632,98.53437354996818,66.76432320848728,15.381343949570415,0,908.1159242596967,0.1813162491549951,3,1
8.454706641155981,67.90684855699155,82.46922631320243,193.3056067756927,53.734241647132286,47.787859702242784,0,940.2355222845349,0.8722438064214426,0,1
5.896427327722691,16.30576959259869,59.06919063854309,93.37355626834918,11.40993160404754,27.3204928516705,0,918.331066302634,5.849053535565569,4,0
9.546878819740227,31.18692809636631,111.07136321701228,178.602899097544,50.78057736844609,81.83099929491998,0,913.1681690023253,6.664902958682282,0,0
25.52543573722069,39.16658063523871,71.3714592825138,135.95092547382433,82.62437485418643,92.19544969210534,0,903.7877759820344,2.6131044589032952,1,1
10.792845093519855,52.474694528055636,65.31291093841732,218.5329116424365,27.82990718462859,38.32100653067694,0,895.1845369170786,4.595149477739272,4,0
34.284405780293646,61.08536832109443,130.1791256683468,189.92755829322,65.32809918665455,12.638705149547599,0,895.9144083393877,4.422758060489517,1,1
17.249876019920794,38.284640232026376,88.7725895844718,209.60363819322467,30.623354481693866,90.78891040235105,0,955.167584436084,0.5392251885887853,5,0
18.42673660831917,24.978233466313764,135.29915427384742,239.8697170644336,57.788556403511436,86.0070071339354,0,905.616562730599,4.4042950594615515,2,1
8.22015694356613,85.75564720916965,104.94341295125005,150.58701191383318,71.59299475293761,81.7163863021761,0,928.2533415390827,0.18666559610921452,2,1
37.79831424310071,55.87418524942315,112.19147865961811,257.27365386725376,24.686113936965373,42.07409471782377,0,893.4864239533289,6.577768916431909,1,1
28.891798792311395,37.80027313878627,50.13427615183945,97.43619993142752,75.25697738903003,17.1735913231596,0,893.371446705697,6.010261490318389,3,1
28.323343897769643,32.73612773485031,67.9224663631864,122.71237279069827,69.26925648154649,97.7383901206642,0,934.5786984073923,2.3413212700627377,5,1
14.765697062789025,20.30910890031145,60.56519385674779,152.01683240240314,34.712196171601775,54.40695330112063,1,934.1039664487502,2.1724103769435517,5,1
5.184691010073276,26.064369489372105,34.47519238207802,85.64192669027895,90.02259593765447,42.09501042052947,0,925.57897894788,1.6019701575894563,2,1
19.17818207317328,61.31497321210257,137.37098991810996,158.80118853645763,79.14884417459912,79.94895201945322,0,946.2504582842887,7.626825266364579,6,0
24.757792979601273,50.26070788039861,112.935998298035,168.36525943893477,54.50761440740924,70.36309910261346,0,940.0728260091676,6.781723385575365,2,0
24.934771689645693,29.633249012947914,80.11854379089135,134.90245678811064,12.855036279554174,13.767902119002148,0,892.0110963347488,6.718118261424201,5,0
22.585529866554374,43.43159819118972,56.52380981863462,89.20080687413638,46.859044245054925,96.25579110763873,0,876.1045059246283,3.7830857821323964,0,0
21.90965498018418,72.99535323072222,93.7659310416157,160.75889712061803,36.335800066114984,60.04573537364961,1,899.6640515614224,6.511019523154108,2,1
9.42986515345508,24.916820759923233,92.56015438290953,160.56477553865733,29.932313949850926,26.941471196809573,1,917.4371648484575,4.773348751030691,0,1
9.84268770200933,35.402707349340695,70.33291599567963,157.63194328194703,66.13948832437026,11.437269380225537,0,892.9128129013,2.465749344402435,6,1
5.953709554704487,22.001710397539853,51.92988864221448,80.16683165238673,92.56436473435502,59.70138104469232,0,923.064160468955,3.5004399959271284,2,1
34.557434542302985,64.37818107667229,145.75905302687585,175.3637008410132,18.922654811099335,63.46362230795011,0,874.038037632398,3.331804936586368,3,1
57.29350261553755,67.55769977728896,106.7588460143371,219.87321442947444,75.45553817194846,18.966218726939935,1,922.4836945962794,2.8794155158096233,5,1
94.43977362047478,94.64915633460012,108.7816598583571,142.458574810497,64.06291361877615,59.04352520817927,1,908.6663961922253,2.014143773482487,4,1
20.183045314838623,27.12371453694808,94.20501162808077,174.51614511076315,68.36806449733393,48.85511957644061,1,975.5016584049606,3.2461371817458873,2,1
21.950264175309265,35.86753720871082,48.406675150397135,106.61874111046332,85.29262871093526,49.38642404435375,0,966.4369858901932,4.834406746198413,2,0
15.23884473596043,34.495005444191136,69.64634268961902,109.23138669840264,40.668116764155755,97.7735470974655,1,974.6229954873232,1.6498777298860416,5,0
19.94863583401598,34.33686607106818,77.57885424507296,229.59293982154824,60.057663782731105,36.62971441588208,0,942.4712759588606,1.220585399528216,3,1
7.470336274482755,21.618707025987923,79.41171222642049,148.0997578536768,31.29824278163997,89.57445102786285,0,976.9148977720248,5.552799643713297,3,0
14.995569636989979,57.38045664244327,67.40185843991874,111.41917232521448,32.00010414739152,41.00672736623088,0,890.8470682201391,4.258073328519705,4,1
8.51782817061127,16.59534397477013,19.956312128422145,37.96339999618942,53.76183399230601,26.15515332898571,0,928.5631071794196,2.8821341821097453,4,0
13.49134349994236,34.44551036600292,37.978338816654706,138.014669833343,5.6935142356744555,23.703938993755923,0,951.7498097376101,7.272425637718449,1,0
9.180056089177748,14.210859514605964,102.38698233506807,135.83264046366872,28.57095278527739,94.65742491468707,0,923.0580745009793,3.7444308900924073,1,1
24.767125634241218,59.09232758396811,67.532771791978,211.61024781964298,19.40473374872466,12.096275383668491,0,893.5121312669964,2.720718605536838,3,1
27.016613188786213,52.03149361910256,155.22628959720882,218.93340498072678,16.387453147038762,29.72445748535251,0,941.9202781077752,1.8084222286185603,3,1
21.459385922175137,97.99840477068784,169.97738056369388,441.81679858757445,41.53972483270918,40.64265785872039,0,976.8330544178025,2.6530561096863816,0,1
9.878712927948891,17.65916852899243,34.06515954582632,88.80055373259349,14.91437187060051,69.11199208524758,0,927.5520501575553,2.2626035742528248,1,0
5.550702424766577,66.94210055717966,71.94244333614303,104.38732316951523,19.657481746306118,43.822063722441165,0,897.2922186031694,6.9477929195309,5,0
27.230903197616275,36.05448811083076,73.20719900482116,142.79163653280094,68.52798795792285,11.83722162018362,0,874.4569437849453,7.146705644165924,3,1
17.179365321547863,32.568290267475106,56.048534687169564,98.80534224771938,66.87750175734072,56.526372540013874,0,881.4550518057337,3.359384930470952,5,1
2.7014988241406983,8.652883385737544,90.92955700826417,101.76639879100446,94.77673184855256,89.60191202776305,1,955.4946367289062,2.161523398034339,2,0
19.05943937905471,94.93664063100009,137.8663655672523,253.93259507503504,92.4259576644705,89.79139302739597,0,923.3784425249726,1.1297485099048867,4,1
22.069883715883538,49.967893441308675,85.41956443507661,167.04644397931605,88.02433301779986,99.24357209314593,1,892.9525401541874,5.757435317448289,3,1
3.843012052313436,31.961533039171595,62.01437913120226,99.1683213954709,70.6406643321627,40.8153276785073,1,964.6085662544893,7.044787021758764,6,1
25.075210134019322,34.67159538649997,92.35858384547032,120.34626522153845,30.325989380073427,21.02165204378907,1,917.968366420343,3.347825341807614,3,0
4.509790961932295,5.925440759211317,39.00184113261472,69.69030770392875,21.92498538644566,16.25846797157381,0,957.5324322808057,7.01169787910242,1,0
8.964769901706372,23.83699657834947,140.47263898569622,207.67853253312683,95.1946930232026,88.03825227670197,0,959.242184765978,2.0553540476139642,2,0
4.541684723697561,17.161510938288217,25.292124688575438,230.59615352063474,96.16475404902154,77.3392410860331,0,948.9708693579896,4.908836192504195,2,1
8.148950971402012,11.118970301917212,38.76404060869608,96.31606961078009,52.92128051244236,66.48163215449195,1,976.9831674853488,0.7406277517671491,2,0
5.599191055959442,21.300681185558684,73.42683215132904,90.60730982337026,57.09929942411596,54.70843147685516,0,968.6590627815993,4.548682808192234,1,0
34.40792851997861,55.39241788079714,102.86021062080168,136.04005809024238,5.51042358006175,51.16065956610832,0,883.7982149873092,5.145581026705494,3,1
14.141005321662831,43.445333570702694,159.86904485486636,232.60020478289294,19.115631650736127,54.45567037156895,0,907.8127290879432,5.190599520005956,3,1
11.829013333796096,13.568864582658856,33.048390359714986,70.93727198700105,56.869458357861305,42.74601743563533,1,974.9672382204031,6.252401950389239,2,0
36.65160394442725,42.98550798115458,44.56766403327361,68.71309204870211,22.270345976668928,52.72094454657707,0,942.112612196267,0.8484876259570527,7,0
35.378548084196446,45.288312899166016,113.57245792725044,172.4420495650701,50.47928747943107,28.92965350247564,0,918.8106163425017,2.300630427681238,1,1
12.620808187605125,56.309880467853276,97.79997385626632,130.8870864056804,80.51700132524638,20.59911567838566,0,964.833283283858,5.575207212118828,5,1
21.15538547803552,64.26664205564356,132.9569760480449,208.50917936636364,81.07390635940776,29.016564834778485,1,940.2779458778102,4.777394067260481,0,1
10.542530821320426,37.32868163222908,83.17783747701074,160.0787946142319,86.85753964904409,97.38675843646456,1,910.7630262289846,7.600674705861519,2,1
15.885049803800866,31.358241089174598,34.1346187986548,126.8071585440319,27.392647075746435,99.16178436263066,0,899.8372253359585,6.295016615692565,3,1
6.625859424098652,52.202999475875004,100.13254093456776,203.1539964422127,46.03024149321129,77.6360321668275,0,963.6213397426521,3.820741133364605,3,0
23.440913306751206,47.83109787741962,67.19161370726147,103.57182325022521,64.5503148273505,85.34720870945854,0,963.1442496671963,4.316604837882532,0,0
37.63765596944239,81.46726726512483,109.12985152681054,223.90826274379475,60.20317684335565,19.32097250844211,0,971.0136623845784,5.311621451461447,1,1
33.234327589084025,60.94141150928587,93.18322464253679,143.8991334113358,99.91195219396097,21.072394692087407,0,956.2998038020542,0.1808032813761071,2,1
17.793279210965434,21.30194481625163,33.830670386433795,47.26941039116242,31.246734539772124,18.33891771461328,0,890.3245899355381,2.977279507189187,4,0
2.395907019049521,3.7788002023169165,22.585500994605283,129.2102652505896,11.777247788773327,15.687610111672718,0,912.7326014612776,1.0630263807490268,1,0
10.132867282440705,24.331170890837107,84.7419972572695,235.37474605609216,41.84689107182423,77.26074373710652,1,906.0888050683403,1.9915782839079086,2,1
15.869663407476883,53.22877995523958,113.57426259832981,170.09584792935698,54.21128986073608,15.076276483522108,0,898.3663423249418,6.653106099986733,1,1
4.898136370892924,17.37642264891957,24.55670242770094,143.25182597934577,41.78772571339136,95.41365073771294,0,957.4198445893076,4.432926917028407,2,1
4.067050074420289,55.80572736596218,97.62781506348034,157.09777658504663,35.3395957514234,68.86333405675748,0,883.710457447255,6.8976360290829755,0,0
44.745531358203195,79.73589012352639,144.69253089467338,187.91426372616507,29.43964448736782,25.378864010820976,0,922.7128307636672,7.121662354155074,3,1
30.60561123901821,79.24606341497162,118.03628883100649,178.15939094164648,45.611014252277336,83.57703212209003,0,965.2202944988301,6.466997167087312,3,1
24.7524474258681,39.28677867202282,82.86686469462725,147.39224878597415,70.4742003926486,84.13243858295752,0,956.786791863025,6.1203950155951885,1,0
28.18509422722141,36.53169758252911,44.297163539080884,117.22815949504512,19.142238680451257,60.74999042917981,0,899.4111859415478,1.4121832017849687,1,0
5.78208038604341,12.985354768138121,93.18536039429598,145.72589747827578,87.22572267334165,18.18855886287413,0,873.9101906706775,2.227412025649336,3,1
7.9041995348714975,37.56467977568371,51.15678293050007,154.9197958468468,65.90661267349137,46.07003180265386,0,915.5264735468562,5.662214599972785,1,0
20.227855234436298,24.116406118993794,50.665879981104055,140.25165239841897,15.200197806300661,59.36835813501935,0,935.2856343112464,2.4782837964631637,0,0
21.40620040061774,25.5976506184904,90.96203491985742,121.60795433537034,7.234360980693747,76.94161606728095,0,964.0224727857565,3.0636818383298277,4,0
4.608116814162008,16.449693713248116,115.62383808358373,161.2212428377908,9.878922347443277,36.865336134686125,0,928.1096297989814,7.4971786137472165,4,0
19.182736873199055,42.884791533847505,71.18818343373617,171.4334739423715,13.584998038707631,88.58414336205908,0,899.2394331611475,5.676361468570463,3,0
16.09581140760732,26.158077630176386,161.57013689594962,220.1290865233485,66.1362123778379,32.56641739080683,0,945.9832067766577,0.9424164153472754,1,1
32.5094153477867,75.68759313372956,115.49260085480469,153.5384487334411,94.3813684301682,99.83786417169304,0,914.1823908068498,5.797496303585848,3,1
21.48327653794398,70.60347788178218,107.17885524699211,164.39108431423404,17.66382719247612,20.354977287783065,0,960.7760620943659,6.370920376204887,0,0
48.18236680465249,48.824375916516765,64.25894851948682,84.74661815048016,32.011573260500654,84.96546396626624,0,872.6097879704308,7.315173052381698,3,0
12.678974695843579,40.77973660505956,67.78725526308833,206.006971676231,87.25582229882141,21.899519302461577,0,916.0912105816458,5.5124783113473415,3,1
6.169097055171106,18.700687726013683,61.06606767427163,127.08709862147722,53.0389748460893,78.33817470031845,0,916.4374161744583,0.8560926911933607,2,0
47.338722732006495,85.90334444027557,138.51075530903907,181.20361857109935,45.57760515513278,87.60711056849566,0,934.6297763661609,6.145682126960453,1,1
22.306098052099287,51.11863111221389,102.02245408259535,121.70567211275709,49.95695713497781,38.16266773804189,0,909.4472326232162,5.28476530377851,3,1
16.169127532929203,39.02636132380479,63.80810802544237,244.03212337283108,14.606439774879034,19.120053445197662,0,914.2392168230317,3.703452404307184,1,0
8.175722994449936,26.23110443001506,113.88552186493322,132.06892720765495,25.86101241124072,99.9918242670647,0,950.8381947621242,6.108251099043776,4,0
12.79970017170606,17.015022936606528,54.492822184724,138.23923279564005,96.39158838211117,97.39470183334659,0,888.8410864325449,4.2484336058817656,3,0
12.255980006626812,96.2285284430458,131.91803426932523,184.6632214037765,66.12535698241192,78.11389828512283,0,896.2206893563339,7.465096944825896,7,1
5.907959330561323,12.166375615776715,26.661831757691736,83.88574789194193,32.1970968877007,44.78413256717129,1,881.2625876326973,7.459608592878801,2,0
1.5721463183124664,63.414521798539475,119.79077482302837,181.64892988857363,94.96287721705056,22.096057962067942,0,898.343776772202,1.8810496546297442,1,1
12.020567720521758,44.98928545184657,79.17078743709703,123.23049919967526,42.7620503886415,47.62452626300574,1,925.5929927046835,3.5805993081925696,1,0
28.68873359911186,41.77532128442965,70.37652950024243,135.2435284211413,18.38207652947115,74.83083197817865,0,890.8074222203551,1.668309070446106,3,1
39.817266297332395,51.2542633189247,61.87952261557632,133.2574836900131,96.70506330589144,23.71275723796105,0,878.0935127538909,2.7126710374257734,2,1
33.38315483201017,37.39257730918503,48.45349680671299,144.69310675844085,68.26349847885814,11.512033779869295,0,979.6003262327599,1.8624361114977197,2,0
34.716643284765155,55.331880821390605,100.93461262814705,190.69255309666295,76.51746972298862,91.36317329223527,0,920.0726725674242,4.144156144011568,1,1
6.602677797670734,10.42042341226028,106.65239271634333,137.67924549279374,7.138623824130281,72.99908694216676,0,961.4703236099293,0.10508658680256196,2,0
20.50968419229327,65.4190613131228,95.75794150786156,131.55365964909475,31.89881630468391,72.4456115850962,1,951.2651541709558,6.3520729012519705,0,0
24.889824947937175,49.520206630468394,79.70089204132093,194.7175167930966,94.81562892606681,95.24671814398282,0,888.1986249868432,1.3556276384672696,0,1
26.02700949514893,45.58026524993948,102.44003022587697,150.46228372909067,19.774922965344338,56.863480510499535,1,926.3506038284572,2.2655690510622795,5,1
15.892460602431884,37.48007874161813,115.76107825227412,196.39056359046674,87.98038148971003,38.62692587752238,1,932.464468104224,1.481792513461274,5,1
18.70059702759329,44.09006025556735,67.05694931704747,197.08810493476514,78.19445578344288,91.84830807864374,0,887.3620064586501,2.896230818018596,2,1
32.7085459599812,47.863733054612055,62.567560543844245,129.92530517152946,40.95916442434101,98.72304139487565,1,882.3086870318757,0.7085547976143362,3,0
24.254444559513814,41.154436678932214,74.6461965495695,104.65520119243428,89.23868812869604,11.8413928196,0,898.9550546819813,6.885367686143804,3,1
27.507691730503048,93.86310799883591,144.26709837545891,174.72869363278602,92.65715726286712,39.76055901669791,1,898.7389987675676,3.378093650495817,2,1
11.567655931269305,53.40882242187855,56.96732667695706,109.504062288419,87.35234658804366,42.61650447676172,0,900.5344011949313,7.401337583536904,3,1
26.503262113730873,58.45868562324959,84.05551874429206,136.7196079604658,43.71060922863792,20.010502680248088,0,897.7701917539432,0.47099644931749374,3,1
18.515566763618878,31.60514886239266,62.581752614654235,89.18695669689136,60.77783001591663,29.94159276288395,0,930.149638703158,1.4635067344998738,3,1
30.47781500902156,32.8486506195776,60.77371249206625,95.13213118240034,34.082255036389284,12.201183710576203,1,902.3834845604034,6.7030303115821095,4,1
9.427095294421342,38.7370277558646,48.3964598890483,138.88100911455456,17.34555168655902,72.67745412911347,1,954.8809381434999,3.7641054295863117,3,1
28.78688673686977,50.32671750580301,76.0002745961281,192.2740830762878,90.70063167791461,19.621463518974615,0,875.7619339497435,0.5696007422682126,0,1
12.94194113635854,29.53297087353725,60.8983783640493,109.92102613335213,98.20986167198619,89.8864821236155,0,938.3658276619634,0.4687687261321273,6,1
28.878765411455728,47.69485725624807,64.57112053133268,67.85026135065607,10.565678413309334,62.55779097385483,0,954.9689605613373,7.169340713952172,2,0
20.607117785977213,27.253253821578546,69.8478596237785,155.7455307446499,70.33506571544036,42.05431417112351,1,918.0886174101682,2.1674864589253575,2,1
17.508456678871436,26.246515057915126,88.94728139768858,104.73701707361946,95.17862213687367,82.79983409867076,0,905.1257140188852,3.34597754790969,5,1
13.516171896167574,55.416343352233554,119.66153963624566,141.25334775525434,62.752182961971705,68.5603374779501,0,903.33965367086,7.186370740931116,2,0
16.222956343442384,17.828542721098152,38.28766692530785,94.66790636895115,9.474090198558752,77.77205242437304,0,906.0572400236221,5.374330527767313,4,0
12.043805790830524,49.824727697666155,99.55533714631395,233.67708542656183,6.416813155351679,88.99987318453645,1,882.9099538833678,6.186540380966008,2,1
13.291701946183885,66.62425736370014,113.4725763272099,212.57166881427526,52.8897279770351,82.68985295416911,1,933.9183223108021,3.824854778639137,1,0
23.793732105376183,52.65009397014141,162.94923501579368,255.75475699319068,94.29477577999619,80.1228324921799,0,938.5822550220871,5.59247119720864,6,1
3.2458371958537944,31.062322426152697,80.97085661019725,137.76559615641196,31.492231717403584,75.68591017367473,0,912.8650082457308,4.716122847567157,5,0
28.60557054309116,37.269698359888764,89.29134405969612,114.09253398669304,38.280992753884604,43.973956742811225,1,975.1444049344105,1.4452816681272052,2,1
28.94024131488317,38.88552311320651,110.22124296312282,232.38552598597346,80.61943899519889,68.6648026840245,0,970.2578035510983,4.624225063976341,0,1
13.843200832009792,27.890412452685045,39.94638910131851,65.40387451755151,81.15786178661014,60.91289949926207,0,902.7662557273994,7.412108901376168,4,1
19.066093661186223,24.360966525735055,61.12205302990364,140.3996710941563,94.6457076730772,96.71012978538903,1,950.5586472991894,2.8273396741206422,1,1
7.409625119843985,16.683208891886128,116.86153557238511,187.11392577213627,84.6738293906621,55.08419801005105,0,882.7947430677633,4.00164122178591,0,0
22.70321931922475,44.18205185204506,145.70816610836317,168.6391722509576,61.422500703985925,29.96360381599632,1,953.3595194463992,3.387069069184281,4,1
8.278770325181746,21.60144552726034,47.26888616759848,62.59550215091133,94.18168702200725,51.195551911271245,0,950.9312844444291,5.540164139853758,2,0
0.45850071896231404,23.424987682887863,121.83821579543005,214.5343542642497,63.36971709089209,47.31851001929516,0,909.2291495206573,5.053438582440879,0,1
38.79567586019229,80.58628383503098,109.28365073470675,173.12878753235222,62.150020882903284,52.16647253970715,1,912.564568024117,3.8687489959966608,5,1
6.664986916038865,29.49463610698637,73.18623154451086,194.8593198936125,6.472741368910904,62.292738710040744,0,934.4667660337856,0.4735130429540306,2,0
15.954796980938536,44.00320327379329,52.185518942097204,129.1035967392826,48.268435044399745,95.32202545836543,1,900.8243337361457,2.1898369255121484,2,1
19.606546323721123,23.34742894905021,108.37079165753995,179.30491972882214,9.080361886436833,35.297229569414675,1,933.0009709653717,2.584766375965693,1,1
23.756065722965097,65.02438146876773,92.6406724436908,103.75685684809682,90.38310862921168,97.22159338471,0,967.638791815186,5.886680386507134,1,1
17.057058472240094,20.680050016941333,30.649068924496362,100.2123379641767,5.994708224668788,80.1624360794284,0,918.9321314471688,3.230671603053196,4,0
20.893919748130006,33.42078234058633,65.37040783257696,124.7275916641751,34.1651807119584,26.462883409026702,0,892.4628605643397,3.088609172513882,5,1
13.584774333655805,20.574804274148303,23.021633446580687,100.61540062864671,99.53132929758357,35.23965458863793,1,931.3848795441282,3.622322294281574,0,1
3.945028593795522,6.3343605070798406,61.5065565271687,120.90827289145639,80.53117794934207,91.83927247785687,1,941.813114240101,3.512673183178884,3,1
16.560002183518073,38.479316575832605,113.37028656335832,171.7212060791199,76.9785598870591,82.1208773439447,0,927.8582851513358,5.76960051231276,2,1
26.111196716350584,55.97705758151855,71.08670059548967,126.98812068854926,72.72366901971456,22.902471941394285,0,872.5991879273467,5.395437409589131,0,1
7.054754494820008,61.334534076433165,75.9572841983698,115.4895819737699,9.867849577519095,62.611172782930275,0,943.620888559211,6.126656481253069,3,0
19.7558522713381,44.15446665057184,96.61127491255141,188.55892669688438,32.37896753314881,34.92939318440452,0,874.0583885298092,1.7385585246748163,0,1
54.57881225602488,63.79858656398261,120.7045099126626,382.4099460272547,80.85307344204072,66.67753087678119,0,915.9166175469195,5.957454218411703,1,1
15.735944456256343,28.784404951756542,50.03120431527303,74.16776540690373,90.07743471379277,25.62238067184854,1,915.5837491466712,2.439963917034785,2,1
16.366102660352432,19.260470887151953,36.20968850220714,67.91122917406813,38.255316078015454,41.67216240057199,0,963.1046724881969,0.10049085340587668,6,0
3.599703316582173,17.870607105447764,84.13017156375,175.8428157896115,29.644542732940835,44.96756253442815,0,964.893959992357,5.152715780095856,2,0
6.2929070830169485,25.6192684781821,34.64505992476706,86.08895673507564,27.410056792688188,58.393788265744355,0,955.25459336515,0.19319536424931194,4,0
8.36032727400515,37.29994212715772,61.85967418723135,106.50278956103972,57.06606927443545,31.538527813591216,0,960.1701756354878,0.8741538230341248,3,0
25.396419697971723,60.24887024021845,76.82765846586122,92.23534784437062,32.69124977457636,75.49717171942154,0,894.0682633942478,0.42494113116833465,1,1
7.509103944777831,35.746878682125995,87.65208038298374,120.85387675115757,7.0269952595696665,82.83400418998745,1,948.7912494751429,4.890270306850989,6,1
22.36634368117169,30.679716460259833,48.401988200678716,77.57870198974717,42.12123920123719,67.59907217893863,0,952.4212471091607,1.7423111612636033,1,1
9.052047624063098,15.222584325700195,87.45004120000878,103.60673073540013,57.60468245300298,91.27733548397457,1,955.588139538311,6.492408617322624,2,1
3.7579559928922377,36.81995356422392,60.64641977508907,172.65518668877974,65.25309078458798,81.14456735141007,0,957.4261470747306,2.9148268878842787,1,0
27.60962878304895,29.888960909747425,75.53527397056916,142.96873289831154,37.58069772834261,13.961298247574987,0,887.9567034769817,2.7479093726614607,0,1
12.366817171257235,84.9210251098349,102.92932249065805,349.48910435637424,34.81974421940288,17.624910840816217,0,898.2617545501903,4.166862371536051,1,1
23.882896227414147,33.92919814732273,73.6512920591089,145.87007506905738,31.968291308903897,69.39717618256114,0,956.2055159417266,6.222817679654772,2,0
3.616305343679684,48.95562093482796,68.9242504878062,94.7554752041235,64.21591130397736,74.96879323176022,0,886.2083496052866,5.601537085454286,2,1
1.3549776146092627,13.14109918703138,27.042520829380575,103.700402310392,31.944408026442513,97.11144467910664,0,883.6356979883121,1.7316962992422873,1,0
18.39378110764767,48.78151315870896,105.4641091035389,192.75156469397325,92.10101755651698,10.299928845246898,0,977.4714742774582,6.131710173703726,6,1
6.078677486715055,12.480968711064111,30.06516071186969,71.96580122446316,31.760301138618953,31.326445843354836,0,976.4569451277533,4.103792123906722,3,1
18.197628153125088,38.45883826616366,56.314626879765925,141.8815765710666,80.13891805738812,84.85758581081983,0,907.0407174154126,7.900501433594198,3,1
18.49312645305329,21.63543960438512,58.89837413171385,143.12597107145126,35.37444934817812,90.23802159245805,0,870.9452420092048,4.182794523938665,3,0
16.770082305958095,42.169406773451854,84.19972295067974,118.94138385985288,65.30036069443315,51.798897757585735,1,913.8071176768432,2.3608284414442355,2,1
34.52862084301906,40.816330230127875,54.259999653062835,149.9758085137687,71.40649392613537,53.53799183652297,0,872.8461023999157,6.113020886162821,2,1
22.082432963157828,29.427005295719646,78.48287363235856,153.06869325090182,21.565468236637958,86.82574075736179,1,885.777058091378,0.33139654023041754,3,0
54.543442512617105,68.19781192715826,87.02737430793044,150.34056010484807,41.09677400103631,51.39718120730207,0,894.6525221240382,5.824592485857969,5,1
12.641713738799378,28.786075603674682,39.28715239069985,106.87398499586976,17.120290741644098,80.86854818836437,0,962.3141936682233,4.391120049268566,0,0
5.005942333473705,33.978123988980556,61.247630037225036,86.86891456396437,53.51228607229793,95.38571213077496,0,911.283058000735,1.4876244944598562,4,1
9.5924683143768,36.45415921114122,63.39988479086924,204.69838245428957,91.39495874704626,33.56616114917741,0,870.9043082338751,0.2904168496372159,2,1
13.261426683742474,35.22130662588509,81.49655377565088,132.4085498665596,61.64240439761119,34.69599200010474,0,940.0564593617601,0.4679883669334106,3,1
57.58995981869123,95.28605425418792,208.2521648263048,255.70428606643355,71.65771221134641,94.47424355983757,0,877.7692710648946,0.7461177169939429,2,1
17.50633432137142,43.80751913417963,80.59796885085072,159.15062139447815,31.890114488587216,48.18693630570627,0,968.3515067375085,3.9530162112643885,1,0
35.41078286566605,63.15122251373254,113.91847471512767,338.79039660104877,49.48142790279817,11.415442271473491,0,896.9889059239443,5.689933215746153,4,1
11.797517564528942,19.0765656508629,27.027635874825773,125.23177227190773,75.37398318495646,55.224075970419456,0,896.1515417203733,1.1570400341343383,3,1
10.638392669236925,50.417454222165574,124.91163389089131,176.41068867997663,17.473640976333197,65.50841335649393,0,913.6748304213402,1.355859403994217,0,1
3.4527851693091627,39.81728880068695,70.58119423550511,148.5154068933582,16.562297720668983,32.026398949006236,1,881.8190692476912,6.530800192945021,2,1
56.377185733714256,79.1702704029733,90.52292604369143,168.14228891669978,26.321287377537747,75.46693467609711,0,872.5451870863727,1.9005946183037015,3,0
43.55740699460864,78.98126288037989,151.60103995867888,214.60769904628447,27.495958652073053,30.964838090005745,0,970.5804267877645,6.64043552254614,1,1
19.907550407022228,38.94561412578565,70.71776243164794,97.25015104547252,96.42780372192999,20.76843915566576,0,964.9969158013207,0.8508544480041553,1,1
13.89576011498991,70.06751214411445,134.9453077423247,235.0351904217061,20.06780085558409,32.44291079639952,0,970.7952640754592,6.711728728729795,1,0
18.01602609768217,39.21160922142858,160.11517679443355,205.38752701397897,14.989706520161356,58.051886281622245,0,944.4303378581931,5.88741022789256,2,1
4.801646394487492,23.324380545746326,32.16995124254449,69.07504059877806,18.079838605447186,87.02093581045618,0,871.432169045588,1.2665716795622264,2,0
23.85043092200453,50.295869080383,68.47903141607746,117.07903436572214,24.276549164799274,57.63989751095411,1,977.0507413244349,2.7697515474011927,1,0
41.16914210480043,105.43716682080331,162.7340958800382,279.5170787077252,40.02836310786258,86.40869692230415,1,947.9639226061647,2.7315871932572193,5,1
42.56751150135652,54.688042020669684,88.08441499374995,132.6899406693009,23.729573514164375,15.776775023230632,0,915.6755425441991,1.1573640687930504,4,0
3.61812518923521,28.776733320769864,31.558697038865937,90.34737971586085,13.341016963424348,43.53277733414834,0,950.5727551914954,3.079235297998014,3,0
35.18756815109911,48.11330626433231,73.10034427802688,264.55649124686613,17.978733490200877,49.166064559714975,0,932.3783081861427,5.454898057714813,3,0
4.83514117956548,23.33893218510742,51.554932509339146,98.16101423065153,80.01846224659357,82.15531550965486,0,943.8848170123365,5.871337529284957,2,0
1.4995907921260927,10.681666556830061,42.48380876620295,99.83727598682498,54.40717695430042,64.95821323978221,1,960.6514884480866,1.702941485559253,3,1
36.09686614069829,63.2958542381158,80.92202568370774,143.28370882495085,75.85870417869717,80.65329690528596,0,972.9801479628505,5.802100144572368,0,0
11.019573350399659,30.86465524318446,118.00020926237556,164.29703094156875,21.786444202406148,40.47010706167782,0,957.6320336919244,2.2066193347198992,3,0
32.683496999426715,67.57241713190564,75.53356700610516,132.40725276999666,33.99140489706195,94.06294952948373,0,968.5471478016717,0.43577957721372174,5,0
30.6943871594008,72.65136844210869,116.59841382220105,183.9331573040511,98.31901768715309,83.22908713589855,1,932.4253812136521,1.6376094207097198,3,1
28.031935468527244,74.51682514300464,95.95783003988103,140.76470111932693,13.1384770704693,92.39369934460687,0,907.227606536423,2.8036738493555067,3,0
17.84913482499533,31.219440349446575,51.41480383379934,66.08431863877581,46.673686463327456,33.65164616066987,0,943.66584046633,0.38367118082983187,2,0
5.403286460635183,31.887998720756595,111.52054017184697,132.20114697789703,33.09820877748977,10.591230498862412,0,931.1850283363025,0.8528862290745435,6,0
13.284547919746867,61.861530372179104,88.93017273876615,149.77794742015098,5.696774741071373,65.39330532577344,0,876.1833088350838,2.914354227718962,3,0
43.045373452317236,52.16284269252184,96.28671156787027,249.86962762941553,57.482927722559396,54.33210292711417,0,933.3469717919905,7.4042384704421425,3,1
33.267928747032265,54.814933593589906,114.76616520509114,165.60212421403216,57.25050366905831,80.10587443002697,1,915.9154586961696,5.122838074224119,2,1
13.853703241911678,23.551722093206344,58.094459142319444,131.81322795488273,35.44375988605361,18.774450910238443,0,910.6529096298807,7.481586870815483,4,1
13.716276105502914,77.4036270290342,157.76944440436597,279.88694616335493,49.864563127376414,63.590195778205626,0,949.6906331599644,0.39416725293300414,6,1
26.296774738565773,74.48827312443711,84.76968647074138,169.62678542199558,42.23501589891753,27.90085406961697,0,967.3620632282566,6.95796441134463,2,1
18.840117342401538,48.76791284108627,94.81129818873282,156.84361601507328,49.09954183726657,56.313898315388236,0,891.6854133765763,1.1720064877770933,7,1
14.434758672123166,44.018260575828194,157.76861713651385,215.27143990068166,85.56461378717135,24.248920286084903,0,957.4385481703034,1.9718607849481293,1,1
24.753877183338457,35.324550445388766,78.6587946729214,117.36481351344,72.8274641845325,92.11082951330107,0,888.6554281027521,0.8924914269134746,4,1
24.167501273090494,76.34290667766176,82.53622804734768,180.9582371118303,31.623239266507127,26.494942024906273,0,933.4090779122346,3.3484567813868615,3,1
9.824328294681466,25.35342943039194,72.54946686320991,190.23721379160463,27.756394566975594,61.75690080038597,0,963.3026515434669,1.6993677009157953,2,0
21.70964721003857,33.23902097184131,122.71180910502062,124.65457263692592,73.89567701076874,10.504869476381938,0,969.6423838372116,5.940884453768721,1,0
23.1204091656277,66.6903070505654,91.93374329566873,190.7977904346036,26.32890556629091,24.079466338797438,0,903.9289334529903,6.063913152678726,2,1
16.829582400451763,31.15379173315075,56.15463261565239,144.24278854636216,91.2206570675045,54.94007758122433,1,960.0768921418459,2.3948513208863695,1,1
8.929534368985756,20.888338420160512,76.60744394919186,125.11426262081312,84.11756691763105,13.686548847310377,1,966.6668217985047,6.418336055700982,3,1
12.951604045827612,49.29439124109794,98.22533511645476,137.03671699138897,28.989309518295293,58.850439098174796,0,889.0052946316936,1.3928667031556417,0,1
7.384035139582461,14.108283794870246,49.59362348674567,130.68714912309707,81.14252402841934,26.5900625120361,0,912.3196738902196,0.4180014651546239,1,1
22.14313316859314,52.3400039760885,71.05068611949908,91.6248635225478,23.178013984614143,75.38853082886835,0,955.3874401681564,1.403821626649491,2,0
3.6412362387328416,25.379432446562227,48.48741249408181,98.12052460546485,7.3617962156062315,88.14623401761904,0,871.619055253672,2.041634819934754,7,1
46.03747476258401,80.24618950926182,94.56290674601847,168.12666016204227,96.30645752787063,78.26913932206857,0,938.8342118912242,0.49758953185249866,4,1
39.87464587566896,67.68764667307506,73.16534416948399,205.45344058529002,77.32831311726522,15.705131342791697,1,915.6106669121233,0.9673121364957644,3,1
23.520764471546723,114.90775584132118,189.44229311882918,353.18859168491144,51.45722461599278,54.671157858986476,1,926.9264904806704,2.4913513198326314,0,1
31.936271787858065,55.25902679283076,113.0677494679687,141.7181479345268,85.1048947717668,20.005918731236445,0,916.02027404285,6.834327623018049,3,1
30.476689799897652,44.763881318112055,98.67580509219508,176.11663078047002,12.203027273398064,46.81518098115614,0,891.4927848092823,6.858230432427251,0,0
19.058444342577832,38.99152077080371,92.20605714464784,154.3686876650453,75.2698316077204,85.55923238548216,0,908.3300901580109,7.94924701823822,3,1
14.756144172876528,42.34922981899942,71.26248570722794,162.33459196328795,95.8509447432206,13.704428868102987,1,964.7155230154001,0.874258543951525,5,1
13.45862946297672,74.75304556174288,100.75488278591891,156.77339690500918,82.76611517296037,32.64868039612791,0,937.2057964390087,0.11454780941378213,5,1
47.17250579864681,78.7975326305529,90.25768418042581,184.53604893910364,46.00919251253595,84.39130240459583,1,922.4989252656453,4.568330059303744,2,1
8.647295080756287,18.710529173508185,79.8711761194966,152.41124774859824,37.89953802928591,46.533480293609124,0,947.6657640197907,4.865639276958061,3,0
8.799775937061385,180.0,300.0,341.8891996774803,89.77951175717058,31.182003561563704,0,890.2102739499502,1.9657826173533268,1,1
33.892610117919816,74.64172200761269,120.41486553914656,215.252275949138,32.69316975339719,95.446939606045,0,879.1820188638027,6.39662955375909,4,0
31.724292252668484,41.2583683681681,108.47077713756138,165.36550338961803,94.05757725418627,24.01572837336657,0,930.3459344950915,7.652025579170608,1,0
14.082068980343136,21.413141260437065,88.80440366454283,153.97828665227786,35.38570210186735,80.97471260284986,1,871.2652263766322,2.7203276078699306,3,0
25.352207626402308,31.39920147964098,124.72864977982185,157.39673570827105,16.876407156349423,26.026984435855837,0,886.3038431203074,7.572100962776707,1,1
27.75563328344868,46.87929890896885,63.576463494336636,115.71783271714449,27.40953784611288,96.67468840774238,1,948.8764226105708,0.9237635818065904,1,0
5.141471804143931,24.903782904285343,33.008796312105865,163.72427551009918,54.350912110232635,80.74640774165003,0,969.1780021969068,3.857561017474143,1,0
41.614734198738205,52.919454012623234,92.34108622924168,135.2527968266803,17.455073584699832,34.878564886766995,0,901.3790272204734,1.6576314781289943,2,0
27.74879302703631,32.92219795809395,63.9039198722149,228.20373318787472,41.09592980073475,98.52527924530541,0,912.0887236366169,4.717011453058542,2,1
23.836569266231194,31.326685568455453,180.47219667474246,247.24925770572963,91.05628669741061,20.30136770709605,0,944.9123274067789,0.6619281308734594,3,1
27.900670573197548,59.98733363000579,74.50376943114176,149.47696406243293,13.919326051403669,87.36371944570459,0,958.5375978004456,4.084467019048938,2,0
21.80999204614304,37.557568549736374,150.21039395613903,187.59842687611047,63.38170134037107,72.94864483216685,1,898.6233162285254,1.4680561251771684,0,1
16.092334053021183,24.421227077435127,55.639207438212594,154.24151829346675,43.357640071058384,25.649592438469632,0,960.8785954149382,3.3978613956278507,2,0
19.185831740011306,40.86551452906075,53.880213952512676,73.26941573860111,66.50821097894925,59.17342563631876,0,976.9952422123911,5.535612386692113,1,0
4.67596977826855,29.611405150019408,128.84615884983862,181.92404900545426,51.5127685536781,11.073233043387852,0,879.6754995199548,2.7369035671294526,2,1
59.74929707398199,86.75592888134042,103.68047285716031,141.2485420881211,88.28697852687984,61.581491339799314,1,894.6751995816836,4.369531099147439,4,1
15.883178918817837,36.93541648532782,104.42723674976403,126.97893046376637,43.237334894086814,62.39832016906868,1,949.876125427295,7.77480664839805,6,1
59.080240131662634,77.69307108244371,117.95273201265711,208.9514596167188,53.30070827403821,46.767359373937786,0,874.0374146399352,7.015003060751964,3,1
19.430107706700028,65.53033203664742,177.91922533640985,232.4835091559848,17.363020091255095,84.19742069412824,0,901.2423636039313,7.976037222608498,1,1
10.5552912847366,18.348157503131112,95.83435902112012,160.92208994556154,51.57912615316426,93.76723225266376,0,962.8978021893504,1.4986260022158304,4,0
40.81312886329728,57.52484502538702,88.12386645743086,126.98385155162276,15.899430422605574,58.03856803818204,1,944.982046070814,4.003649415647342,2,1
23.147414993170116,25.92717558461108,125.49932203322913,228.60329036417076,60.39733784102334,70.6558204325041,1,940.4777099079499,6.295500890526583,5,1
74.00395151664034,88.97509543081947,138.84520957283738,211.02340780997645,45.60240697317014,23.127028731653283,0,937.3199240204927,7.4391239707975885,1,1
10.327206639112505,33.19612719813068,69.39761177458413,214.64051439441397,79.42024532374269,99.82882237921442,0,925.2098571753118,2.0030439137239977,4,1
41.96768187628274,78.05592089221278,117.68139982327621,158.2051629825124,44.75531285895582,87.21245196619391,1,954.341465867344,7.903282981130227,4,1
43.468592976039844,46.35947719472296,115.66002336986955,155.99912566510653,64.90656481045886,95.41249782823402,0,965.1818491318313,3.5866668351661257,3,0
29.389639896187102,51.74434035297052,81.15697215367067,166.7385890117822,10.604275153876658,80.0257808205432,0,957.5088677512892,6.199632050691901,1,0
43.711478076563274,111.19792410292996,134.46705279915912,288.6460917372002,72.45175386105701,39.062296950974165,0,923.0962290656274,4.195235277207541,2,1
16.169370013209303,44.68363669459613,63.73891980958176,108.41585075776655,95.95620930538507,29.951330492887674,0,955.6369499366989,2.451059469195291,7,1
8.608753263951122,15.068835103979291,60.39353926575131,69.31835016949813,47.53897951934782,55.99428441556596,0,953.0884207284141,0.9603133251542614,3,0
11.371002271798398,26.36506203406845,46.57611767017295,71.85996389457306,5.935660426587069,17.433939365707953,0,920.1339576600056,1.378617473669127,3,0
18.440524240264406,47.638962646874035,117.6368572417073,248.3486052341165,62.346432301727475,59.66366380815584,1,906.7522032647743,5.214425520842405,4,1
30.450944930663823,42.223877358908474,71.08546431498645,122.63875703831414,18.7918411048131,43.292800354060844,0,915.114921354624,4.475554229832428,1,1
9.152994265062446,33.5124797475117,86.14559082342055,260.0643872350438,49.457004646997525,75.5140588945281,0,924.2528139830187,3.5187799886676934,1,1
13.468221420942726,36.762912721402756,117.21386332966206,145.712327421005,8.083286954920366,66.31229935077053,0,886.1647364237857,5.046139560263222,2,0
9.806612331361912,28.70888312369832,123.85462914854199,209.81531850045624,47.067105785196354,32.186810454128974,0,894.0329356990105,4.108383878248464,6,1
34.272514629257486,40.05638761288853,82.08213205372206,169.1661515356936,88.07615626960408,76.00976867037141,0,881.2026079841609,1.21641133589063,5,1
58.773788824025566,69.45847474133012,74.13109133514166,94.7134748538854,17.861742061061797,38.0001629566643,0,877.9523834685674,2.166239328987332,4,0
7.341932766606723,79.42825523372389,84.44774132984914,105.42319226165091,52.34094368706337,32.373302415721014,1,932.2731208994384,3.5111525690093552,3,1
26.20863367065416,40.39472292551585,109.12542834306775,161.96189399364576,29.117847085535516,47.66982104634312,0,946.7881410944069,3.24286647981589,4,0
37.24653904136753,52.90576287208587,68.82076729170231,159.59224599910857,29.79791116965186,24.20680739819987,0,937.497368039195,7.22995269889998,3,1
15.077220348169782,30.668567209477352,58.49822451472642,137.61685541213507,66.1137931788718,39.26440588313743,0,949.9591488822641,7.5411282352126,4,1
4.939694198337191,40.40045427659103,116.12091593012278,172.09718866158033,76.08633546938731,33.38637493552112,0,914.7150134579423,4.319026157359678,4,1
40.55698622994364,56.85936068964793,80.37644510527383,135.0027181363811,87.96210894080822,11.955692452206513,0,957.9064201019512,2.1986369135028916,3,0
4.629002123442698,23.87169609134049,35.36864277605548,47.055811341678414,31.433389411694325,37.07886593755093,0,952.2451646133114,6.411083435478416,3,0
48.7207663688708,71.08560026981672,99.62990053226702,133.31982628936817,11.723742501244153,52.01500677313925,0,948.210534391588,1.536498643080307,7,0
9.627921556363582,47.929246053997055,107.87564792132395,125.429886227841,47.01680825850257,84.67645403307182,0,954.2600754739293,3.988117806892096,3,1
3.9445356493566126,23.257643799675588,46.40053608650983,124.45995574830583,60.5361707280025,26.242886963760697,0,895.459104685412,7.95453645547385,4,1
12.08992309178354,33.070458361139615,87.42141929236716,112.84794606410347,75.2601557924908,39.465013959629445,0,932.6383881791329,7.010659361350993,2,0
17.342419965117514,29.61706597597515,41.46263246675175,170.90236514234914,76.82681029840853,12.643644341564732,1,955.2430554860595,7.443715534903173,1,1
20.2050710743216,44.98878443751522,63.563165865051715,128.60349627252612,87.04363633020814,16.75973909265636,0,880.8754706393106,0.8732303962937766,3,1
27.780443435564056,58.013106100203544,86.88164748375237,119.77153296250225,7.96060502864562,42.05034120854325,1,897.1778851019885,3.750960077366264,4,1
21.574093273994794,53.32734225230156,135.80858393830846,252.78849086651638,98.19481573227938,54.99355353208159,0,923.9915351477705,6.175918304897221,3,1
55.64056426287537,120.41179412707747,145.9782630400237,169.4042051410941,96.84748863203927,77.3435786778844,0,915.560284389316,1.3325098958182604,1,1
16.72233996572818,26.74079633024509,49.41795770865893,73.30339457628574,8.376970646938782,78.6862072724599,0,970.5694620124017,6.174814354376517,4,0
22.420715289841617,42.363783031512106,65.11693669897072,97.11196723986447,34.76307559794783,92.25808508085193,0,952.570710350464,2.8001146498395735,0,0
21.069186732519324,37.458903148059434,91.76936324601095,209.18656777396367,77.7265492109851,91.70165001357236,1,874.4913707912284,7.108972484320806,7,1
3.449885336365732,60.53190273203372,124.51692037047614,299.37912237428935,50.45848611055746,19.134971364385102,0,921.1836887385409,3.399059766971784,4,1
6.11347297590927,38.742882960974576,118.79980635706488,136.38897884587402,5.440964117597858,20.084724988389368,0,953.8816086667015,2.077113316814194,0,0
18.496876969929996,22.652693217923833,146.71467771820565,441.13640315193925,38.69799988044877,54.711217157813365,1,943.5911009566876,7.343228363089736,4,1
24.4329295647796,35.82301640783472,81.36361742928801,174.0191194873077,59.999199680382574,63.05263158524825,0,929.1416165365758,5.73105679630884,4,1
2.0959544905705743,16.931707946361474,37.37160850282447,83.22620027230019,88.56011179337838,63.81012272003495,0,879.3714186228583,3.757480873423149,5,1
57.33248802003982,62.183426474998775,94.22810908849146,181.62759684548155,83.77889401289369,53.76485894768573,0,970.6649063534511,7.692128035937027,1,1
25.86173411453157,46.98509139940633,63.62599136229524,182.53700088327616,94.90034382954096,98.30793685953454,0,915.6607556619967,4.8588573690082315,2,1
17.716541550253282,30.455913205096437,70.21517818986673,103.60351406508502,49.4531776217583,55.806012501697154,0,885.9648208545833,4.737641638964228,2,1
25.018025866540032,91.69158420261326,110.7972948126355,230.1358634451185,80.83601153973373,94.17798698705877,0,879.283513647962,2.953701532341823,0,1
11.523303941750632,36.158110808128775,115.89612012908762,177.96696504228018,14.569881330731867,98.93722308073978,1,956.3274274131945,6.694251631233533,3,1
20.368135066688346,34.72711812732107,77.78594635619541,95.10411467972739,54.25349775978874,49.961971233677644,0,937.4021999117106,4.723728376577577,5,1
22.816967723206425,31.10088997689911,128.01005167332028,220.0159857523637,92.07517259690488,22.038780548910083,0,897.6884087706652,5.0110175338629315,2,1
40.87993561845974,59.51352505063913,121.95071024152523,271.3142411822272,84.6905227899009,39.332624497704785,0,928.6334422749818,7.496065798705,5,1
15.585729914924375,69.38062116960216,127.99248974455575,209.50020484262518,67.28293569101116,42.26858575351061,0,974.1114232546786,2.2324108579792568,3,0
4.760893316293039,21.302787288479944,32.714819509058685,60.42704513962752,19.17431555888797,89.94951687366736,0,924.2427606513321,6.348203047151895,2,0
8.408692576626807,27.171500980827737,81.41459456166335,163.73881984984445,22.297719686988835,96.55275221368012,0,912.9697833316443,6.505062229057625,1,0
14.618291117902054,56.65171597798883,179.00308083194386,252.69935229304832,69.47196669044057,25.268870747928347,0,903.8627658144867,0.6007398459032697,3,1
5.316025438925989,29.4245734334322,55.598091560594185,142.64003005589822,35.92894288299509,11.806626936216142,0,890.0505407524724,5.80644206307617,1,0
7.603195419989816,42.56190775993967,114.35523239025454,130.7169678202897,36.297555000358116,84.75967566663886,0,970.1384289612862,6.6600109941649155,1,0
8.478964232302378,34.41218312040924,42.915772419428166,61.21583970948839,85.52416471425867,60.278150773658275,0,888.8867600080904,4.337290679747297,1,1
13.845956435544359,38.7213649151339,53.3007228484816,95.44411208673603,6.944377605079567,77.6055021723632,0,876.0077794297489,0.9783451135176394,3,0
25.622046006907322,29.53150238596331,63.28400985184294,168.88837897689,42.28919793651991,39.85039996525067,1,885.7000148494558,0.7235356990707484,2,0
13.326329165575988,20.555745371049184,43.533847466380976,139.27250727405402,27.630946512088382,24.2667796001261,0,890.0744484268076,0.2860594943164304,3,0
26.86694905764099,49.089137201164725,67.95601796659399,181.05457938576762,7.574526312600062,33.819434034242214,0,916.7304536852228,2.992256043328738,1,0
17.729117546565384,26.737838055446993,49.80883130577115,137.87866289292145,25.57444742046551,14.363140302823824,0,970.0604087557216,5.007598381951558,5,0
7.8416356123398,26.49081635734507,76.67946257315172,177.71526986249143,22.503511975490206,44.72617824241944,1,884.8301116702581,4.6039716575960865,2,0
23.096026447388375,29.69712380880625,102.07452867810733,175.47595742101277,52.92505324768621,18.930419059367665,0,886.0789741298568,4.127229382225152,1,1
20.561766850306658,62.83204485552898,115.9935220341752,172.22504582269545,46.34321439365508,51.739437748289426,0,918.1069045490017,3.396286589077954,2,1
27.370834270586258,37.38745131019843,92.68092550902807,186.44346238243065,49.81145492518156,81.93020159819557,1,969.415154030376,5.478871081146664,3,1
31.415424503743857,39.67604876347394,74.52576686592529,100.12276341318179,88.40157273256278,14.286728009635357,0,971.9846481537429,7.077605729982952,5,1
41.750642922680285,46.963164344850746,61.180053081150795,92.35302420029788,51.97069531034686,90.70412218196167,1,974.591439786834,6.629222723734618,1,0
26.236157201034533,57.7355273918574,90.57176532536293,113.98425925072806,65.70544692855972,21.083713578017132,0,883.9567027315503,5.748813266446707,3,1
20.063207453027026,38.692122876114226,79.18785333549133,149.20086327567634,66.51091187927767,69.03827391912007,0,947.6094020994577,2.4093867544955074,7,1
27.459683631941047,68.66300181235627,143.19338845489543,169.11782864465582,54.10306759184839,31.648217069072622,0,941.2111006986258,7.529566004411707,1,1
12.281216831448225,24.627979630844557,131.56116749949263,139.54974643449884,33.95355676783758,86.0426414736274,0,873.352095267312,6.903661494121675,1,0
11.544358430726616,18.591139810230253,65.89731495121343,86.240900683548,90.80006700980141,10.931681942811604,0,943.9529627727381,7.587415578447159,4,1
45.6134020933989,63.59244523756021,133.09647645540946,282.6014485943397,46.6266743757756,47.92484735130233,0,946.6683674941024,4.990546349896152,0,1
11.264920317212221,58.22336296901752,61.85963820038675,132.3383326492219,59.25715836753339,96.57118871967694,0,942.2327032050326,2.730507676998545,0,0
8.674439844968443,12.475519120688503,40.96878646684948,157.84634050384375,58.11871084687338,20.16052165641471,1,893.726942694549,3.6720264328427064,1,1
26.22617449876696,49.92950309838163,84.65770971457098,102.54611224026125,83.62561396612803,78.45799130158603,1,906.5597249865464,2.6861908031599557,1,1
12.366897686189377,37.88497109519128,90.10902158033977,175.59983265541314,55.78897932278723,75.3956119207179,0,930.9136252912087,2.8723555158544753,3,0
31.194751226431006,83.48842720850409,192.07256660664035,216.04520120852993,48.405773855739234,38.72573042148913,0,885.226253068859,3.462035107807547,2,1
39.698180982640515,49.06589739725478,94.40069417161752,178.29770782832443,48.705797369672524,15.440913639034346,1,887.4628062401957,7.486536396587855,1,1
9.768240656622284,13.285256793201913,20.687622285144286,27.31563111132658,79.09511644554543,84.97858375197382,0,946.8623907586854,4.030016597863644,1,0
28.48844279329866,41.903385033347405,97.64631037898147,210.72034385647328,36.34763526743989,91.43908058263025,0,888.2279567126686,3.294546651152414,5,1
11.04126893116291,45.648261955556485,72.53975012798924,164.87357836873707,93.81085833735008,21.50476217979932,1,871.8355707037854,5.151046713386335,1,1
14.866111557535364,34.4452320028245,86.5167634162814,151.98132825674202,85.42737596893738,86.30450205593282,0,890.3610338359182,2.362120223327392,5,1
22.335724658900347,49.8596580030587,108.762191310287,253.39391620157767,18.143021933501032,84.99010225855281,0,878.3078529242069,0.16957029545504126,1,1
11.565431473885113,19.04852508387976,25.916140982966397,131.37757727750008,35.13770699438123,61.93205904843537,1,901.0386743663357,5.866165003748035,3,1
20.89311520860273,36.64327776242885,70.01893381786002,105.86017775124726,91.03388725903612,80.51785729274063,0,953.6364150509495,2.7263786270644634,2,1
15.840954821803317,35.98594761058629,70.29753503367863,95.17304093951046,31.445278183644323,13.553099288911808,0,956.470121525015,1.9761188679460018,4,0
31.681547336548284,36.13886505109436,81.08032619675633,316.0531522677731,35.17753424988914,54.6559288092485,1,877.8488598122333,4.326714419639045,1,1
31.73797307610176,51.7909384103877,71.89150417698932,109.47070642833859,25.658318609092248,97.02926495878758,0,932.7314261055716,1.3726811157447398,1,0
11.612628748446031,26.18841242418544,41.855575079333505,99.6291290419163,10.167435069563467,79.76939186618884,1,879.6853183753773,2.2959796167435798,4,0
22.703842723667755,126.34821965076779,233.77891907799855,263.8217613241499,50.45333212101803,34.13209578482768,0,890.5794822284201,4.1471633885484565,2,1
35.080374094091184,54.05083535107176,95.80990092635088,197.67346025241335,76.71103650153053,66.1178079609729,1,956.263462562735,7.7976746529545204,4,1
7.48975968462704,61.73677846299439,78.8592045483449,111.35688617119078,67.69975383513876,29.129483478501683,0,976.9209202969008,2.026970984796399,2,1
15.764683852464522,43.13816711820493,66.6378997001822,130.15584844385324,7.624372358119256,29.991301163024257,0,899.8781253255138,3.7895799857883765,2,0
21.99345462198208,39.201326081570045,149.85779032766135,231.7632790934262,54.721376104683266,27.041127332071255,0,955.4439558937065,4.2713301079883506,3,1
7.19951934752517,56.05727051002607,140.19196141883077,180.106664380706,36.37746793848396,27.098343583712264,1,907.625511031666,5.731976934043433,2,1
12.765649862590248,19.229717976772665,40.70797726376424,121.88746367509799,65.96992515285173,54.93619539001825,0,956.3017535003542,4.223816682644486,2,0
51.85942858617817,65.02188023637518,79.43027030484788,245.48520987775362,43.49018330325152,37.8818578932411,0,932.7291960763354,5.893880944766307,4,1
11.237068046591112,47.30924196950631,62.676836147325474,135.89995177451956,98.15035810346428,80.01634742934561,1,930.0959297508133,6.927260395432786,2,1
12.281279204052835,13.90303511761561,92.20425272926802,188.84531997701788,83.70276580189481,90.47005683550654,0,958.9652634997831,2.3340020856560435,1,1
26.021908795927633,44.50334896098758,70.00908256378018,118.1395030981609,71.53523670222361,53.883185421896385,1,946.5787316415209,6.701721938122474,1,1
6.416918969508748,24.774279750302,34.29666481788934,79.5552174615315,53.98837082539182,27.21834279919183,0,976.7825295513308,2.1755658470152524,2,0
16.030657007206493,39.15791784087194,63.24834850245414,87.02407379118435,61.15572341676647,99.81991755714914,0,909.8937027230135,6.49386069253429,1,0
8.748677514997539,24.639245046218797,69.23956720855529,138.27081821403803,47.00287614094153,14.2329014405519,0,975.0550880618789,5.12956897017054,3,0
20.864083915606372,55.90765185470273,88.83873034696788,206.65897568426746,80.49243123070703,59.467963869482325,1,961.0405257676174,4.591419792887953,5,1
0.5574232574589864,10.357545418679916,95.44928568960269,188.8913984636733,91.28224303275512,29.768425876774394,0,924.2890909277327,3.7650660411707233,4,1
18.806117660698614,57.3530705168736,102.3478275773507,147.36998739922132,99.9140357752866,94.38918318306877,0,925.0896236761844,4.408859551623643,2,1
22.435435883022944,29.70682788446731,79.1411807995991,130.55163098485644,61.88887835161411,39.24669136266128,0,969.2150050886451,1.9531745160820193,3,1
13.032525011261216,37.54482727973013,104.25095184869491,271.7535125274612,69.77911582491342,96.22388058055131,0,934.6189353142898,4.0347235178752605,5,1
13.693914367764075,58.62203126428498,122.97301137715667,209.39176111471207,42.986938654245854,97.55211279939758,0,907.157884967147,4.907198952843122,3,1
11.771772288409233,20.811939263579923,44.80684713197152,148.27088839906133,5.804953738445427,94.86773552490877,0,874.5512682934216,3.1143737361790724,4,0
15.86891322849283,27.01220066760174,41.649617136615284,153.1281017231837,71.80749307780688,81.34523176072852,1,902.9593684523276,3.1165123734075233,3,1
46.01624070930953,85.50981838309974,127.97634911219299,174.55919962079648,93.7333663313834,76.70940422683715,1,893.9075465729981,2.8446202143509294,3,1
32.3620491830294,54.29516150272045,92.65762434051597,135.35683187817307,86.66433237024913,95.74940980007135,0,884.1932410903464,6.561424672082898,0,1
15.857076989570913,19.423176608651904,64.65788025743427,110.6023613761897,88.46897344346999,30.130295139573803,0,943.9885486696601,3.1370913309792527,1,1
12.769301650737257,35.350671722336784,83.30141565679398,125.23556794392772,43.20196478198282,82.89120974886669,1,913.5267976640483,4.684578411374143,2,1
30.306109499214784,61.23585974585063,163.4158126482735,310.5616078915315,72.78739538726379,20.213907854619173,0,880.4023268822282,7.780475781276745,2,1
19.8925182203216,60.52843628646954,89.83191827864215,145.6322928824137,65.6508480364684,42.56901693777764,0,905.9680846878649,0.3377457188618883,7,1
7.036739633125157,31.115225275730594,80.41547201669042,214.7425052037651,56.3888065762658,46.16486798477778,0,885.4456526320603,1.8372338071622791,1,0
14.474739825807895,42.515037077117434,57.09634106801035,114.19569927647453,19.40388313433989,99.57937806679595,0,935.8464408130759,7.409282948022949,3,0
42.80974839805666,100.73082149746708,119.57108745373407,179.1136409540124,59.66699544764902,38.88789987261539,0,916.9603359850232,5.761973252850479,2,1
25.300267628488125,62.124125372141734,98.75118200322558,111.8640703824897,33.36613763034226,59.926021660321844,0,972.7627701466575,3.0740231154595934,2,0
12.88183894399732,28.30240212797749,44.907620725688744,89.02105206666238,71.84097113218199,67.0141655460082,1,936.9616810424915,0.8091788582738162,4,1
4.43035149279663,21.514199369147207,77.99876952415578,227.60134015691608,94.76098065740811,71.00550373234341,0,954.1689978829322,4.160082450107174,8,1
20.787998602113152,64.4587958283539,115.25456245927614,261.41008842953363,74.12749124740019,20.813525502907314,0,906.8561783315084,6.292574503278997,5,1
17.801745089784127,41.513275479303644,63.23416782392985,106.54115339583574,29.65524687475886,60.32136945282976,0,952.9927391339202,3.440830361969092,1,0
15.482525978516845,36.627298356439404,67.567291669166,76.28675624295843,49.19854485132735,67.12495049807342,0,950.8261220160708,6.767448581981715,4,0
30.539933933434043,45.56752673532558,124.40003523753785,155.1967177471588,58.66224293595613,91.30136695080867,0,978.9982183784232,2.3948557102877195,1,0
25.521761488781355,68.04792654142977,110.15592578501973,153.16663467660788,73.98451893873515,96.15640405060041,0,942.7286869315093,4.011769996778485,3,0
4.5865623515582215,14.116813891011407,155.55243994474952,198.7767565234906,19.04551350923233,31.152448320699065,0,970.7768448768433,0.8124513647151399,3,1
17.876411510607852,31.06503448729171,62.02617780994819,105.2349517820354,54.93128978778933,28.946697345534755,0,965.3607182665686,4.252008549420737,4,0
5.797610224700095,48.231187269254576,81.95922671684318,146.33613233235263,86.71296636551486,71.53716796328263,0,971.0603314621467,6.902342282559356,2,1
11.933015302332283,54.00892982688951,90.63769482940842,118.88226905821483,7.62086494006415,54.05352326701932,0,933.0483656169126,1.3023986795937437,0,0
5.389285558632423,87.40458935002773,95.76603074352927,153.97122522426065,74.12013478213743,76.92101839994082,0,894.638361191507,4.915580548568101,4,1
5.579469619052967,24.115273020260446,56.68587307212854,132.92356286393556,88.64146715463313,86.36247502720764,0,934.353000418386,2.5826423417469644,1,1
22.6564201141959,37.874850262137834,69.60430696252075,115.24455566049774,80.5975521192562,10.96161869194051,1,971.383966831015,2.891980413800793,1,1
21.073665756520732,37.574139294702135,97.61011733845766,164.10368075178985,93.52471630838846,89.08574510933863,0,977.0320400255503,0.1678002267463904,2,0
16.894093784099265,20.978022061181612,101.93188353653261,266.6602495874157,79.3574963585577,33.88913325780916,0,974.0783705999464,4.31063532597353,2,0
11.106012491662359,13.13348423055466,42.10433414373591,138.13179995379048,54.21220088724828,97.24572345984893,1,918.519944428803,7.884098882878457,3,0
5.009092807712305,29.025197983901222,33.66240023789288,121.06331274649642,50.30875727251282,48.723580682044926,0,958.4763249855856,1.260220393634245,2,0
11.978260523588611,26.261998819267497,67.07152854784857,115.48767621221263,8.024769616205683,86.7202730642455,1,923.7417203753679,1.950609177827509,1,1
21.14183518143674,31.288250350614597,47.72269744402999,89.54191977296836,6.76693987266267,27.994193370227617,0,946.0898677497839,1.8877731994307685,2,0
20.793233813039528,41.70666814796736,85.13038439708589,145.62424468601287,65.74954409160898,57.264128693020915,0,917.4690766015614,4.540836645449356,1,1
42.21965160250261,66.66008564638595,109.28377182997852,195.48154096780308,31.16323887398015,15.695924432537968,0,903.2828486520089,1.6002742927152858,3,1
38.252511524612196,55.786520804503475,76.1857025403561,148.94362928601055,34.17405946236469,76.13586026434385,1,918.6129136390978,7.618070453270235,1,1
17.402031758000803,35.30050944948305,76.3560635671412,144.44624646368186,81.67123743718203,94.78898536968813,1,903.7677713557225,5.600956768152796,1,0
11.876978151186277,26.021011598970567,35.859571685369716,141.7177232105114,15.570781968709904,85.88107351883897,0,916.5496307220722,5.039839709720456,3,0
8.942395870506832,41.56118168857925,86.90401814731632,169.9368898169474,31.96428968395253,71.23177670149909,1,944.5453757086508,0.13138083513905766,6,1
4.268097605189634,16.696673668541692,80.59119297433834,182.37861689094657,70.0786644943535,20.70442876751484,0,892.0822959731945,3.817593651919256,4,1
6.410685134499493,14.703512843115568,67.07872909407055,99.54320174089725,7.903791481106583,98.55638101964797,0,944.4387013510539,6.494537725432495,2,0
21.164414512658183,34.81567822364428,59.243361114898676,83.93103140317422,54.37997563902192,40.95662055416646,0,878.0981859901217,4.10525216856659,2,1
26.766408206661808,49.9758416325414,110.68960064281818,266.86669494332,13.118787616416746,66.9495571925655,0,870.1751838351706,5.932400551001597,2,1
13.858121913845576,47.89342160082984,103.9822629020994,112.09368098238629,77.35739427271815,34.56820787733624,0,895.6349155085636,5.488255949725102,4,1
72.39674318968716,138.03729844224753,195.87144237732568,223.03860202718113,65.28533233821574,84.45899277632508,0,892.259588125932,7.4427970721373615,2,1
6.468941531001596,27.462106218544022,114.86837048771443,162.99082399338835,62.81243491177421,44.0578284863074,0,961.6470566439882,2.9964947286455326,2,1
3.849711673143717,58.56570806635288,106.96282680111715,240.46580891602417,26.022080289658675,45.1609752633825,0,953.1645479432417,6.620398208967694,3,0
71.57944340907747,83.1236335911849,98.14350513462601,122.17800550830806,73.84637648741165,10.403202474901077,0,943.3027485533503,2.1574045296264863,2,1
4.771334240879497,14.603780684122063,31.927466346137663,45.69615509941428,33.65951968988228,61.78017421139659,0,947.6878194674305,4.50450143063783,1,0
13.709693754927736,40.83034741691874,89.25522693344735,123.1170669746536,59.227404747182085,32.56584096304448,0,942.9285319419931,4.981757451830951,3,0
9.593166537902869,39.701613017141746,46.79501082080461,91.00973145346134,13.74282602080569,92.96646187197108,0,960.909626029666,3.59747141902615,5,0
22.306573490317405,44.93888831634208,77.1318365661396,143.0885908945931,14.12821928771693,80.48349090715115,0,928.7284932159127,0.9086872310173584,0,0
12.909565235999963,118.09453190055214,145.89601392075198,234.4722740230785,23.429071860750874,95.68648187009312,0,871.9407145819063,3.530199643195943,1,1
26.824999338384153,38.935439468455314,93.91767123796633,201.91981055784458,25.52048082989769,45.07707623441152,0,964.9647515718309,1.6561857734109977,2,0
30.96703921246124,78.77247242604932,91.42293707071494,111.31719891008478,17.011080226483685,69.55570535554156,1,921.7466209503193,3.9497817434508744,2,1
4.225318140906272,14.30008785570438,70.02980462100348,77.35960309543586,16.233602563902497,50.662177509344154,0,972.1268512800198,0.2629279810824514,4,0
8.691750871593655,40.5401111563536,71.3173334472191,135.79763540906328,88.5079452761043,91.84037102794046,0,968.230442408558,3.9189859954041837,2,1
28.441867065339594,48.749402272839504,94.965771945162,118.60944006368463,57.69017275433798,39.18350576296837,0,913.9274224018914,3.0808978697495526,2,1
35.26542082389197,59.07978951966453,72.75800098753626,113.65479548020471,64.10681741204374,39.56731283334216,0,972.6380235428895,0.20671890989534164,0,0
19.508042619379303,46.83885181069425,104.05618289663983,154.15113196463219,32.34306762850461,42.93491694324509,0,876.4442488870649,5.0197946706130985,2,1
23.49603352129765,44.382801164474465,115.89841171641336,158.99542147849598,10.27130008615475,54.801029616516544,0,942.8563232554288,2.5727282449427187,4,0
44.01592152815305,61.862810227890904,280.7575342461418,293.0410659603356,96.98600471629305,89.8947341525556,0,944.9640357139699,4.700753394031034,2,1
13.038303287947715,16.165249541067908,60.27232928580639,129.2680431484613,10.132673444553483,28.672074288496535,1,962.4143599054009,7.098753926227373,5,0
19.351919861284102,57.2172875520268,127.05575871291506,318.3060310288828,83.14952134281273,68.61771131555417,1,921.8588637308119,6.92883681646307,1,1
38.28099361775313,44.38630209637867,60.94556826829081,119.27768530027824,68.18321101248443,37.53615707387795,0,896.4622129762924,4.078199743734121,4,1
39.89580488883242,54.32266591579268,138.67261140005763,348.73599322755786,43.71449637380215,17.43951155057736,0,874.859690993861,3.8229502481799464,2,1
15.960968011130996,41.077449648032,51.610715738821895,59.56532929424396,75.92674386554515,95.82912821198506,0,921.4019822196125,4.313129293581482,1,0
8.93271441461062,16.216201169859016,122.68029181336865,156.07178559081433,77.64957627619044,80.72011976276028,0,919.860224634365,3.183543755337329,3,0
15.82664513190451,33.657974598871796,74.72117334321288,247.19323719998866,88.43771761332361,95.68169428733074,1,909.2024928603859,2.431258040223478,2,1
17.004087901307646,51.90094004484234,63.39530807006199,96.05737603570296,56.76790461563236,46.02427028275236,0,940.0064493193055,1.3453114648544808,1,1
8.655606996006416,22.80671861836471,51.20014371164106,123.53257321557061,25.30218515415381,78.12822209075247,0,928.4518747466782,7.329211671003466,3,0
9.794215510639479,27.86290900463049,97.20929243763557,156.42519047073893,59.39498445718394,68.6030339766279,0,882.7109808940596,0.5869735828901624,1,1
39.93301043016488,48.67762058078887,81.32374412950469,130.19722041475546,14.434933407410057,65.71154843353025,0,875.2932400035494,2.8264020880651084,4,0
24.271557815104686,39.845987918057794,72.16785843224153,180.94710179972907,40.74175393386426,13.624332210129477,0,967.9738576554963,1.4148779642087148,1,1
13.762323375269448,20.040930735901952,85.18080690133213,145.85556746440443,62.984821556603166,16.45562080823386,0,951.6387767813553,0.5782193366420635,5,1
6.840366905311893,29.799527561267553,64.485109060702,161.4143079389222,28.92927677968902,27.57365139809319,0,920.9515234407664,1.4647316419367338,5,1
9.893191049645978,14.77513845989834,95.68604964407312,270.8808836887088,87.18286114183945,77.46885628470848,1,924.5651004069624,3.7021268527008924,4,1
3.5329756477784735,15.255092455991196,39.088281047543035,150.00036628277033,97.72492530681512,81.85080116975053,0,882.58999142857,4.5156836501780955,2,1
19.882436884667477,40.32675477269366,48.005806148591425,75.0016177716,12.211456670294085,68.24987772607062,0,898.9862146657524,7.1654789642632934,2,0
9.441731205866603,26.340862762077407,62.523618012981196,299.9862319858526,24.559804241295524,27.286183054135105,0,960.7252661388732,5.502325460689814,0,0
21.038505558748938,47.19248378133682,86.54939447769911,173.23213571737585,49.93610234641273,79.98555371328918,0,883.897465080907,6.435509300598005,4,0
28.241055112224608,46.356100102568305,69.47261433601761,121.71064198880697,8.604435466065825,20.212164006913074,0,881.4726398251462,4.471092342350786,3,0
21.260921613177025,24.37374427616687,69.68962401321285,92.96147818028969,13.828106024683471,90.46210586496451,0,931.395093643664,1.690003494505204,0,0
12.463953987929713,19.62921328850379,28.63358745439012,91.9366295636048,90.56081174294309,44.629670246264595,0,962.4345943066307,6.813855944329446,1,1
8.277154128696717,27.978101497047014,74.20973504181913,109.58568801609121,9.325335227636636,75.43789256628727,0,911.7033394649834,3.8486723670566065,2,0
5.959935650213998,47.457524157052156,61.837677016488286,80.47888903024673,28.511004003270205,25.25455508157109,0,941.0462007498442,6.192869109342773,1,0
37.37970121862277,73.88924261556431,85.34834664062596,110.45867486071762,45.24510714652606,38.285427449546816,0,969.2360324242036,0.15017351376405516,4,1
20.600209530384646,123.96176752109996,162.5381586066389,178.47738002509632,6.9436255984932185,54.574584764966524,1,968.038106533703,3.6205447466197556,3,0
13.03192994176956,25.919472386617322,36.55374437343294,46.58064526467382,82.00641105718024,54.671948894014726,1,921.4661475233104,2.7771623261091967,2,1
25.70725758646197,59.781546903834425,65.06825678886923,111.81471011108903,83.85073796941576,18.74797770823688,1,902.5140692403104,2.4478994763112008,1,1
33.43570990648724,65.8279504320986,116.37081652938664,172.05222915769394,42.49367283298903,59.34870251918909,0,933.072209388669,5.431282463152212,3,1
9.60829292836592,65.71508902614553,81.54891489072455,160.71231013355595,24.169475560737993,16.76061243205219,0,971.6618360476325,6.6138922330193095,1,0
20.153888465749823,66.32999634230171,120.48107209822213,205.51511505548214,89.77401344252121,93.13119836490925,0,944.89498896273,6.925257675087093,5,1
20.45010171360599,44.693967842326465,74.58281784271726,115.87778948722499,69.46282809984397,47.959071692774664,1,975.0689509206285,6.425772964627472,6,1
42.77799537240779,73.01499810039216,111.56579236235427,156.86268185098533,54.766869112865855,49.51711134575611,0,933.7078301795145,6.5121397558895815,3,1
12.888860354802807,39.11249762089905,109.18259890672356,178.7419234094495,42.277791737575306,61.92941743770342,1,872.3345377191033,6.697158861560294,3,1
8.01996668162079,27.15032312787189,75.8133954675163,101.97358437575315,56.23130047322871,80.35072479487549,0,919.2716543909854,5.579176465112262,1,0
21.784323472197453,50.48079532211931,105.42296690607617,199.9085062455561,28.703596237046177,16.25813547725164,1,969.3602212222058,6.1033060363369245,3,1
27.201220598153085,49.6241285599073,103.21855455991638,151.36656881358317,47.71200728538619,73.2680240870969,1,873.7140976658408,1.8471632456740477,3,1
18.972543256829965,40.68586843019509,62.12684823203225,166.92122177637964,70.16028362669913,91.94777604253149,0,937.9793031876607,7.662260156407073,6,0
44.71683258478882,102.58924886358324,149.7572608832341,214.9374968924392,44.079092158199934,49.527705892560974,0,911.572219541021,4.0748381263232005,1,1
12.856774250967371,37.4501185509366,55.03862360791206,107.07578108405248,70.07068438430409,11.193882288978019,0,914.3993738689267,2.1757883927924824,4,1
19.31840884629814,40.315853681000334,87.55645830134091,211.21703582286892,75.1789287562435,32.26316708199478,0,932.4332998399268,3.69090817224157,1,1
4.571327593524171,21.877615585210545,50.71824107336934,68.44585036010986,76.60263187548273,94.69413882714301,0,915.273342429541,6.603796069722832,2,0
7.634908101477663,23.777645668521277,57.16363685503623,134.00360309041358,59.071903071182916,20.621759371529464,0,971.2154676066888,5.570657725504421,1,0
9.660070237969784,16.62248575355245,115.43689828575388,271.70487829689847,22.516858073878048,11.225222249732749,0,903.4062230225346,1.3055773171007032,0,1
14.579541157863353,33.72458188515776,85.80176961725911,152.9246946013596,71.55317089704569,94.22740316505904,1,953.5209537413275,3.565311474443884,1,1
5.33089718219275,48.2952336461175,71.05600271853095,129.4989305380637,82.83170059249446,87.67231554146886,0,880.1287442986245,6.065543990132464,1,1
25.455805267426705,38.028640106910274,46.97983406810576,153.42550611958876,13.957439650818678,51.4352843167425,1,906.6127772291923,5.582408660408986,1,0
8.953348947169365,10.699075957688482,50.12895892083195,91.23036515265615,90.11676746596653,10.485550181301157,0,887.3660271113514,1.5976290512761404,6,1
64.22009287524331,92.14009933399147,102.24297923784343,152.03501710875247,94.42356572285968,62.53934785599989,1,894.1807029273031,5.968652000872596,0,1
9.22379837438852,32.278626990884966,139.2335062024155,162.56593060546342,68.48241428014845,83.50856932320958,0,932.094509002406,5.431259163808592,4,0
17.885214760309726,75.06899639950531,109.15445684291298,148.48257017557515,15.551163952403773,35.74637060811642,0,907.6241905137096,2.0305652425314813,4,1
16.26514743561875,27.703555022354145,93.22744716533475,183.61712828747676,67.1006255640547,25.54619131012538,1,875.3628109564957,2.529857144674246,4,0
7.072106759209504,13.268551781220443,25.402444256768383,76.10146701749093,38.82649882096457,91.41928494602803,0,964.9742920750106,3.4132955863241663,4,0
14.622816330158964,31.224514781521037,82.39939491475043,113.19978489607239,33.84632890741237,79.1133679461491,1,944.2933540331956,5.422449434985721,3,0
14.48428590384469,29.054374856237995,103.70910153454047,230.77937805251273,8.492580995743873,50.32731079472068,0,975.0736864612206,7.616384093609287,6,0
30.98764664083393,35.010348601177625,89.0539524613146,205.64597537136035,73.85923822731203,91.45132973892935,0,958.049252499387,7.958467332849714,1,1
22.368249045916293,43.51459386457697,105.79643683963596,322.0643955382385,58.834593497909005,64.73403810637086,0,931.531027691674,5.545027431862569,3,1
25.197086858401146,38.7941791974155,86.83015027368089,120.54272554193005,47.82534428791165,94.9679734620462,0,920.6411913838372,3.3582709416954284,3,0
30.529317565728427,80.73169861461193,107.63000626719096,223.6179132028007,41.92539888517254,19.284490537957012,0,974.1270492821883,0.6408105618202741,0,1
25.48111902893126,46.890252604728445,65.07299765235041,153.91775072170486,44.125961146144355,49.27734374769117,0,916.6380430752057,4.784597725278497,2,0
20.03301844062621,30.25797884461756,50.880081223389155,120.61234812432032,48.04399222032964,71.12950781863515,0,929.9388695480137,3.9056479606101484,3,1
9.586214345787567,29.003344773290298,137.58753270950493,300.03434123778584,50.361418235101276,46.71076516827957,0,906.7109819873011,5.398686865375232,3,1
19.12037381195725,41.845960252954285,84.23149227169284,160.69617361363657,14.279657115587025,41.4789338149434,0,900.8696726481319,7.719304239300372,3,0
8.130766851543932,38.021449439610905,117.290012404944,153.31823778787265,41.130495488415974,72.58814905570532,0,963.0110783742734,1.4177666938442761,4,0
15.482361999707111,35.63722051953976,59.46062948410358,106.67184830066248,11.083485465691279,64.51187064293666,0,897.171338314435,3.0278964358205536,2,0
13.989420957845986,86.52478623858892,146.3618103981023,163.16143636652862,78.71343543075912,35.428523824448035,0,885.8452872521616,4.6515909388989645,1,1
14.68175820677425,21.42719637294748,38.56065112622791,125.50922099884528,54.612747377072736,49.96017253028007,0,950.0842872589867,2.8706376196011743,2,1
5.382416001156184,18.792437257121293,49.28162880410345,210.15974052602627,80.9539427270511,73.62111027905591,1,962.5274647679786,1.4907920553924772,6,0
0.5749599494457146,10.838575030298953,36.80128830026955,113.8367046844205,45.78540013433559,66.42152590839613,0,972.049514912619,4.828520821704311,2,1
12.062942341687748,27.186395226472882,127.93388660159442,197.77188565397074,19.5443455347233,50.77236796296073,0,943.3718360438387,0.4111110793096865,1,0
35.446448522807344,60.24812072782474,79.85206580473779,184.35895012587216,33.459676802009795,33.400430667295275,1,908.321679230548,3.07864112701892,2,1
17.692133614227455,41.234534562609205,96.70243268910878,190.83461618828244,27.2167621142934,20.312978541467526,1,926.1746446858056,7.78430070710999,4,1
33.73495937900995,63.11076274321812,112.00532183252042,241.0786919226909,46.79087387274591,85.61576307746948,0,890.4896678829581,3.877839226596939,1,0
8.177550439240388,29.489364944410696,42.639624174154086,103.06881783823924,79.9465310158535,83.82822157045986,1,893.3313466925841,0.9025529004708568,4,0
11.593858071039318,33.875870940406244,113.6933584312886,195.41264606882174,16.08013999068233,65.19724263557346,0,968.5887382752184,6.6908829728759365,1,0
66.71691361476536,88.35350935819329,174.25143927275207,232.5000499519284,43.00951659123755,61.420793450565455,0,963.3720458665684,1.514406678011605,1,1
8.609915073709583,22.59514166520311,65.10660826660825,88.04627212949792,13.720161787759286,22.269680325506982,0,900.6875033582761,2.0815693847581915,4,0
24.856129465815133,38.000088968603784,75.6782078092743,102.84856132249682,42.18832159995463,50.20583845789867,0,911.8460646297731,7.703256120010698,4,1
24.829011314200788,34.91199600329617,42.447253913727174,80.34740608362954,60.33963164441139,53.547875932916455,0,975.46713461001,6.223308053414118,2,1
22.957299591514015,53.44138197704133,64.92316748421214,87.2203139379832,11.55260380654931,51.52734620613161,0,913.118313972208,2.6430728028178683,0,0
25.07560631307905,27.30739759676259,57.18998994720879,125.45758048801052,11.330974396509252,31.788243284187786,0,906.0189202721434,5.213428448548662,2,0
8.504223710867723,30.424478049666288,48.01765411289098,156.931607655908,74.39846059726416,21.143052233972988,0,892.0678111958059,3.9533565531383266,0,0
12.526288467179016,47.05670647039804,112.63195193424085,154.0802226895815,43.71228704607938,93.8240311609967,1,914.8420489498767,7.150725356719597,2,0
0.8825427361303753,41.84275987372965,52.915504529688576,67.02499139684377,38.381315551580435,60.07101839779984,0,909.9983214554073,4.52631995802066,1,0
43.72822283984106,45.14924962275793,55.314675373133305,90.37530514203047,70.20037454595645,87.63124572875306,0,950.8288647829422,5.320412474524626,1,1
24.971171024507232,39.31536270929193,91.48452514734603,142.45165933793945,13.052518312684281,70.47865806597974,0,908.1688858500391,1.2781887652824935,1,0
9.669410753276344,20.279347347983126,66.90094760955992,170.95627179443846,86.6729215837939,83.8277876095242,1,920.4143821327891,2.0739243588108183,2,1
8.255211157554527,21.641011606708087,62.04251019483927,126.04855171401503,78.66547102199115,29.439783470755554,0,905.3495267896634,0.3096867621743261,3,1
35.859375236730926,82.74743027567763,142.73817079553078,206.64565371791815,42.01625247008391,19.54307747335536,0,905.1312606172761,4.747130701129697,2,1
9.109503577580577,19.77833771623349,42.06581150247331,126.29192722204793,49.52720676817167,65.2483258756429,0,897.6349008921255,4.543892340479018,2,0
9.644170807479389,44.11802945532157,70.98735688394474,185.54976543484082,42.78297745009955,59.4411859576136,0,924.7924321098013,2.5317415881998206,1,0
6.803275974161808,28.951636819573928,74.57879382471418,231.67224815816965,79.59687024511774,18.68168174062297,0,917.1924886497706,1.9338523446128517,2,1
28.287195334957822,41.201756427089286,83.5373106648691,125.09870148369697,7.754424184301166,65.01658254758482,0,876.3330660517385,3.678961619596013,3,0
33.402931726059556,45.249994278074624,64.07710118376934,124.51467619010607,68.78192185499285,26.370921366536535,0,972.3606641881719,0.9198814989172469,3,1
14.05544421303774,37.92685858615957,110.59216667179642,152.09459595260597,33.74203650263523,19.73503367591878,0,908.3676350820608,6.838340551820457,3,0
33.54912924453124,52.173196934131475,65.66402392310411,147.06670195753964,79.05697657409199,98.67057030731549,0,953.3301519814522,6.67186092841769,0,0
21.602278764535026,25.320019275459625,53.86153786380006,67.86083514333123,98.4713395308527,60.01447210032204,0,969.7621756086787,4.809551744786847,1,0
6.435046901449195,15.025630118031643,29.378646741475897,212.87965299080037,31.50293219362691,39.679054892004416,0,871.2535674541261,7.222479287523061,1,0
41.65260155678291,65.97480426929262,204.24979549847149,291.44776247176344,47.3559152953203,18.82502374690846,0,883.564746793093,4.9465411693254,7,0
6.738371187914804,13.189945765384454,51.594533820198905,130.1237979397443,57.02112694997615,92.50502065608623,0,890.9602942193787,3.9782258063881177,3,1
14.850612070340786,52.75898981869338,69.44455920605346,105.22745277625252,57.34966210138828,94.83212554520375,0,967.4391244640041,4.839841959359816,3,0
14.087101575044922,18.83763381795619,44.96003955616434,91.29185027804704,19.87421344239809,33.12598092776863,0,930.023445084704,0.7749510855269213,4,0
12.219918718203251,28.123325818184803,73.29458661878238,95.6154941715211,60.4083857247384,49.15225737763328,0,904.203690917998,1.818166572640838,2,0
2.4068504350027005,33.55517722544204,98.82006353159541,133.10418397670077,73.7716887804993,68.09928188574878,1,874.852934248534,4.510724488031292,2,1
57.949751757237124,65.92859432310631,84.00935946090182,198.57886879706092,94.68270598137046,20.004111016681858,0,873.9045975077576,0.9867386185895586,2,1
2.8103456910346654,8.841757991431997,97.59001597824914,114.34275874326796,73.91111085689519,58.326154017468696,0,933.5264815571497,6.495783458041389,2,1
43.379303575057726,70.65774795416536,108.02214065260804,314.9751115663872,62.31416006132656,29.677779282910663,0,947.343574174673,1.4447717356798149,2,1
8.013333694635191,43.24873947750903,95.74632409642275,224.54119107800835,27.158823373549676,30.273746918939118,0,912.412623065851,3.405755533100217,3,1
10.434880673874654,27.249451962282173,51.85962541784113,129.30707787254795,14.30241512418607,64.27555019335668,0,901.6348870615074,3.928078477294947,3,0
40.59943166835171,54.627744545016235,102.14464687623033,134.5464693363067,65.26178997735764,37.90673899372938,1,958.7211300506674,1.347649107787244,0,0
23.274120185361898,27.832379046313832,51.0602992170906,148.07894748005032,64.3923588586901,59.53176519783853,0,965.2097105160972,2.013108449181568,2,0
4.729347693349537,25.4120692077271,52.62951708408982,143.73388867704546,84.73909050911745,33.60782780674846,0,912.1832462758629,3.9266906555274743,7,1
4.632246561203612,7.721242542575507,74.6233863192555,115.57530317807952,47.3796974310158,53.8920479654234,0,952.3011997520787,0.9436256656406602,1,0
20.909662282955885,68.237871399254,118.78515980918668,204.7105122998729,21.344122764046595,93.90084421837696,1,965.6397869779482,1.5786218171204895,2,0
6.6322611376137,24.093549472784808,53.414061558520345,104.23853627567144,26.349041908718327,53.625281873225354,0,911.8626032762515,0.28322071792386827,1,0
24.0509614150669,32.802866237749505,97.3161467029407,110.28683054189258,50.25789592247672,55.12161834690461,1,887.6810636223693,4.100949563437537,5,0
25.796251338290787,37.54637675394359,81.69919731771603,105.31007278450639,34.64500317043907,54.35560940543727,0,910.5260340049907,6.596023380726644,3,0
8.770158002123107,30.655106612320456,36.944992872268195,162.84182604885237,22.125377853608143,87.0906171055867,0,876.8430484576533,6.505421181487589,3,0
10.903003865228865,24.355266593855873,57.86535762473859,102.7935039485797,15.245870842104065,71.35651768377949,0,873.912762405204,2.903682240623168,4,0
21.40112167266508,40.66419094890371,106.60157650633161,143.67147978774742,44.17333747974834,12.75627660563238,0,960.7385036111019,5.530797431015087,3,0
8.442110376586445,16.090448299488905,122.55552418749122,190.6076365858147,37.0642377595478,20.615870615965065,1,963.8043026369292,7.920274588484785,5,1
17.710387887434017,59.224619117316614,74.5749176269571,83.816223966537,96.7011696566333,62.00989896840445,0,941.205525674253,3.444905745129525,0,1
69.33076100613124,81.29291459740031,144.4098226612881,207.47847526786023,86.35921174741804,78.41627937342236,0,964.2386422361988,7.319251343074087,4,1
22.13705894277483,24.22053681395765,61.39645988535639,132.45096836044326,22.431683783281304,20.530635937069142,0,972.9013165227487,6.250509513203723,4,0
12.357200783232773,26.773980468006577,39.92132749183636,135.20542664852337,76.56856780468881,55.250614230623704,1,945.5081006927524,1.497006482314719,1,1
61.80237528941042,72.26706612074327,86.43145167088277,113.82207887635809,50.61879435111199,67.82457185974808,0,970.2801262283089,3.6094456543395776,1,1
29.689070580796493,69.34059652090816,85.19111349401531,125.589044612322,92.97937075239506,46.072206477033866,0,971.1540542143835,7.45328587198379,3,0
6.77962851413069,15.571599841506611,25.268250650248223,95.202619294539,62.77949439194917,72.41564504904338,0,900.190765398301,1.4236873195306738,3,1
7.979497476094435,21.277758037665294,33.38763060224424,62.832028889632404,24.379375645684394,40.83637222467931,0,974.4935688360081,0.5553212699794132,1,0
3.1968645647877736,25.53679158612353,63.77094841124283,137.6364104691525,23.616985979462356,66.07168479586883,0,978.2228729182602,2.2113924168911736,1,0
21.122736993941665,50.63388362225352,56.77871293495112,124.69508767869763,96.89342210278542,78.91392948841234,0,900.7733767492098,0.13835670937666175,0,0
1.9179052545030761,51.36132108792727,69.67656558318316,78.19409918921848,92.23626181547975,96.02351996857801,0,939.0197512043629,1.1040861132620192,3,1
61.75308139753359,71.2078228068695,98.64634861840368,211.54949797453156,50.87162328038394,67.50056448304781,1,894.2218755595783,3.4675371366476195,4,1
13.560527471845717,59.35971807813134,77.76739662746945,107.85218041255193,58.57433582112398,41.64214885653346,0,913.3130856519155,6.1390462326478055,4,0
30.954333704498787,69.56621230858828,80.45309454079819,144.69130241647255,56.974295639883046,74.91165734023392,0,938.6464360882379,1.7883961114958769,0,1
12.613397626285776,22.942222194459887,59.258429130803606,244.38589312665,77.53032072597468,82.40315905073757,1,874.1182157808479,6.812293172728563,3,1
20.85661169464384,30.142579850610726,48.23939082553865,80.96554568224562,50.076162801049236,47.3172656564696,0,941.1056878330954,7.904393410388846,1,1
15.007012212165424,40.96390918247275,60.26560741301246,144.87066521474344,16.64986427440447,42.631031819044445,0,923.4646703447441,3.7670160108513095,2,0
17.334047459897878,36.247551956017,68.61386320924407,282.5381042582486,35.80692634208939,23.72211953499024,0,883.615033256524,7.937859847408301,7,1
37.66561481640089,63.57370619827746,118.78861003717006,211.78453291125993,58.98622372853912,70.92096819065404,0,945.3051118395135,4.664724792306462,2,1
50.16893492819961,64.95815364730628,86.78128155742499,214.95260310225814,38.35206690691093,50.03822858367354,0,973.67161236619,0.5757844472038427,0,1
47.62574594302148,68.00677314157522,90.7398531828305,115.7683992699647,82.28710516036965,21.961780855841717,1,870.247612055191,0.9734922930427884,2,1
104.60150314385854,122.1497750893378,134.85040625203192,291.182200944163,95.0509752962836,60.53115278279079,0,918.1532829286988,4.152212386727184,3,1
9.257270176373233,34.91147009411826,100.35408366414987,113.57928635440653,27.989819673719463,99.08909012272107,0,883.8755540847786,7.382334611105885,3,0
22.338901765215645,31.34144555259008,68.1184305633131,156.99625117639056,89.46887941763963,14.619670117962933,0,892.7707661286087,0.8779982977646972,5,1
9.441410229223534,31.01480646771661,93.72854653836063,156.13079406560175,72.99214942937517,56.39665364010095,0,924.076760298005,4.616550287377667,4,1
36.62906059655852,85.40057816468493,154.9146588786187,204.72117572519107,60.76077245533573,94.22430425798366,0,902.0434547464679,6.5069138283441506,2,1
7.0840261946612495,53.992668773538774,75.57905401101213,119.25070867429983,17.387108141196318,96.32146299320017,1,941.4080671668806,7.866442632578281,2,0
38.107630490559224,61.56692111283776,121.17532374574148,215.56667641725443,44.04027013141026,40.754985762990046,0,899.0442319215595,7.273212168333358,4,0
19.4464252764833,28.284371206170213,67.70205240720279,103.54732449547271,99.55848796327983,25.444549731690486,0,955.3873732296111,0.9377466756224017,2,1
15.670716343907971,80.41106548331838,103.56233782684762,148.99591039389625,66.59338361518527,47.865414394073824,0,890.1818094598486,0.706734029746176,5,1
17.071855812060587,42.73217853136771,63.096475203941004,152.39675696307168,61.20992303472881,38.667608862760034,0,969.7970333075189,1.7215786153283097,4,1
5.978120665197655,66.54970779629588,102.5921121031556,227.5412079829813,8.383636377808495,53.43272671292642,0,914.0163198343989,2.3111220242676582,3,0
6.463781115142332,32.89350546601648,75.26349630034746,132.96808993766373,35.48439169157179,63.636411453581985,0,876.1005345710311,6.939858031025338,6,1
19.7020018283691,20.90389660147799,25.49561903663347,185.77386570558076,51.374800051870835,79.1416255645186,1,880.9692776254655,5.197176060635396,0,0
19.604184477920604,84.06803888286257,109.87654831039212,180.6288035004219,65.95815904086163,67.07416512537304,1,928.6244056908057,7.543571295033431,2,1
9.808936031231044,44.73089298973249,85.84402189852115,152.05513144566908,86.42601414562407,90.28489209928236,0,970.2136753391146,3.408898393671146,3,1
13.443927311243232,33.24787342139382,81.33050024497776,362.74691160592675,48.51650677037494,76.213922554767,1,926.6876762982567,3.339998513416376,0,0
23.702104170906587,27.155556981513968,59.340681701232874,140.2784985737484,31.073078477353956,56.67826904879027,0,919.5195608213237,2.3089542765637483,3,0
8.402325788277297,46.00115622022247,93.08711976239645,290.5575455651988,31.721801175625423,20.736931732562006,0,955.0078780994082,3.5563921103152936,3,0
2.79413933232365,29.04179227714998,49.43317296454879,316.3503058729085,18.092037053823265,82.33774803641538,0,894.9473528194113,6.348247946937447,2,0
44.777107139105865,121.58092206539673,167.84657883722628,193.6571254078104,18.826185624099093,74.2749371081264,1,944.430652673423,5.603921021213368,3,0
20.724931201832852,77.32966480985493,119.34427269833077,154.74711394491638,34.00527561717002,40.25522842627221,1,894.0097668126322,6.338880782229388,3,1
11.33757205854425,70.73934947309944,139.52142158722572,155.4520675165617,77.82553406260531,30.876154177358792,0,962.9866393783228,6.662493597065635,4,1
9.416912203967575,32.416085142669985,124.1223046142536,223.07188206965392,44.255960911759274,69.22715918983596,0,966.9466554947231,0.13389777424626736,3,0
8.330551938518504,30.569992226886832,100.46342021189031,200.38840236690257,86.65884743339086,17.580313025154606,0,891.403519729414,1.9745605369287285,4,1
36.531077794901734,62.992271379631646,92.3069948301181,134.06205569192332,95.16955043485561,80.85258545890169,0,885.7929114315614,5.268597411360741,4,1
5.052433797796932,16.362553755412023,29.717648818177047,37.60990750693221,12.164914167527883,30.41962264016562,1,949.5675035819128,3.625123189161459,2,0
22.29757941564681,42.548117067444096,60.85249652590227,144.47040361421168,72.52817312193342,63.41276959092653,0,941.8130661519767,1.0278747741296155,2,1
22.283875990384878,39.540519573670444,129.64425274298594,146.96806485068987,13.100259242193736,37.320578150031224,0,938.382081315101,0.6118467169902403,4,0
28.643888093397038,73.55326831486265,110.94963733485764,165.4932592138804,11.814175304738704,52.95160985150595,0,926.0325926312838,7.552465392199833,4,0
12.24449458209126,63.47043959560797,106.6514333212128,209.21082371766101,31.198078897603853,82.05665162776887,0,884.1967130848695,6.802754620753438,5,1
42.26364847621248,74.08476652723142,136.74694832104495,206.2325063023564,14.652243035274626,35.83251979035627,0,949.1425443311427,2.6204660096144234,1,1
29.234626090300612,38.989931201705616,74.78935452561635,199.06061118307196,67.98232335093383,12.978162126159123,1,887.8559955826989,5.150415832304069,1,1
11.91063373446135,79.12664535539196,156.0169667560268,208.32958148162106,73.03135857899305,16.965330324919794,0,929.7123484132677,1.2593772017208147,3,1
9.042734953032893,46.50649212026156,58.4668710609168,95.15510305636022,65.73010586431258,16.702753168430675,0,908.1277073418195,1.1662842412551864,4,1
15.039323762017297,40.183200541985954,89.81308913016144,121.21282127729646,59.658902438273735,51.311784860790105,0,906.481367900705,2.7357413299272904,3,0
11.588372724433668,41.322008724185885,149.68495578850644,250.45921641627808,79.21771481269566,17.495283474124715,1,961.5486695755908,2.321787802835853,1,1
7.802534486834512,13.317188208009897,94.2592784455768,153.6608974425615,78.3949488729042,47.14022996562437,1,920.1836720836351,7.837135763130514,0,1
17.65078937732121,34.932458450173115,118.96223967354167,154.22694231779437,87.67432230074597,72.80697728597724,0,924.2805040195367,0.2924243485335206,2,1
13.514411408882168,61.05882851125169,71.96161095762426,152.93017470024284,70.85360127869599,89.18817896302615,0,968.5810941152737,4.423602481593312,3,1
49.059212758388995,54.298952011987105,95.8310250868407,110.43842821523867,38.80806457721285,29.928859475727556,0,931.4291795424705,6.847569516057707,3,0
11.573038248062703,16.65191525101622,49.32347293824491,114.83778461959093,54.84465129592664,88.90011134201747,0,958.1435570306462,0.3046599289605786,3,0
8.972246011787545,46.600818854739046,64.81353260401579,140.59420811972194,51.607002234122966,98.02756563827998,0,964.9155429100537,4.474443852656801,1,0
16.79930107892901,45.05286415002623,87.0512858247184,169.929149273128,15.247351286057938,66.31369990586109,0,946.4700246736055,3.1019500506180395,3,1
20.247914688702636,25.55366084725987,39.02267541339362,199.95903939908806,82.11559383041528,76.34985150690615,1,885.8432806226857,1.805578023128805,0,0
21.395395802573958,37.46806837706309,84.48028637521881,134.7485357047429,91.7211163037823,53.473372289415465,0,883.1183144283443,1.959401702285313,0,0
21.24403811920471,46.387973523942435,63.49657522345497,140.04211482062885,98.51884462012474,16.736317879259868,0,917.7647223484552,6.534113539420279,2,1
17.233920617656835,40.239621125020975,85.64410883741078,170.6838729779302,28.55692771812916,96.39465085270116,0,876.9507014872878,3.7691804591421016,7,1
16.299166278790022,42.90981761920286,61.83694896606427,121.75000423181012,14.08581849696294,95.07399462420004,0,903.0788631715412,0.46246696443740865,1,0
25.899875230218644,41.03125859420118,69.09893816312729,92.58761001908756,15.548975915115523,39.049751832582515,0,892.9317379437365,3.3297356693245534,3,1
7.181609109553221,31.06515623736328,57.18578956138957,164.3159325136725,81.40821246721194,27.616694393114038,0,874.2513134779855,6.552119341257281,3,1
9.027917156713048,40.80886900676575,72.99959572153791,80.7645333086409,65.01546007093748,15.893620883111812,1,913.9044326157406,5.544335233793884,4,1
3.854574903841707,33.92716618410527,68.52721497714265,93.30495830855118,76.83141369376523,54.803693191618024,0,897.3988049185836,7.644132507197472,3,1
7.288640217622282,22.784714277301227,48.99514879866497,98.22470783310851,90.99365833142475,93.22920411181843,1,881.2142330093999,6.207404261405218,1,1
34.126374594382455,68.02153743079651,83.65189068511226,108.359891407946,26.495579594933318,13.684723359225183,0,950.3327464424138,1.4504921723729858,6,0
25.134452782113506,33.92168136530731,105.74717809818505,171.09845650014273,39.58810478009231,65.03930523397449,0,970.3837121171233,0.6279376333912341,1,1
53.40629689949533,65.15469143693336,100.82436236289246,232.949099069664,80.27525420972694,85.20058024256322,0,938.2835728598861,3.754199238636421,2,0
45.2132425242831,82.80527265024246,125.46599119409107,327.4258167249713,29.64223018383054,44.173225196692655,0,972.2254498650448,3.6140030008764614,4,1
25.286250489719706,58.68768493637322,84.90659445149021,145.6107881744755,53.07388140533677,65.07790983617701,1,888.3107038502922,4.426827951963853,2,1
18.701280778823183,35.323910313879274,176.25928238775697,256.836503854768,47.12781396565558,49.94319103811631,0,954.4897453127916,5.406046043003019,4,0
17.04438393736536,28.590680266759456,66.4907714725357,131.5935481454897,61.55399027223793,15.885962384860967,0,914.9468412496944,2.1091420152266687,4,1
1.7708211296596497,14.656716123024518,88.89457208285981,147.2524375624747,98.87927261385532,55.401487086181575,0,923.8483092771158,7.9077171236140344,4,1
15.641352611142805,46.44881656181522,74.86083775190629,133.466203990198,14.852925612766768,18.01520808591623,0,943.07116742693,4.008633339194597,2,0
10.428958120073794,37.25497110181387,88.24947172606022,267.2512008887178,51.04102643324323,71.64725222994312,0,956.1896624775081,5.748247015287925,3,1
7.586171388593595,18.52648375952341,49.76112291677656,59.59726698419304,96.10374715756501,37.90877884371246,0,876.5800012410731,3.3263593707931163,1,1
22.494565645639625,55.73394685320277,122.29481179520715,235.39380568156687,38.04830337466126,82.2252680528006,0,912.6999399884908,5.506934832036802,3,0
14.219991327349115,30.272541140308526,54.42044994989013,86.84089162339723,75.35674453724612,62.83324660252239,1,954.1478165011764,7.868831589289222,4,1
17.841386471728548,26.894888275162852,41.00160090775442,94.13976683763991,93.28069035163561,94.15276651994223,0,928.8445108989663,1.3133370596374785,2,1
6.611551016606022,20.60962957787445,63.17309826557463,86.90880486687905,27.857705214701376,76.39681269313488,0,907.5859260099811,3.5438118398162977,2,0
30.108426570376025,51.53470941422003,121.04945263290344,143.15092187187975,12.73112412007388,75.23681698727606,0,874.4584164742809,5.606499696923385,3,0
11.527578015170501,43.95375038873577,75.87985721578897,200.57888366643775,12.190837727889914,37.41515209762714,0,870.809948023815,6.869154974756714,3,0
21.643599075539093,52.61904624111708,76.27332062096893,114.48514203494773,11.934394299205922,49.77251084545056,0,916.7612464553256,5.133782612662253,3,0
12.334949549824044,30.85738672359347,42.81620046817636,106.43432243613506,38.299481013527796,77.10118066239286,0,923.1951247975062,1.9271480538864587,4,0
1.3763545063132443,24.715580383201385,94.87116505798214,182.53814424852044,16.99038989618498,74.98075250137377,0,895.2118921444704,5.196733599987535,3,0
23.150107873127162,40.45606042446069,58.14759821818335,218.74148016543342,43.47745413983271,72.306094376196,0,957.9587536994796,5.019599420865957,2,0
14.957106765178306,25.91410804917538,51.86320517186361,74.64383622129407,76.64211988569998,10.71559665074369,0,949.5803075716977,0.44479364791433085,4,0
3.574421355090254,22.633605527939988,48.14742845059942,215.44381985263823,33.33148875898432,11.558933760749317,0,890.700512851845,4.894462248585552,1,1
5.880092338420031,9.302484841118265,43.10719038613023,117.65674648235067,50.544727282379135,16.072016629813817,0,890.6793818822083,4.307420614597883,3,0
30.719864273615187,82.60238525133258,133.30990551523828,205.64715838001885,17.100035706480092,12.842513120070047,0,965.1333201997143,2.3868101204812904,3,1
3.767195289387434,26.66321937116223,142.1288662123547,192.02498486997342,71.33752263442113,79.55641527928361,0,971.105524896996,1.9874492069724752,2,1
11.281237051023128,38.86541645642705,82.70814536426717,127.17641371599754,35.17910469312169,59.220516752900686,1,978.3010758702496,6.166305105488652,4,1
56.490580364139795,67.85700857429724,79.87785409097154,95.15274343969564,17.846447706162902,55.44059976077993,0,945.5028901526124,0.6128701253823714,1,0
23.578731472038235,46.33170469832815,78.91539014459073,217.48953589410564,95.69370290060013,17.703947282429223,0,972.181431319105,2.3475867231346874,2,1
27.83821705971155,53.432361995081386,97.73365109832231,118.88501981946253,78.11413293162472,79.71609517003178,0,886.3353422452262,5.6384437057617465,0,1
13.269807157630053,29.942305058056725,107.63379965975471,147.91399261819964,66.97113179867785,18.355991062051565,0,887.1279746495024,1.7527268242722678,1,0
3.241695089821332,20.614847341492446,92.54368690588201,217.48094017490405,73.68496614930821,29.963234527693412,0,874.569036850911,1.029087053624273,3,1
19.133928030787914,25.516412798665023,57.18284644645507,114.80228728669053,45.42177041890215,83.70182896431629,1,929.2378132188825,7.864869235460251,3,0
6.281332192405547,69.45730475131127,106.63106883836022,132.67250014093182,33.341454411219345,72.33194403601985,0,894.3401550864949,4.568488161606966,0,1
5.716633659985919,16.944390725834044,57.92357669037679,166.1643214947635,52.498732828897225,18.33519263557454,0,932.5693271377197,2.223244883634083,3,0
17.53310250176453,30.002526947057245,67.28321555359776,112.05091575769158,83.39951159436971,16.65046147361824,0,870.8449870012374,1.3163262726927802,3,1
6.703709791030425,60.79506054898377,93.33716094862724,133.14584902269945,96.56030530582336,46.58473067646091,0,928.1854457639074,0.1561398914973248,2,1
16.048545134998196,44.54949114866514,137.8649941412143,159.79038717115287,62.50172390466417,64.30543766587292,0,967.7802500084538,6.023041316184478,0,0
9.289918421427062,41.90064622722244,62.48281970888901,104.96643159241107,40.75416493556678,32.20846978233568,0,949.8503946694934,2.924219110505119,3,0
15.626278382714283,21.617258756817186,85.49068573928156,134.41029927685065,73.22956918635985,62.66564477384806,0,910.3707241977197,1.6370486971009361,2,1
10.686768168604319,33.23416216528882,89.52882432021273,175.9748089490082,71.22144012657196,42.34627342763768,1,877.5068519374928,7.237895902264682,2,1
15.960684023348295,22.020477377828442,53.67007287003324,88.38746164344235,28.509105850180298,62.97680677225724,0,896.9640939607126,5.6010149420595825,3,0
42.74293372303768,52.621553365278,72.16844573877722,213.3321765956595,46.37383250053857,75.29606606981287,0,925.3693656594368,6.502244405048688,1,0
28.27932328408428,97.47353555333481,133.04392602335398,260.1764809029352,17.731293669541834,85.88459108629188,0,898.3101665382834,5.280344349299479,4,1
14.627828659614675,22.989637938845327,75.16377758551573,202.28687316575883,43.21644210994585,27.626206543634538,0,955.40330435783,7.342014593321198,4,1
38.257354493208794,69.80721161221075,71.62217965717812,142.5427836576342,77.4611364614995,17.660841905194733,0,972.8686954723146,2.8211665448910703,4,1
21.86858893503585,30.9493692534679,44.333255763393836,147.956084924768,34.82076064306068,20.6542152078286,0,889.3838582881807,1.3356381224429987,4,0
36.4956305712644,46.568848424799235,49.99851824673797,147.4925977990716,65.13810738169272,24.884190386919848,0,870.613517308233,0.15269127693009577,2,1
4.225497700724287,101.29441357752985,144.26757285275733,262.7005751289023,36.12671909361367,39.19191178171353,1,879.2479371582659,0.36715250202463456,1,1
6.77558413335531,25.369322897990656,66.99824227325607,192.6380621543807,18.974848891169025,12.577199539914858,0,958.3141570899343,6.845488992838907,2,0
18.968273135898038,24.540644413535027,39.269527059635195,139.529680677331,75.43181774742037,84.928479547659,0,875.9078491486857,4.957378434932909,1,0
14.346808278343433,46.82534621525703,65.1706274558974,166.80891890710564,60.9846631518823,86.41496114250313,0,952.09363736054,0.45991730920061247,2,0
15.989794973538679,61.29034367765926,101.31602218218005,196.95846637981126,83.41847795960312,74.18396825563781,1,914.5729271703935,0.943138103789977,2,1
24.46842344347919,59.032083623454916,67.79343389001326,169.567401165509,69.50064019112817,42.08340518069054,0,916.867041963111,5.60243587983026,4,1
19.109432491748787,36.488850289742544,90.8011683277532,157.33221755200094,82.63325475736043,73.60739457816507,1,950.3848483866402,3.1406134914010115,2,1
30.183826553607496,48.01284572806076,77.09017875643707,117.69788149172129,19.720067565278164,61.71459549744601,0,905.2033116417571,6.217805054173952,2,0
29.61576819263709,42.731410070651975,76.60782050394974,103.49897455043906,63.38544895402091,69.6110970354714,1,959.1539586051912,7.498802925872745,4,1
7.073257695927512,14.551874368938986,50.534976585300456,72.24358783854305,39.90096604947461,17.9095349848213,1,880.3797438079271,6.072396149983907,3,1
1.446444911840166,26.696791085783275,38.92125252183942,67.81655357035383,75.91811459601807,88.7245103633869,0,949.0523602225043,1.5344508541887973,0,1
6.660231524020198,23.386673380305687,59.50572697875248,180.3880476922082,60.10817427971947,41.38120383144802,0,969.4049246291443,5.232393517361016,3,1
6.265740807609656,12.414469588525158,62.45773806931105,216.56197145665163,10.147109343041445,34.23027609620917,0,888.0678375232759,4.803204819463333,1,0
16.917429868904296,35.859991426351996,55.700526735357144,154.3437765469485,55.686867739000334,45.17328642214078,0,931.0344480910941,6.798540548040506,4,0
16.753760395525028,28.038928546375033,46.132279086757755,121.73289310851166,75.70767672987893,32.256826794634385,0,940.5076314982922,1.682255087372556,1,1
13.678242209262097,37.98498459959848,148.91814718510963,164.16907462283206,29.9648971004579,99.47523775118964,1,884.6036658627777,5.779473177262049,4,0
22.478919958593842,45.08048322704109,61.68176126835443,120.47660526942407,67.18001814971353,68.15932138562064,0,929.7585354992963,4.838288212197768,2,1
73.18590128246386,88.13914038543173,113.07259793491502,152.02659867004098,84.88794813841754,90.67702245532789,0,897.7526077905467,3.8727941091058216,4,1
13.442990468813196,33.06680944100647,115.8923828250917,154.83921060991972,11.190916655618755,95.5923642105601,0,952.8935904161534,2.3995722969473054,5,0
19.557754750110263,40.46064710091662,48.649451205474854,118.01836727865285,59.912125244727235,62.31165386068714,0,932.4824509372896,0.3056533962847797,1,0
15.987053011176497,53.571342775505634,84.60320569061773,182.80499344929763,89.3220853000125,82.04666318940238,0,915.1624236024686,6.464246490961459,3,1
9.902995626139877,28.994693674631804,78.32233115028946,143.01963319590232,17.00988950718787,91.47604541189634,1,951.678442843877,0.9486932350218776,4,1
24.630042391147864,38.00310390946753,70.46483513714827,295.2075207108037,30.57852912169788,23.500795896978165,0,950.5005361666517,3.0812241521059844,7,1
12.922507561481538,29.06370511190212,36.071178894176406,110.15441981836076,64.4627837480668,34.224266954803284,0,893.1523680675821,4.0196235523109705,0,0
8.187684934103483,68.27137470956058,81.6368571414159,94.81809585690628,60.592469563464505,46.1453039223794,0,872.8180472209625,2.704780016262749,2,1
8.736338810191116,18.107267546426186,24.044662063475414,203.8512434025705,80.3726316077758,66.05580888142026,0,897.3119576687103,5.333370687328428,5,0
30.937172818570005,47.904902937474226,77.4257277035515,139.6906983754491,64.76002313376378,79.146739932355,0,967.084440197329,2.69505105566755,4,1
24.19872480701699,40.971940856300805,85.36956377515384,238.85935572559816,59.70527645369514,41.05038289142207,0,913.6521623756789,4.178874754195484,6,1
10.847181860544694,28.170378528939292,47.88311807992767,69.10820262675482,47.92588175759233,85.8419964927543,0,892.1607137449039,0.8520231931985516,0,0
22.21470040121961,29.456663596860224,55.78473299277145,90.24800294852218,12.433681772733472,68.89249893626291,0,910.5748343512673,3.532512052580032,3,0
16.131321928967267,32.20406018291756,58.42578545760399,86.95868619373314,61.15338953291731,43.481987992103804,0,912.1467781177574,4.705703953740798,3,1
19.80690706382563,32.638702424541165,106.83233446327965,225.6885487514872,19.879453949795042,71.26424311537295,1,919.9477799079151,6.908420555631915,3,0
9.685293539574474,33.912186648581354,73.52527635080968,211.61028111424037,99.60570164471558,86.68310746766471,0,919.503289413574,1.5345736515698725,3,1
6.45123674334598,47.735946040992474,83.75604799335227,173.9264873204665,12.457507795388114,40.23562609220259,0,902.7901318647392,2.775218450168328,2,1
12.864801603336538,38.45835892019802,105.01598983740058,183.01331915296458,12.193048855573016,44.82837772821906,0,902.9432208632159,2.1484023677360753,2,0
7.512114603305418,28.987291285124535,39.21114530438914,53.58065405093568,79.7962960461466,72.2650526770683,0,957.9728764610574,1.3060548927291589,1,0
7.0198389138817765,34.4238654822389,73.66847539933153,110.97253840398568,14.6106993665672,48.68399587916119,0,942.9332253539857,3.1463776320219354,5,0
4.482257535183309,27.423357593101635,49.80516437458801,91.2999719807095,43.482246479576034,25.990115422247136,0,944.7335876165358,7.275864119189466,1,0
1.4613858091754341,20.966709889311502,101.82318443336241,119.61925236976964,93.11240764588013,86.87493749904765,0,890.9568374384564,3.046214103935362,4,1
11.007063084418443,47.631714672393166,114.54431051540854,174.67833173678218,79.84883444191529,28.138999846273475,0,979.1048174827978,2.2500979180030813,2,1
34.977372652552106,50.71227560480111,73.07748539094204,164.75159921277356,27.120008562139635,32.17085101514782,0,879.5619346287173,7.668534007818001,0,0
29.21743902783231,36.36828062422613,63.91244760947598,174.77736429411962,28.847837274010498,88.10338993978732,0,945.0781800093883,5.752242580579385,3,0
47.071524626052,59.55886036785449,75.33288395145541,171.20493380272416,61.265674214486616,67.77603473993426,0,951.7758391698225,3.020430429070481,2,1
6.746156260153783,17.930619918881867,77.97288066747443,130.06903803819137,51.21171820712851,48.8447297585229,0,899.3893607311159,6.01961632977134,0,1
25.769861501039387,96.59509187020434,148.16088188381752,191.9244857223464,16.09090430971427,44.36284210608436,0,878.4801419166167,5.144501806223297,6,1
14.57466072899357,57.49382542615081,86.18279393770788,140.57735938651643,20.07149731902898,26.49127388356434,0,951.1144280440661,6.85323257380772,6,1
8.749187878068499,30.41487083563826,58.87328358486455,117.86007047247259,81.27515152357866,16.112458079275743,0,932.212077856215,0.9769705464680077,1,1
32.27815504378342,43.70161845243287,67.51561524910716,95.03960251072891,37.75512242506798,91.84797565495693,1,976.2190257711811,4.364887903679962,2,0
14.689830089879285,51.06436502771875,128.69364123311672,174.23969452988132,80.90616392834248,14.025741491634921,0,950.0456328337461,5.64678261705568,7,1
2.788673060502409,23.851270499031482,54.448067148705306,94.2732564750805,23.033593020471127,15.55111246489718,0,972.2650920945612,7.981632339499311,3,0
29.000242960943673,44.76155871133098,69.29450851037609,235.76690082224354,61.946090212331946,77.68914425426675,0,939.772558471458,4.853740907408891,1,1
21.12376546967784,42.31156421894261,98.46668895145399,215.48895841232374,52.98532916341994,90.43695151988935,0,924.781180772154,1.2114449228588156,2,0
17.65280532660813,33.745284244856464,36.84751588419092,127.89632161813225,36.0066202959633,73.87413610501716,1,973.9208028208732,7.775161074225325,3,0
5.557315697366512,32.73609401984282,59.92283797704908,91.39935292009673,62.81481867766082,31.78688384483628,1,960.0730922369357,3.7242901251073137,1,1
19.223548804083073,25.787052693780517,87.15986426358783,190.32213281834254,16.830810055567405,34.35851468441723,0,873.8558537215472,3.9567826673784845,2,0
42.818900419825965,69.86374545504613,159.04602062333777,195.40244190827954,86.3644982727515,96.52401058138356,0,934.1352814432904,2.099858919449538,1,1
20.699869529517652,36.7760661762445,57.17637462942646,161.08697417174005,75.62141780524527,73.00742561814988,0,886.4358411522572,6.527669599783643,0,1
3.838860548794076,40.760866683694665,88.35414502699277,141.57898864073854,32.26246596628808,84.50240899459952,0,974.2783610444477,4.28146336402279,3,0
21.857503565345144,65.44533381771616,85.74303649194042,215.7944404871216,60.11441835721684,50.17309126226115,1,944.3465535778266,7.793824142260179,2,0
20.858106940407236,70.77029396623367,187.76572542647932,208.31594053801493,90.706045909452,79.88709029526015,0,919.648345552062,4.200323850498201,3,1
27.26576173923275,101.51781909089533,139.12475596231866,239.81951500374873,45.118955120525406,98.26943530487233,0,975.5858384979487,1.5263898755745382,3,0
20.435488510156354,69.21628894730313,120.52938487809136,257.7221565696983,39.51745294607673,42.104810475300454,0,906.9986834421477,6.185419062032225,4,1
7.041801761371362,43.184223352859,47.16096249941383,102.47617097338005,80.89997631050609,38.84706237430366,1,918.8560765396606,1.2668380496475427,1,1
16.941840652218776,24.383348125103527,47.99316984451196,100.53632616304549,5.112671982542512,13.865291574246399,0,913.8966243778557,2.338452307636056,7,0
13.044155199532524,14.832017817638555,71.17610292220544,135.25274586975098,70.20545742890164,76.33202778660717,0,884.5051197913425,7.52194152596226,4,0
18.49387673318827,58.00748079904437,68.1513088923796,158.55120595369127,25.501575815526326,31.66029263986929,0,886.4875895441699,7.813289532805734,2,0
33.09384499091958,42.92871974032853,80.46920896806247,122.90626317781002,70.95346445655764,32.85201058623677,1,935.0107419616874,6.23564611791801,3,1
9.26506343793448,117.35203770152279,209.156291646364,246.95304889062052,46.600595427344096,66.88064797641044,1,877.6482008686266,1.7344861036801487,4,0
51.8542429630095,56.81566682322966,115.2570995940388,297.24185662244565,6.928046379834486,76.49455843778384,0,972.4191502407916,5.961176940154216,1,0
21.755182900055942,56.86089178647868,105.61997095647752,156.3479222615493,88.05468582864289,46.67285722774597,0,906.0406366772916,4.793026543778709,2,1
29.115362607291452,52.00681817621397,76.70789164585938,138.21709097291608,56.921276953159,95.00875543168176,1,905.3060346604808,3.6292420340412774,6,1
26.442353988532943,31.99352991929134,44.74059786776088,91.28632797268725,34.79211808253753,24.554055926308447,0,885.3648828030615,3.6244690309528536,4,1
21.125562333648958,43.915277112053,76.194573837366,171.3285203150645,71.82106560241253,57.46149917955108,0,908.6048085545074,3.679095117751331,1,1
24.010725879863838,34.91949446616462,87.66411686704676,127.45945311958167,52.1143476553146,65.5596666082822,0,946.0263978758818,2.6466265112064367,2,1
0.14686063379915926,18.78799860611089,34.56227892533382,92.66605458988545,8.320116524346272,65.56431836430774,0,975.3058368295597,4.350464168922985,4,0
26.40732775561652,45.24566153930239,103.3374108215793,224.65569190102934,66.77435809285464,69.11662877120354,0,891.1846133689528,0.3886452067976971,1,1
7.551616147588799,18.592695046051027,57.60662633429695,168.99602470905407,97.10550341672665,67.04949499477812,0,889.5356449311802,6.803082485980819,4,1
15.377057659362752,30.375126964024673,48.52287764656475,98.56448008226681,26.088045885732907,81.25323230042531,0,885.2915990872821,7.186625472810915,2,0
21.018314641996984,31.189154191220283,39.06398523695858,104.29081548922329,86.97797898313381,83.26738813291628,0,933.139147263769,3.187465124314298,3,0
34.114452580279995,37.69276964092969,47.665026057732,80.41779790243143,63.994516781520005,97.97057304364571,0,882.8626368117762,7.593689590875104,1,0
7.5536646949424044,28.980402634939303,60.36892803769332,125.53476449648613,12.400346669967355,94.57285464667527,0,879.6936648288516,6.231544927903999,3,0
11.234716843614752,59.85114038220047,130.83653594684574,333.8769739609686,74.34762299469578,56.793476267791604,0,951.8327111523708,6.798265169269679,3,1
12.51117303886857,23.199462342695547,41.56216101125801,148.1831702413238,46.94156466616229,73.53528119257098,0,957.2498478602516,7.141101361643554,3,0
18.661416554514002,83.78414439051922,160.9729731981484,193.52412862958124,80.40472767215319,46.218579621695035,0,904.6020083335783,2.7885156811583047,3,1
13.138563715957938,87.18098815619733,94.14101137775613,112.23483471808656,65.39582833091737,68.55829456139372,0,933.960937998503,6.520444587674638,1,1
24.087822612286764,38.09903952015199,73.44535236841543,106.63054736935169,5.26454313952144,10.669998428169157,0,951.6612571505492,1.2465213866302485,3,0
2.9167240977510507,19.653171570767405,52.48892038141324,77.01281724142231,16.998234613960882,43.083342194169916,0,875.3850756398956,7.8185852516214345,3,0
14.45014123747552,28.682264155853044,73.3346796710347,131.76741315261265,38.481763901316654,92.30816522391027,0,939.8170910761759,4.802689301635318,3,0
45.64996201115038,53.19569596622471,91.75990926785154,219.6367151457854,50.7761601657312,70.75031248119546,0,901.4817242936717,5.583729996053603,2,0
13.166263446322388,29.964981032794682,54.41996273656069,113.33924493591036,93.55209228945785,11.555179611639986,0,915.0028857041573,2.520607199036955,4,1
21.814554678359617,37.1860172612365,61.78674151580826,101.95832098232167,83.08735975110477,57.041808580380454,0,909.185020295124,0.35173924920856503,2,1
30.585123623910768,51.74104226766508,114.2981720841087,165.14883212104115,81.15346853516667,42.929952445797426,0,949.0174842150063,1.3884515442879268,0,1
21.304930843940998,43.31538426906093,80.01900661047384,169.01783912808048,56.259757532071376,82.78978953171492,0,921.5653668882252,1.2223687885087529,2,0
54.92343853630685,61.95512433209291,65.68381823468762,137.56886023228196,13.822051991468214,20.335999506362466,0,953.6074632122275,3.5952168619712657,1,0
17.2430161834206,47.62755802728594,73.98396124032308,107.77411520471357,75.85171361005193,64.36567247637947,0,904.6502806210058,2.411038714912509,2,0
24.94794432883543,41.592699860936975,69.74138319113005,176.75840840037415,13.222090605146777,74.0863167832569,1,929.5402989555639,7.56062732334815,3,0
19.23674999170925,27.572620317751923,55.60240674636688,84.43148474983754,13.687532914037751,63.59093925253978,0,969.7690110314454,6.748046800323682,3,0
39.64548246652883,56.000112980499125,112.62963948857407,181.2029090216946,29.233166392681024,34.699156247245185,0,918.188500271294,4.364823535084583,2,1
11.687382450365767,34.324567988736646,56.06952232564448,102.0306563761894,92.64355483423566,81.38713327254968,0,933.3934314843815,6.833818533745078,3,1
57.84783777898583,112.5744796318316,153.4349582564151,208.90501161783516,76.24228458850479,81.42349355805298,0,943.7555327520301,4.722112606016089,1,1
9.462274665007136,58.46763428820878,151.2982391638441,181.1381212210453,12.281992365850549,42.483667464248484,0,970.3542756123907,7.368161502546429,2,1
48.56576498645272,61.64462994970795,132.96198015089993,198.6908183966533,92.29649317573053,34.00042683294734,0,939.9748808669344,5.986645466020697,5,1
6.783735712196291,24.315587211683194,44.54672168784637,71.85815569400773,79.42064211026896,69.75055667515359,0,937.3632941831428,5.907976082003455,4,0
25.517912211346005,35.432998388392356,72.8930842415166,116.49751162176584,62.34606488611601,43.10374929272432,0,961.6878895195656,2.2716886163416885,1,0
16.131343770544948,41.48471314481081,43.27864849423734,96.42049511381435,17.061392641328542,41.081437920265216,1,979.1012380148859,6.376271932819122,2,0
30.150309473515744,43.814314694367845,94.57151999779651,128.83768345874097,35.41167061237745,50.55026431669974,0,968.8828114945582,6.20167905038856,2,0
22.202917663082623,39.280989769641515,51.217577440228084,193.3349994765117,33.56477325274096,51.22815083188316,0,883.7366709125914,0.7394501021692587,3,1
29.03277603083389,69.49907966665265,103.32842204560237,146.8402495026912,65.80447832797137,84.66601256810937,0,944.4093450899995,0.5573547517683834,2,0
6.569077728194632,13.574555814652218,44.173441215705225,94.80968433856941,60.84761403828905,95.75371441441219,0,906.1433833220729,7.061880991172884,3,0
3.5264472432881244,52.60709168957275,121.53455739075375,185.7091915702164,31.33789440886345,74.21166109825322,0,915.5914344462781,7.832956976656848,0,1
5.616706761939789,32.781238634567345,73.86362057417273,95.32892811838198,34.55442778977225,17.94109746051796,0,940.9879045494133,4.8766262846706585,2,1
5.482670588701354,53.035201798678045,83.46406246561067,98.3549843564478,54.251962955635825,40.40064961791316,0,885.9624176061106,1.4492784307251898,2,1
6.495964830995927,40.20125900736875,93.31994261668936,146.5146314208228,85.31362670873867,27.065230065124716,0,946.194673162697,3.427393505740853,2,1
10.008572752103346,48.03082759581584,124.3357645576829,141.54465438249483,16.991378347856518,69.69385430676942,0,902.2854623450963,0.26628648046158293,4,0
9.934388696704028,30.31466959430592,32.9505554658311,111.64207219522724,73.94511677614892,63.83266890121185,0,960.1156594668269,6.591643402973219,3,1
16.42280152650204,24.565858817546722,45.74202301833107,126.88833869135385,99.5890512305957,98.42087132248226,0,910.886535449456,0.9149606122311934,3,1
8.040904882450663,20.329406833713158,114.89779018898051,193.56865490206053,76.22462360676305,50.29267605177776,1,875.4958439674396,2.747690296862505,3,1
8.612071217019468,19.028412283181616,143.4354637306855,245.33932063982496,46.94925593756452,19.49127415590219,0,935.8659600756702,4.545363753614243,2,1
13.798960417011976,16.500483347536733,34.549062391070265,87.5806586621801,74.50908412532118,63.85540831417066,0,952.475809788735,5.614688509696437,2,1
33.03144994119547,73.44890903960457,135.29137888738632,279.9452277367787,86.76521478393651,43.02496025286468,0,937.8374026065633,7.265899075031195,2,1
11.525595900356652,30.20900264482879,48.216106434634995,121.89013398992475,78.00750947477495,26.018554147728235,0,955.6661243034326,3.4323319579992115,2,1
15.607774320384136,25.324869343877246,39.37762178916061,176.89999931095932,6.211962685904789,43.38897803495024,0,958.453980797421,1.609130222161288,1,0
17.59343530764252,89.77329401222825,121.09376769547605,220.0565711439735,17.491883930174055,31.436530201428244,1,874.648453570871,0.9602943007274225,6,1
7.201900366846492,100.16925407885618,166.8781401982261,221.20276267967148,15.17854802012752,27.749127133450436,0,870.2032106713697,5.302538334004762,1,1
12.452499460967918,18.657524212049847,47.12229215937336,120.43911654305077,8.023464832726557,53.52762523655506,0,894.6741020122209,1.1175835432814656,2,1
9.210991045279828,25.999726071549766,92.12224049511647,180.69670930267534,72.87968513856994,82.90096775881713,0,894.718158724265,5.299999506111344,2,1
30.91493612619359,46.867787919228434,117.10479194115915,131.177352335973,30.400477284768776,89.7098206448895,0,931.9243535585512,3.7042570545660185,3,0
29.185529732129996,38.24589595589588,62.02891997584858,83.75829672134324,73.58587762381153,33.42841617492262,0,895.2009156522553,3.390550247707513,3,1
8.431245936267102,48.20130725090125,71.4460649956489,233.3241899211084,68.27935176954053,50.35671529350645,1,910.1332203501245,2.1612400834877183,1,1
15.380163732531315,18.12273092801221,47.16348564750629,135.18953247473803,54.74305963966122,85.86023516575486,0,919.9026547639774,7.223909473574274,1,0
24.96183352603676,85.23352848493262,119.98204109698784,239.06498139091565,10.672851239875875,98.98096162772184,1,936.090951755961,5.757877197852465,1,0
20.481950494092406,41.51331110167219,73.2823041688319,125.82873939294836,34.004091156116694,86.49388721061942,0,979.6418615815363,4.24493775400024,3,0
22.101567912633225,90.36551736413124,127.47628277014886,266.65781369047164,7.575901182881646,54.463235859740145,0,945.7357651494248,3.447888212527446,4,1
7.2416057224863595,26.970618378111496,52.119761912160286,106.89363198326019,91.45192291599409,88.31223479923739,0,899.2370567780109,2.9475228660185633,3,1
47.39579778815183,63.30280253792792,76.23471884584245,163.78990588308642,34.320193535753745,73.59645497597569,0,908.5878154175651,3.253397535787059,2,0
9.846080614757335,51.78662485333523,160.6288740089222,311.94574665731926,14.020207561192564,20.216389122405328,0,874.8022257146687,6.8437581224102875,2,1
9.612591198085003,77.58322436370557,98.74247720138368,193.42886406643288,5.239221053456469,17.57273756458945,1,916.1476504419734,3.429174849964958,1,1
4.983430683652123,65.7772018235272,73.40370480024782,102.44185357692001,63.09370319522083,94.26377334470305,0,934.8052208606015,0.13476782234778759,7,1
14.273799287998589,18.49971665838512,74.44208694208035,131.9185695639015,63.992059716019305,93.19981185685481,1,974.4375749675049,7.393639008568306,1,0
35.43538898647804,85.9623521135264,101.07765256674547,176.36360264774203,99.5179028011484,51.25290695103766,0,899.4738352290677,4.783563134746916,2,1
20.331906187838406,35.621385647747985,87.85849459976988,179.26673612142946,32.417872819888665,69.5642319282135,0,896.785216175187,1.4088559367219964,2,1
15.15251419850981,33.34282665537704,53.758106914015904,182.90362403197835,9.41989367276861,37.43127770559778,0,871.8957292670657,1.1000323577348068,5,1
27.727893558366286,42.76323478757531,165.04482454770562,256.93039279198894,79.04132373459885,73.12588098473735,0,933.2128989870049,3.0749824223302857,1,1
34.840305440497815,47.123568666290964,131.3278064675578,190.62621298080845,33.93528589151613,50.15658983355501,0,979.5457253855391,4.936652787245411,4,1
29.14061575285522,46.075775650087195,76.09507339227414,127.07238237659658,36.41260885493635,41.36343784356916,0,910.8201628745011,7.519449559844081,2,0
2.5093619595307297,11.277607282622505,60.10515461169638,113.01687569139877,91.2347621890363,49.654392406797015,0,924.7632103635341,0.5301772236245238,0,1
27.893683322750398,78.62444575790255,120.90843808964912,164.99653947473482,59.66017630909323,50.999869130242,0,876.406051813739,2.8869325428747548,3,0
22.73280026446507,56.10702489063441,75.9316351420525,118.51397651628585,43.03321659553901,94.84836464857783,0,932.8195392974342,2.1316561783699095,3,1
8.270448489390947,32.307819095741436,86.90956370250508,204.3965164654312,95.30298225190009,89.64823796460591,1,893.1078203064383,3.42738830764641,6,1
22.800519354526486,37.83081071292691,74.72485845759681,143.1737497529639,30.202660338626124,27.499058828109973,0,871.7004041274316,6.357561290161062,3,0
35.48375763191627,48.45340311250651,89.11519511757632,133.8512120229657,7.040401626611892,35.06211382335746,0,945.2229242402582,1.3525296869399945,2,0
10.211409137630156,38.16797854698935,89.77020294627764,152.7973716894651,26.933151925456556,36.943733740213304,1,886.2514406620086,7.486287605778995,2,1
30.582787317425822,55.20945918962443,87.61757996628367,134.5390448966552,9.191966744916616,11.041342805721465,0,881.1266474909621,2.125885367530329,2,0
20.658836937228145,64.6282733805015,82.4594933402845,98.17774243495043,43.73599770840571,57.738724822170404,1,895.0990015442088,6.046420973637469,4,1
0.4110651726490272,13.56026947997566,62.391479391255096,155.00927805746522,83.95132306323204,53.44224597701372,1,885.1291221404384,5.151828284608806,3,1
16.018819877048642,28.156300832104876,86.01116077838523,208.15950557950936,97.64205949711493,21.214246053774588,0,938.515083922357,4.427458609654599,2,1
20.064607881580258,52.47108325194276,110.52618885281902,219.56817016059603,71.53048739648642,99.12137915171235,0,899.3772608751925,6.766675931577282,5,1
12.850738335204241,50.171761320380966,109.05710072490254,213.97367851501787,92.9809163770983,78.51567352113615,1,943.8090482010302,4.896515520436863,2,1
21.222080380882797,109.63754822632148,154.33003479443101,181.8558542537001,43.810542955086994,26.477808266097494,0,930.0568651456429,6.281478538759047,1,1
14.731991113392267,18.73648730429713,26.803155722454157,165.57272865179849,33.757400877265496,73.47982402350314,0,908.8996496670914,4.754315130192984,2,0
65.59385226798167,118.22241199910131,244.03265356307742,285.22497209414234,19.651396714349232,40.657023178210366,0,891.2824298106029,5.7916781223711284,1,1
12.139174219966577,34.705864872290235,92.27667736413403,116.3725981583516,52.5836664404023,66.95628260702259,0,944.0010258935754,0.47516294901919,2,1
8.479363537931073,22.25394525882998,48.51099740965947,57.52254845726067,36.05911528933282,52.344180994783926,0,927.6872882923294,5.19635734307244,2,0
29.524715812699597,57.747691022233965,121.08313143759085,195.26382756059627,15.216081188509524,22.49720861130189,1,949.2934862285724,7.123074539618731,2,0
13.410808595493354,40.93514015358811,54.61765254315743,195.51689895835318,93.53192993624465,51.40780350671125,0,925.6738037885955,5.237672963699727,3,0
15.350147506303458,29.451361319911086,81.91230427956629,210.8141653476483,16.751861580470585,96.55184464775033,0,958.2273330823889,6.563209699116629,0,0
14.355514662609597,18.694469545730616,47.05016940355848,111.52478693944659,75.275244139903,77.33174886065169,0,930.471489416461,7.92867564948313,4,0
28.40427975924573,81.15594034448836,95.50910636920753,210.77772058843,11.467131778410128,66.39240123739502,0,959.4676429273935,1.3343802908793092,3,1
6.449564134883571,17.713285030082222,31.8631582311356,239.21476580095685,55.07606436371882,85.91741858886587,1,930.4691322732978,5.543982697305385,1,0
30.540536417801277,40.38164161917226,87.41128810993132,136.39436348812131,69.10624052666364,84.58490227957662,1,975.791729771054,7.188217966541687,2,1
24.077632785580278,36.272744845880496,87.20375847152076,172.68365536814576,27.280775753953506,89.9383526671124,0,963.8510866244965,0.3270955594821926,0,0
51.961886446065364,88.01865976629784,104.89572965570572,247.48485134227985,12.18671661320229,19.79738218560538,0,897.9529221966327,1.4718868740903341,0,1
18.93387026522385,34.4424560998406,63.099349720153505,87.84265298054238,61.36963732495008,21.650552401873167,1,950.0957282434515,2.0722459483600564,6,1
6.896082718253124,19.290583220611353,63.16932291248214,89.71689093107287,62.27615518835018,81.90049093491871,0,884.5183432828289,7.054221263666929,2,0
19.088422885958543,45.982081919313735,69.38440930585668,226.01408658546555,34.638337396641745,99.58079687887643,0,970.2202678496633,7.820131363559405,2,0
20.864257499122836,45.06547231992814,157.6532275597802,274.93999907440013,40.73836826845539,60.62890173671681,0,908.0100367091495,7.316705316222362,5,1
37.58013868422605,50.20118692051597,97.63706048805815,136.136283746937,9.33254770833474,96.78394444611556,0,922.5170379833046,3.844632421463381,2,0
6.880209455919162,11.13283864098996,43.60001977597735,73.51418745739828,33.09991585725824,69.65330454493755,1,872.2626528269169,5.374480671563315,7,1
3.8426695023827913,39.34045923045717,109.05796432189922,136.23256209606018,88.84723512929097,17.67870812145881,0,965.4387581947102,0.9212487701172918,4,1
19.384359787983392,43.91830317358369,94.09330771631994,166.73614121349,21.272978453917176,93.36276704564898,0,974.2815357949413,7.834731426390992,6,0
53.454514608119354,56.36112035987199,100.51697743594241,139.5718514230236,49.464929967487166,85.52912230293336,0,921.7551633285213,7.557948473973627,2,0
26.614820046113866,84.49368150732185,132.53852723886553,172.20012748668822,69.29849101067688,58.2263212003848,0,890.6695439892911,4.810892822533003,3,1
27.70633044528227,30.470901304164187,89.01253125075942,116.2853398192681,81.27381453140917,76.95159839825382,1,946.3172909960597,1.230709000438283,3,1
4.85277282651679,15.361399439402462,37.09200662633407,103.0163864172709,12.709171081296416,41.639849371128264,1,902.6656579782144,7.584779302208092,6,0
17.077508006711813,28.178524204186306,34.35146406095598,59.07917690741449,61.224431789112025,65.4202254251272,0,975.6006406489424,7.176762978888761,0,0
38.06207944460314,50.83683888667679,124.38553295106104,218.07628210934482,64.59256652613527,47.19154396415388,0,904.2271419941933,7.926382997241448,4,1
21.045337444113397,33.48145076363823,70.47099428857642,201.90035741290387,23.75122904766873,57.441989690490395,0,933.3295554680069,4.11204329525529,2,1
3.565151108425369,10.321603228024493,35.33721654827876,110.10218787094743,7.930609120503826,67.28977090315684,0,875.4389360941017,2.850578990122125,1,0
16.820910617713302,39.66117109275936,57.4294053196319,174.37244129473265,85.21485535031862,14.848250949366353,0,978.8789313573744,3.0795438925258365,1,1
25.31928357912417,64.98201755335585,80.88481963254846,138.33570765748038,46.80663404700637,18.642109192560632,0,933.3775596543817,4.0271339521650535,2,1
15.455157207195082,38.067294987540805,77.90089261703443,113.0929892434344,10.774030481667747,17.417121372292236,1,977.2845983609227,7.307081649619994,3,1
7.68620926716216,33.21446331021651,67.7346029788094,117.0666564389947,59.91272732890357,63.54365185125196,1,903.0790799314605,1.116644599102387,5,1
30.151233658231973,45.94292222794412,116.25570422775054,134.26663689774196,40.80673124180318,47.161695603721256,0,927.9876453607363,5.223359108904167,3,0
11.748896350633107,33.71431764229915,85.47643419206781,126.67080538358769,12.619124466503159,55.00543131177255,0,872.0225758287955,7.32989861938139,1,0
22.51920291814635,49.44650335232483,107.31212299768957,162.87916330769175,32.27556707027925,55.025329788369994,0,954.7903747484137,2.2627999864238686,3,1
16.48229949816969,49.869369146358736,117.81961360948362,181.89492540889654,36.04895671428051,13.642356890694126,0,888.3150236375718,4.249212377355312,2,1
11.386111002398442,23.00575424538798,64.32310971776003,183.5359778239046,59.615973226258866,81.64529843519628,1,916.7861803665561,6.376248982169926,0,1
57.434158757017045,67.81854999257884,159.27988686614137,305.1312553982318,43.31668611080823,73.06192006621613,1,943.7039611667693,4.166527124515251,3,1
10.352503794113542,12.181563111086184,33.022584062518476,105.81673398131456,15.164256894299216,71.91109271241945,1,879.0333846520393,4.267034079312656,4,1
17.549102388018206,86.7685105078597,153.8040916407175,182.8161964797976,65.35686479012331,13.082582771576384,0,956.1987934185751,6.156274585267444,5,1
16.44260764055179,82.79777203546828,88.882522151355,117.6651124911235,74.23592288439711,68.65462912145188,0,958.6374960917244,1.4011714324019684,3,1
19.02697991212207,38.265992987061516,44.683551983392796,86.4177674237769,53.19378236349572,55.0411998407587,1,928.4425928361047,5.747834869821033,3,0
54.64993559357656,74.72235304220274,88.0854718653,124.83873578982318,11.018320621584927,78.45108809628536,0,936.5457398384948,7.3194721268490985,4,0
25.342370222140623,80.4791468246085,113.05985401025727,186.9106189870791,14.806355425950493,18.71843435827046,0,880.3636921349371,0.905000702973717,3,1
11.295574148568937,18.256468823363555,23.660326829377055,53.8906161606262,94.74135853157995,77.20377361992789,0,919.3693079223469,0.5755426507308892,2,1
43.75180361209951,53.2377971946365,85.03545288067988,233.1032199271533,22.989708966123384,96.55193641111815,0,962.52595835213,0.7911433765639138,2,0
28.494039500187025,85.91824146910062,112.04926726765926,219.76413494122005,34.211982870012854,86.58877927614009,0,879.824446300081,5.9096632421027735,2,0
11.479659224491243,27.142203867118695,146.003512095264,267.92150297486455,70.31380300033082,90.47535038715047,0,978.7579562553517,3.19061447981067,4,0
39.34231572680282,47.6901375216797,58.13867490634601,98.48735877702275,80.2243835180054,16.82208105014091,0,923.4508972407007,3.7694668726770364,3,1
4.798074421574723,32.86182468566799,71.47009090474009,101.69135759172389,91.54679742713303,57.6679114565146,0,871.4071702902254,5.854030201025907,7,1
6.200298073372911,17.877775260611028,68.84510174889898,107.53138274769509,42.54264670371351,32.199621455276336,0,907.3895059147313,4.232452001383729,6,1
3.3050143739069333,54.26024204888903,60.88546809659995,128.13754397892063,99.26774039841169,59.043156806469895,0,925.0676095088058,4.840998829242969,4,0
1.8409310062971098,23.67251929344328,111.21019091018562,173.76784349487846,14.869600550533775,73.59262535068007,1,975.4886743494714,6.820040780012032,4,0
37.46365425486181,49.53589133401522,106.53156986905667,245.46606823377653,83.52075432139624,77.21418076221083,0,947.575543676104,3.6649546997783586,3,1
19.205901128440548,31.835531883272843,105.95628739404296,260.61293676466425,30.850084524482746,99.2436371445801,0,933.9139516692989,7.011099735650879,4,1
3.66126654772307,30.770380176077058,73.24518572596321,142.90647413440766,94.02363754066762,96.18638425810889,0,976.3167995221361,4.233256137456231,5,0
16.115030685478512,33.31937359329757,52.47024493105393,74.1917833370855,87.57364943045725,32.243833002906925,0,902.4474413212598,3.274710050040104,4,0
31.241198974049947,46.71388838628914,56.15461926890324,107.77470277965352,77.41570765832978,92.40537632415513,0,911.7672631580322,2.1623255016196317,4,0
8.843042808096296,43.1271547659247,103.59971817060776,368.9974526316646,62.35600822444094,89.56128883564574,0,954.5035236861431,5.869455629753552,2,1
12.852836296339795,68.49809786045535,93.66460481720605,116.40649300335494,25.373352185875547,75.10925753437677,0,935.3932062116253,5.013327216229108,0,0
59.22414878871954,90.241134622489,94.77450138952541,170.57351883951034,48.88290925060752,33.189186384154596,0,894.089361443857,6.484677061235276,4,1
13.816871508142492,24.73084867193777,51.837453329071955,90.34619640076929,8.304653350981969,26.942506557374607,0,952.6171957806364,4.4189594807392,1,0
4.001196211919968,11.89298893776013,46.24090257098492,240.53275095398305,72.3933395106995,49.20466196087965,0,899.393181219747,6.948059154087708,1,1
10.727269195896337,43.63253143692572,124.96266488985663,205.19251172642146,16.008530408054483,13.515197312296248,0,931.4766329643612,2.3708127132456056,1,0
3.3870057706683525,34.36071523045071,63.263287414758736,102.05497598109895,29.53738218695167,35.55248527309051,0,964.1862562569934,5.870986018056669,2,0
26.833053017446336,41.43478686700085,75.981176477899,122.36837725068693,28.27971120692225,16.604619954873748,0,900.2614543607847,3.2072490093872825,2,1
7.766198713600661,25.23272708823161,60.1848590766792,73.37370848940277,79.8551223032981,57.20567820962063,0,953.7281524067694,0.9999406711621307,4,1
7.542834472345592,18.99527364800726,85.00330186609352,160.06151271973175,43.061541960326224,65.48925229544395,0,964.746780839208,4.273674958146121,2,1
62.790914658673046,70.85452021436512,90.43646033124668,166.98833523655605,55.78139287180227,20.01748314990391,0,904.8863325343652,1.927525127032494,0,1
5.556052718240361,17.820034780916565,64.21626504029557,86.69813303616881,24.81876283340732,88.65393566426962,1,891.6269924816679,0.5877466669055684,0,0
4.597558410011437,5.857776550054705,29.283755489930495,122.19784862487919,36.739700838583616,18.711965068062646,0,965.2333691306043,2.9693734882421534,2,1
6.515193146659398,51.19643744200158,131.30732574124642,284.6881384664265,53.630399591986375,45.65891873127669,1,921.3041931487783,7.822557467060039,4,1
31.925240745503288,37.806904423700665,130.0317752484949,156.6112327804164,23.449369502735973,55.08834704594442,0,904.2490389996973,7.163406799378187,4,0
24.37129417113162,43.92275373223036,82.66135292969095,174.24743572265592,70.53218763645205,62.39097459203789,0,871.1419615011661,7.840428990028868,3,1
10.609560681608732,12.856591844952534,57.0020684339213,150.05521314373868,47.68040093741105,38.719487108269036,0,891.3407128139642,0.3257316093595003,3,1
9.79988084341133,40.04685163746591,69.46356987209951,139.37632813193977,98.44678959085671,74.17755891541314,0,926.3978646026103,1.3075829196768165,0,1
23.03857320023554,59.89267293606524,66.28407811282531,139.28680530840916,28.420387674619576,40.72238283603721,0,961.1871007771232,1.9572903816962761,3,0
19.758740753770383,40.669230638358165,75.84441276360349,121.00041656488814,42.62566201125726,32.74212951704132,0,925.2530018080116,5.920302595372819,0,0
14.544974380751118,33.22395869397691,66.07380975457883,78.79274943292397,92.84297385511992,50.78588096822356,0,900.4112341484167,7.827102622120007,6,1
24.98129832318206,36.39526967112364,62.995384603319195,142.04046025587678,89.16975188742822,20.208924814194553,0,972.2048309385517,3.310406205036422,4,1
6.103081603124015,50.04135409296394,79.03378112099915,185.72647783318888,50.996130746282304,96.95423567133864,0,910.6163604169813,4.710326804375379,0,1
7.88739595398289,12.579573343366139,59.40473683586106,91.1915189689544,16.74138852189452,59.508783733817744,0,887.91660924651,0.7987105397864589,1,0
25.927594893733712,39.76749412365293,83.98600601581833,123.08537184256822,43.83423102705735,22.964838343890648,0,973.9879916716217,5.070809013793542,0,1
20.970159524583107,31.271576099751645,60.84998667561446,96.61978209839909,60.7964090712505,81.646128840175,1,913.6074538589136,7.210008560183355,1,1
17.001577022786922,26.993487331650936,111.82667463290372,194.63108546535062,29.1517680779726,74.8341533617152,1,923.0650933042948,5.307978171664321,3,0
61.32622818442778,104.48157243912195,109.85748737770629,185.3440971449473,23.1576234213219,48.74559180430676,0,961.2805750952006,5.261283371286508,3,0
28.994972069031142,46.79602722369959,67.17347659114579,100.5233569365503,55.48657794081113,98.53315355088988,0,901.6515114135839,3.951057233854815,3,0
10.882414696008038,22.220466613433224,82.6312191466769,144.09062560531646,21.722279250574232,55.05535286817598,1,928.159230330001,3.654816144397228,1,0
8.526638812057366,33.646443298328364,41.16225219120127,104.00151121591331,88.08080009373198,29.147637512252256,1,965.2914515292546,3.021601456205719,1,1
21.711996375567203,45.336508182478,50.59982430233961,130.5524488512711,12.052882921486413,81.21299501784776,1,898.1722874486572,6.579564666855249,3,1
37.38387849149212,73.77966815783812,93.95062896718264,142.63124703214132,98.80306417054675,93.5868119790106,0,968.372135502369,5.1932958691819255,1,1
2.8270458211769705,29.961128260269323,63.13536154757975,188.599404340369,56.104585951215704,33.61357730041773,0,891.0628303523258,2.467007705376434,3,1
20.566996154160947,39.00758347396972,63.10897206437183,143.74128440757949,98.43842045112955,10.604881403650406,0,963.9834487232741,4.19125775728008,3,1
12.678472833322909,32.11279824712456,71.89897636400872,196.02016346594428,76.3940248069717,64.83520653764887,0,913.2816855699594,1.0140568331994049,2,0
19.20128003100138,45.48073277163029,51.26043971842486,130.57812540414733,19.52531808317479,75.95020352964904,0,930.2968115035638,0.4615362598676206,3,1
4.259516117440534,13.226227843631541,31.762910274986687,115.58731704494963,26.606565141236775,33.47693272592427,0,930.6544329888997,1.1764940954495018,3,0
37.365464678632414,60.6292741692639,114.80290563677842,133.93681166006309,15.159955865530762,96.72904497789314,0,892.5401921632536,6.95375640485024,1,0
44.39324177016685,99.1959661309785,145.75716759721877,221.16784835958885,74.2631027596327,25.087352856165744,1,889.0294216675338,2.1320624964750707,4,1
27.14176158692506,48.06531763065677,69.599511018423,130.09049670832624,21.022554922815825,82.10410150378604,0,948.2559502117899,7.708431321693837,7,0
50.50124054467866,65.41757209051234,103.2509218774373,235.39638716226005,72.88507101244706,88.86791258724905,1,960.79601372835,2.772481224838223,1,1
12.16526909118019,26.928139523922418,59.594817465109564,180.3761840462596,86.65235660977527,25.379584945445632,0,885.0638675982427,3.3366702696561052,2,1
20.206381586475274,45.71035086663791,79.08077038287874,219.73028223217256,44.11287217335554,55.120945310055234,1,952.6695218997354,6.5151541904850925,4,0
27.429483527061215,49.76045269850546,91.82341388060199,131.61589762569164,67.79856344060062,12.524213356827634,0,905.9603688132029,1.8691572962242904,4,1
21.923634834410677,53.18170135507506,148.9953300137165,212.51348419936627,90.04359926655316,67.77002134101464,0,935.3871945533581,7.284286179797712,1,1
13.480789467113572,25.444048499619,122.61928616943767,271.45698468519487,76.54693295873936,59.18313604112623,1,928.8096975686924,5.262122186225048,1,1
14.670651036789128,31.690894571206616,39.37350924973994,78.41622413637471,17.42225885736129,80.04446905325318,0,951.7719049177651,0.590788073194232,3,0
41.70462828584153,76.66360340936149,105.01534380521701,237.69812182995074,32.78866222407233,55.11498920434202,0,929.6117437329708,7.657293092436704,3,1
16.342247125829775,53.23056757352471,65.99760219659039,189.85168152919925,55.88557357994024,41.84958357948965,0,880.275834903292,2.3711089565385253,4,1
35.924548833837484,73.01526691959928,117.59719373635633,179.72069377140195,30.10556789579622,22.300459853721264,1,900.7121327500031,1.9324908723669616,0,1
15.686791219149836,48.12558140480887,77.68127928903506,249.53686952523861,53.06276132901097,14.596625557923705,1,913.7714912467907,7.196035922089759,3,0
35.776795268468064,68.98782816467545,136.72558012336043,263.860700723635,95.51892152950307,57.594882415837226,0,932.9223578847483,2.670627437393857,8,1
17.722053669573917,40.95514602295755,75.36843834501022,100.33382944466783,48.050871282250604,92.69956572229654,0,888.6450490557572,5.809062666557178,1,0
25.82799834950888,31.492631359612698,118.7229232395246,274.75324177244016,29.85863566756745,78.94043460786745,0,907.1174661108977,0.3698430769700918,3,1
9.485895979732376,15.70698384048233,115.38042990904484,177.61262888187946,18.924974484005727,45.38086084837957,0,876.9535945974465,7.376251944037995,5,1
20.173671054325126,40.79599056260024,125.94631448959244,208.65610364620295,90.60426278751653,98.53533026931066,0,905.4818975850867,3.3327866169931246,7,1
9.608275732003074,30.91465176652052,34.738525101086296,117.71978155808122,26.830352964621895,26.56000685911629,0,926.3419840187906,1.5109724476826203,4,0
11.919667214219949,21.714316605010524,63.44070640278082,159.42267526461802,23.39390934981625,99.78660598709659,0,973.0095901958513,7.851837125735025,4,0
12.731403364432898,23.075265094120915,49.50280377229397,200.30287086987715,57.35804178720841,30.71222008466423,1,889.5514900713194,5.9600124301539195,3,1
14.471476148333025,32.822928226558545,62.41375604876724,144.4104991228064,48.86254992967784,25.139674145484513,1,873.03818990414,6.368344353248359,0,1
32.97384396550918,108.96179672962992,169.38784818938092,228.7497022534945,41.638164684152436,87.24990708518942,0,911.4913504590761,4.0565194824357365,4,1
11.542742554969337,19.840755004273174,47.68173815131743,80.24703294008997,59.97190984998912,52.19681661835622,0,936.834758923422,5.539034756762687,1,0
18.653771093391672,32.96126116066026,68.95334598653804,115.74738393127058,59.09355923504418,90.26718406728072,0,936.8395009469768,2.3979410468632856,2,1
35.85553832921336,72.2107055647495,109.668182869907,231.52557105763253,11.49823922577066,77.32362219095444,0,908.010969598119,4.19294257203332,3,0
25.444244239267242,57.37084782284874,62.746610315843846,200.85308026822523,44.41727290429519,24.10570303252843,0,874.1368633151939,3.1068203006351105,2,1
2.8969687318891344,27.457378349559274,52.191923150583754,102.80468680561098,73.49372852453742,20.973185104424793,0,971.0802373513008,3.4584459157702647,1,0
4.1379480539711535,7.550993106934843,78.45306040303853,186.22477244272028,41.25951895711639,50.208990903701995,0,925.1960871901018,0.1338482394467449,2,0
22.22493640459859,38.51604517475401,42.98544772494279,86.99410062406082,99.7776380250815,60.53903546124004,1,955.4179592932751,6.505706224201691,5,1
11.062354183005837,73.84921793764055,124.281326504329,139.70724617403795,27.36158079223622,48.08927124665093,0,913.6592340733944,1.8217808975263285,2,0
3.5483166336815835,13.595924554963098,30.5555699655978,52.499710833153074,52.15460719229631,29.07898835781088,0,961.4573750274811,3.841136088099097,3,0
10.39548962535276,20.109716073156374,46.07370444633255,174.77467576454745,69.02328164962601,29.57773669132202,0,956.3156717775942,5.305636440818465,2,1
22.83713656965027,76.01970944894329,133.27824826109995,149.43855143604557,57.04695511944585,55.89181151016776,0,880.4820644874761,0.37209693847873604,4,1
12.616399361368988,30.938327389634473,44.63177042599787,146.7087725753753,8.711946582959811,11.286942403729025,0,875.6392492060471,2.8051900839912736,2,1
17.31709831483055,21.030302306678138,48.76187822678837,126.72390853737585,53.7982877648067,49.50533579972051,1,886.4453161702661,2.184221353390754,1,1
13.553392945989886,20.918920826472643,28.62829506125242,162.18394193208604,96.81058107051732,12.990256168387745,0,960.5125669522413,1.1495532471206458,2,1
9.19360873693307,21.414949519561745,67.23208006386014,139.73405727091802,43.63306890070722,88.58214262191682,0,899.6473758440053,6.526010756750667,2,0
19.883171769483948,43.585370592165745,62.26947201045593,152.1108140195945,16.03699347836087,65.81004363991919,1,913.5363120161985,4.378858942128447,3,0
3.14503729888792,19.92921896491072,29.785597739859377,106.48941806153448,7.019548633178798,24.41695334933907,0,933.6218932838842,3.704503240105228,0,0
8.201535466594372,17.537363408340838,51.97377456103072,135.31874184510818,44.16515781061266,79.17100770648466,0,941.706696262375,1.1466187859078025,3,0
28.917928580628885,45.890560978271346,53.24325319094887,118.25427036178641,22.603197768441298,54.33547026430578,0,916.8994078176038,4.161371534029037,3,1
4.278414397948741,14.319808051200628,39.71108553402,130.64011394360278,84.29638093219629,55.96359888852591,1,919.4081807505002,2.2123981655384535,4,1
16.65856397098092,81.88907709968815,99.1972082486842,153.7802192603211,95.46445999387967,33.05145539553989,0,906.0943884984159,1.1000361695061711,5,1
11.819028966179406,18.812666032392674,58.81604486737368,175.50375795027654,94.35035690384309,45.43807868919735,0,880.3434692261062,4.261943540599516,3,1
10.907248469865811,24.450845960015997,65.08258050512819,136.73001615211336,40.58030574282969,89.03385338044335,1,886.314736822924,5.486104472098799,2,1
30.870647963675836,42.87860804485239,62.793768727720234,174.11068275362834,48.20192077665451,23.248039355205943,0,967.8889135026702,0.5485111708651366,2,0
35.145351020032145,47.31835024756308,133.1730344451449,172.76235072078867,34.93257416461801,66.13363886609122,0,977.2335842188764,0.5440475733776328,2,1
6.499834085621452,14.250861465351184,82.82779073659331,134.22022264894403,17.259983376085078,29.520938783003857,0,960.7999561811796,5.934807237667725,2,0
14.56549337112187,65.03874276847127,80.29127436840588,102.6579510438915,58.10868622162814,50.032393312329326,0,903.6377679276214,1.7333655692401386,2,1
2.2495444699568075,82.11187870753626,217.00911952425633,301.3498623882299,22.68949898999535,57.97191153048473,0,889.6184620983034,1.3137364801601856,4,1
29.663696432075124,55.52875826223172,110.97893368180797,192.88467198834763,10.643778766960434,20.96107577607324,0,926.0110165193489,7.700905273909956,2,1
15.995259733208949,40.247481286483975,83.3884940173426,129.41094623245215,85.69616595238723,17.06593080584851,0,880.4071440365518,1.5219776942585599,2,1
3.974563691196995,8.494269207066026,53.66133460717154,120.82691797993583,80.85901924810305,53.56533226887303,0,970.645983488073,5.508393200649293,2,0
8.56173698189799,58.20525219062411,70.09045249387364,102.12541391730144,92.99683013519771,46.84092735436655,0,954.4803901137807,6.538371257599367,1,1
5.9588381158284385,15.992900098867484,92.00329603502638,215.83027831592818,36.103547905741806,92.8895836101225,0,977.097585445075,2.6975579002645405,5,0
8.12922519609231,12.119684234927444,17.542983803147273,138.894850481073,87.71845180895058,72.81965752377968,1,964.1500652790763,3.758304451546288,1,1
2.525292155068737,31.844980611840068,76.83228226107104,141.87596038995534,42.852933352274306,90.71312996113353,0,914.9691934897673,4.477889215161871,4,0
41.4038225883038,82.36597126726508,151.55103937319205,209.03545751483983,11.914045626934975,93.5474081538212,1,904.5637259667658,1.6845585777421384,3,1
6.7371424718239235,56.04603737217479,72.39458066643931,91.30611258555128,48.49490496270988,11.715897611383555,1,961.7634563881232,2.438428096307492,3,1
16.627971421106764,30.313729894911642,88.44127876771753,197.79973826273113,57.609684538947505,89.18750286530255,0,934.6688486175653,7.708357385853749,3,1
22.68542088111463,35.09801277530299,71.95059985821706,108.43776088637622,46.048789291664654,96.26283629497347,0,966.656032273843,2.261085538455799,0,0
35.17974305240643,58.015487926489804,118.63077201570518,233.73543352298364,79.6164072966262,50.73786702208369,1,905.7718289419778,6.517311758554114,6,1
17.072427722115165,33.86019680028511,100.96815651032435,122.78447505024926,38.4236387542412,67.23888641308797,0,930.1112475204179,4.327527072358841,1,0
13.387499002605608,43.125612845393825,134.07436500538537,165.13791610896524,92.50079659297734,41.1379591401213,0,920.8570743349263,5.2012294644990416,0,1
17.625201839813,40.64140592504257,118.91187961945957,145.16636447458487,12.045520433858083,18.87918183931228,0,890.1566117461681,3.7122832823561347,0,1
6.464907166263549,15.796328067174368,22.088173412433857,57.403828226403675,73.43869715617613,33.634430996615336,1,929.5181151914353,4.747511129740485,2,0
6.972308626532789,57.37163181739326,72.94853255547079,309.1865652778958,93.25290803657339,17.24897368866326,0,879.1743700045913,4.366786880904754,2,1
13.137861232920283,43.004417585517714,91.31679504473585,151.34792281466716,57.550409780955114,53.81117441801951,0,911.24967327428,3.9070448494730394,3,0
1.547786473644732,41.85274608037488,109.56376154582097,208.80847538108003,88.47443821162778,68.8228274171946,1,928.6771992077068,6.442446052283929,3,1
9.365464430140243,18.841472352954383,32.61074232360289,62.603263091404386,70.72396271985082,10.470352105925318,0,885.9764807980939,7.053682050416059,1,1
11.224358039343636,40.479440752104104,95.1656284434399,134.92613244964565,6.38028680459453,30.597724037392496,0,952.9014863167491,2.11886962147669,2,0
55.593035331029455,90.73908259309113,172.69761072802044,356.32497142287946,68.76824121932891,16.639167166946486,0,890.989313494262,1.1732539663766695,2,1
38.32144631728657,60.674057024623615,126.67328901638501,188.21430529194947,67.37335765501126,96.91683730066173,1,950.1398091211494,6.508628565758777,1,1
22.62551036052058,30.29709392098015,84.4052758221221,158.08820957440787,5.002609159197669,82.28001318491087,0,872.6351058490213,1.7739819280228857,0,0
30.183411030385315,51.00134288524001,83.69664339026114,171.4955558144759,43.87026913209044,12.789011480557061,0,945.7769092839956,6.943191089860769,3,1
6.917116539759781,39.76401606571762,71.28253676154694,240.92672665093718,8.68594462088121,83.2589075856097,0,914.0457538445411,0.9105536035076798,1,0
17.987347022497225,60.19677521819791,181.28298338299038,188.88860013250184,32.83488576225099,84.45360947358176,0,956.9121484984255,0.8189319450643899,0,1
27.6207101115532,32.55419201471221,32.92266606490538,161.51914362228618,98.72533549923904,82.47157831767655,0,931.8162934500858,1.5350256656314643,3,1
6.976258435786093,28.998704142666785,52.04556300505436,196.68379341178837,94.32699740503296,89.05773488968791,0,911.8046851919531,0.19359022898192696,1,1
4.150893001348067,10.261461436845357,25.839583126544156,119.37214287627167,70.06163082504295,52.15833700963154,0,943.0182137631481,6.006323450352615,2,1
20.917457989878883,54.067246826399334,63.858999799476464,118.16544653088789,39.85094822050675,31.547208967075047,0,912.6697296046525,3.23748480561019,3,0
4.661242240893778,44.02114814365229,95.89555539290458,175.9008799424987,42.66293334889357,88.34031871013825,0,909.1820966827215,7.567844447783243,5,1
24.14336274526972,32.86986344226697,79.9302830835466,108.32042973434588,8.630395295456626,85.11821586934558,0,916.8190092991994,2.9860158028854245,2,0
34.76821045427262,42.094820806653274,77.02942518138806,90.27919266083101,37.137067227664254,34.72384309968679,1,948.1438040439382,5.653680257583622,2,0
7.186202232008975,19.111173537581706,66.14780478805758,140.2407112617162,79.51653048216873,62.26473485749348,0,937.6435183684479,5.496697820031528,2,0
7.709056151068376,24.98516166041781,85.55761779083909,89.95238624075147,54.33853059908038,60.12446882801694,0,970.8162244897485,2.665216407726868,1,0
34.07000508177863,44.708975583842545,73.99452967497356,119.12083506463158,50.28438872559367,53.87756183032362,1,870.041026693643,7.151908525882044,3,0
17.143119287141463,52.380149944002625,101.75000418125235,133.37291625793017,13.654302462436554,64.77512011516289,1,887.7048343310476,3.2432247809366466,3,0
30.999627755402287,73.35843288555515,100.65162008661444,154.70360388099886,92.30504532824143,17.557270369846538,0,924.3421975301613,4.4558976944655875,3,1
13.529512209219918,34.872337707473676,85.3952698808074,142.48840748666845,31.8919558434309,50.91794201584003,0,943.6616462672581,3.245747895524978,3,0
14.355563320863212,25.29857073176948,107.60437057050461,133.0779294019082,41.37576693662367,35.18847272215653,0,879.8599717399813,3.539200277506489,4,1
16.80356510552504,33.59685019470143,98.30454588839338,188.70484956704877,36.41743600608184,10.213539581844971,0,902.3624528639035,0.5320653693408062,4,1
48.239801089049614,69.57845044912254,171.03932947571099,310.2912255855714,36.2297397379759,56.725733202542976,0,978.7428612289042,2.5505900179732746,4,1
29.33717411353548,45.56427697833062,68.70368285082128,97.04382244358786,61.93577570135069,42.823338519398305,0,906.0409379992597,7.591831590942139,0,0
9.097233806916657,27.547676169656384,46.64628169092712,73.50941875425701,64.56807260910989,48.81141377831423,0,911.8132535779905,6.668375416596507,1,0
18.976561507692374,59.05741656698062,105.38111737488062,168.38308942273915,61.86340002865817,20.021556896906453,0,896.2664354236186,7.053365336809772,2,0
12.779941621865792,23.133891413999713,46.85865901952636,60.50760466835686,11.507322067857132,55.50584789683031,0,871.9182954554091,5.731454531852779,3,0
10.907082863093153,79.71629257918428,131.76041708840876,195.7715196794303,97.10606083189779,34.31133106637532,0,901.393455752782,5.260652222858275,4,1
23.660542572208193,45.47681240450552,85.45576123351051,213.95291630986475,72.82883112624329,10.052386677053567,0,887.7163051691276,7.1988570824336,4,1
20.3040259916208,35.85832244509979,51.65329646975165,78.66942995529985,88.85922493970786,80.20099001952235,0,911.9126784852251,4.349113235179874,1,0
7.263586055998972,17.40180264072361,65.18653554891782,228.1201518889251,20.168585936149775,66.50547870667481,0,895.5684968168174,7.336107437677502,2,0
16.83576077723219,27.734912580411383,44.484640871451475,93.11835305446229,93.55026666556056,57.51244025856831,0,914.4244351334103,3.3800217152103498,2,1
10.626640627079762,30.48559421750113,116.66581604624292,170.29369650465208,73.55966332041076,65.98512685513292,0,899.6400062634648,4.821157621131314,0,1
22.594829351608972,44.29799757850486,74.0572810173513,116.17241732746464,52.56799496461591,39.12999176640609,0,970.7168738370199,3.8262364125349744,3,0
10.231956764478609,25.35409212328399,44.286631157989575,150.79486074256738,7.19758867616223,21.07330329391877,0,902.052450127221,0.25047484016918165,3,0
14.424815145289326,20.488451509729284,61.341864561865194,131.247426819957,29.052648157315488,42.12343174491647,0,890.7471472653024,1.6717756745642387,1,1
11.159641499810357,31.021272778967024,75.0945742038576,125.70395362483562,84.68042999431802,80.99906713589262,0,953.8235471603587,7.4300990976600225,0,0
3.01817622348107,14.088537007776727,36.62131748017655,72.792283070731,41.022261468655564,64.74394281011135,0,959.2920279931562,4.824992029682633,2,1
46.652060797216315,50.349436136071404,72.03826729741817,149.60509120762651,69.4362891012817,81.21184739088488,0,931.9306871072849,0.46788811139792397,1,1
16.694426573690112,47.24993183575326,54.514569387434115,199.79577537935546,74.4253378476066,91.20533602801835,0,907.9340456630061,7.741083343234726,3,0
47.73651806754708,52.060675188779356,114.4840782884516,168.2696204262035,78.68672225291854,32.46916383509022,1,961.7641222029556,7.4312033075492465,1,1
17.275892575361315,31.886846638809292,116.49506349524395,185.1161839009392,41.32346688185935,92.29851574330415,0,943.6856576082827,5.724727668440432,3,1
26.74786279609966,44.81677878375013,113.75704075979806,133.00462384928346,91.43417093061835,69.63391282331423,0,911.9139007188924,2.336877166846334,2,1
9.629106135830517,55.89620978997815,74.34891263987332,142.40265373301878,32.758996113051275,60.470037585231964,0,913.0828631565113,2.430314608140637,0,1
9.837976281677083,13.749320986490877,60.66861798088147,298.8284805819178,84.42613684058485,55.28885680286068,0,870.2690657612046,6.935498918804503,2,1
15.98873622479491,48.87846580720705,90.19639854582624,114.72809237916962,45.349641688428875,52.18481882495212,0,876.3543890925151,0.5787228893186243,3,1
47.45199507291084,83.97062834538355,93.34496779647633,175.16941810158394,27.251741028031336,16.650813791911027,0,884.8298436926226,1.975149287378914,3,1
7.4992769352959705,63.29558568301688,85.68589115564774,129.69251982046487,37.627688393693774,14.917638600908031,0,897.2006812480832,1.4145571359969047,3,1
2.2390552260431953,43.59048547258878,88.22286444607198,106.30936323352846,80.95852668659253,39.78777407349606,0,971.8677718459409,5.758999676032239,0,0
33.53155263270713,52.05937146416993,56.53774562705857,104.84526905938472,63.412703906997656,28.319959725263168,0,960.3778323396705,3.115888639730525,1,1
27.913204566271226,61.825677652827515,75.45840654942887,280.9482867347049,17.984477373783744,17.79503898774481,0,874.4852584780608,7.335993397542903,5,1
11.688935305440802,59.47183680783203,117.03617826677592,198.00052138434432,16.77688967481186,12.19935411797588,0,871.6411130014594,6.443014055626148,1,1
59.90731280191486,62.8079244725813,80.73763469137748,156.08421447201874,70.28407664653236,98.05491103312241,1,934.4604171014103,7.87879819089319,2,1
61.615594846465655,67.62754707795024,77.12454327939642,103.63602860041533,27.75176599790217,29.088457720946106,1,911.4129995516803,2.4620916546827845,2,1
2.780914793255983,26.147120940656045,92.72278061021834,214.58582946624279,24.822651067172327,98.6220898690063,0,958.1952534646709,3.8519080183776557,2,0
9.435485715065214,45.66822674707634,63.60312248018785,215.11282387554093,76.20266785766353,59.00515089418314,0,977.0169000231515,5.312523770735946,4,0
15.900076091080756,45.68574519448467,103.54383528142199,251.46823885904192,35.652098925110856,27.26492598602408,0,924.3683211589107,7.80047513677944,0,1
22.15218789651798,47.06567685940669,146.9968834138229,263.73726052457886,11.488999693171134,23.077099981380705,0,889.5148578833297,2.82272272189477,1,1
19.800857137445114,75.07484119850409,88.3300804520889,121.99355799416892,45.359312800447306,28.072410750181216,0,968.2050087934637,2.6820710377416406,2,1
16.646380412447822,31.745125242659462,62.320659500204506,90.19454317698454,59.0719769032444,42.74001090830548,0,916.4425695837505,5.051391391557146,4,0
6.489787033596071,17.176654242462234,58.78562263442583,70.8349613972749,62.14147371558418,28.44923718152481,0,915.8851170689586,5.355697527449768,5,1
24.17893240045728,37.05489394768193,102.82674199389984,133.06565924445204,10.558013770272844,84.52193250670139,0,947.4311228110462,1.5926830180435925,1,0
25.16487803620678,48.889971377563825,71.2052149013013,150.36738415809378,48.08813441769189,43.03288484755696,0,910.6908749218146,3.690345704177497,1,1
31.925191887979288,49.926305446518285,51.923691663713285,81.83046390079711,39.15838936262683,57.42506996145746,0,895.8329826658997,3.0811997143556957,1,0
5.654499106241725,43.29731518776183,56.543966607628356,182.0906243086246,47.64880152554029,55.11077902323332,0,951.5866537847776,3.4269224459304923,3,0
13.988994056628988,25.188970541654626,51.18745400648609,188.91586669921395,8.961243733484219,69.358346509971,0,890.4423887593468,1.209650904462041,2,0
11.22269335302782,37.21168715252542,94.99705419660677,227.93688927860845,33.082656497399135,99.7661314303834,0,874.319906778108,5.220345451326907,3,0
5.5518820741573105,39.546793940115954,70.35799653014803,85.5472059524509,66.12856118142957,49.92066172230651,0,924.7386668856859,1.5814376686515943,4,1
13.81375138478629,61.57545557590947,116.7939488982637,192.25509365844357,16.96205433800007,39.03850943039279,0,873.732962088508,0.3007844666672652,0,0
6.799434111506329,13.88946632351917,39.1613586566835,108.96391792592541,96.12593693819466,97.66688433512405,1,957.0037503516212,4.0182999228821705,1,1
4.684973898632058,17.357540829918943,56.19701142596354,186.88551576489402,99.42152126030051,99.78603875121117,0,977.5145953798274,0.40493228641005574,3,1
28.165698196968258,45.16920627767685,105.92514412578431,124.50625197041414,39.24201851957524,80.28394653383017,1,974.3502213863035,5.362046255259774,2,0
11.637365023937967,16.88033930849638,88.71248954986399,157.93239446069373,69.69076645101534,81.7902904257231,0,886.380205270272,4.795442300252826,2,0
9.043902927289935,33.814065183834984,148.31364551578832,166.49592739998477,65.35763467238469,46.65917452932134,0,972.5185865373473,4.57721287636112,3,1
37.376839184933985,61.87101349032616,104.56439359469113,223.5330199068212,20.880657487689923,58.501205032017396,1,882.301934762641,0.8521639143574045,2,1
25.701301046948252,48.68925548194303,54.39065399051129,61.20489970660437,41.87844040001613,41.66298975360163,0,908.9849707742086,1.0785495118266635,3,0
1.9544468614947754,18.164254591673995,66.21648428229139,268.93433629910044,98.1613977940844,65.6966983562246,0,879.2766311407386,5.356514970374785,2,1
22.25783176872044,66.53044084667162,71.8013055484276,163.28966417818123,17.129055386579168,84.31656266744464,1,960.4942107681804,0.3544359086137593,2,0
22.181200263689433,35.1194777858468,87.21978120639994,150.0616696520664,59.64179333011609,43.66594086228184,0,894.6116846644255,1.015665248060333,1,1
13.359104044339734,54.90386888624677,92.74560209279326,132.7458182272992,61.92217069161733,58.167398037545006,0,943.1390382388435,6.133774544372978,2,1
12.957282275162417,25.65996063464975,94.93470252448584,229.340621434377,20.91491562493554,79.74729541958165,0,953.8956766871639,1.41904734555279,2,0
3.4295780671883276,10.340011283114316,35.47845244513855,54.44007720730961,55.84857390265179,28.797650281370743,1,911.8838106918839,4.016334415592078,1,1
59.45579129043403,78.10341216831354,117.27492250876793,123.98670467302505,92.15889888036101,64.93304266748422,1,956.8214322083826,0.8781765158487166,2,1
13.771271745251344,35.140555125456956,83.76528205979193,172.039977132284,15.987340118781958,79.81821676567857,0,905.8145807887873,1.9571214135263333,2,0
21.38925758371872,47.67841223960487,50.37268472243764,110.10297996771368,23.025584477084674,14.693306967088319,0,886.3051941553857,7.046995264464497,3,0
14.383443345438195,16.335832059488343,63.4044945587477,142.46167859263323,29.284715217754055,32.83399882311933,0,920.5839025776147,6.050303149800309,4,1
9.175355548771185,24.04520072946815,27.059043879891306,98.7796383399749,76.34306053706146,12.273185087480375,0,948.1352448164366,1.5893137469215959,1,1
29.694612621029446,95.26268552278998,114.24241352976694,210.7692709480734,59.838884698322076,10.577160949583323,0,874.3672319368034,1.7950135926231197,5,1
18.54767872784204,30.490491362637762,74.19076605752107,137.24662771557985,52.836967594854386,52.9855435497542,0,958.6869173848148,3.8428600917729714,3,1
13.86409119992862,50.44703843961081,54.627058822484884,102.74917705486291,80.24609997231006,73.06070466245775,0,898.1205105727365,5.095113827691354,5,1
21.222474193694904,130.97300189750578,184.7655396289382,249.26685572491778,97.93537876839962,44.47354553514963,1,944.9331705673551,4.7003137923049385,0,1
15.444778005649255,89.00061889638684,139.74050851428842,246.2990770122487,23.61601487816633,65.89787665785437,0,882.5452732337332,2.3487676215169193,1,1
49.911686905723,57.836904647377935,125.10938584322977,236.5311742568196,82.1447897886936,27.23380010326446,0,912.840086799112,7.579253953813934,0,1
28.997425703564417,63.48572839487774,70.7485243567447,152.1834311784403,40.1583952177712,85.27821622023359,0,921.1553323892309,6.697689861138639,4,0
23.780156419960427,59.77356964222178,172.17451454417298,181.4263219979997,18.869166257096445,42.63315998141838,1,921.5288309454004,5.247745624999411,3,1
3.8945453127023733,34.62846827006236,45.763141184768756,121.29283030341357,29.36940958814069,73.64867364764471,0,900.0560210805365,7.272842880568633,5,0
24.374689234735186,31.13613909699859,70.10920338863127,86.2680281190452,42.933165893689576,21.694787591776898,1,928.2123258548331,2.422703693806861,4,1
23.94373103413298,46.797187065232905,73.19482380455935,188.17230745729094,90.42028475560545,83.62972539815543,0,900.5102572200097,2.4681992221495688,3,1
6.912778442461127,29.650791706118063,61.07538285688643,166.45857299790893,50.44890546362023,56.6254079692602,0,888.3186650430599,2.5411866554108764,5,1
3.799116390104624,9.686351400038749,111.61968314201366,143.90212568047835,63.35879094707334,97.3241287185423,0,884.6678646641938,1.3671850956404479,2,1
28.173385282766287,43.720834676686955,56.479939996699535,150.92810924646759,8.157274200911111,46.48337694802847,0,968.4182086827906,1.20550756256603,3,0
30.65863468956685,54.26617344531434,146.07795900778498,213.7110468342314,11.080637612955591,88.56996119060551,0,884.3708932085805,7.283179489717056,3,0
9.881679793480597,28.11145174165483,87.26276094470961,124.4669660612177,94.14160022582426,47.08895294953477,0,913.4711497958467,6.876171832883588,4,1
9.505350591864952,41.83403173442704,75.95987124534653,169.2432714812647,84.64019221970166,19.71030978544662,0,897.7091199537713,4.436349513288387,7,1
18.30980616219362,33.548208631654035,67.41530267004566,226.18983856205938,51.51586181457621,71.88709631639315,0,937.7650205529573,5.318871606904789,1,0
11.606283355596982,32.754911555547196,83.63890137220426,130.3618295136626,24.037834581665393,26.466943187202787,0,908.0334209357653,1.9842001931608844,4,0
3.709550397570092,41.91883373233329,66.83359080015597,148.96341628544394,8.816684010245043,81.98670569516058,0,901.49474956874,0.2806206823703121,6,0
6.840123652407415,67.32913973922348,96.19991089460099,126.73710606865787,97.65814092803217,40.1377809600077,0,976.5912322743812,3.5885324805299357,1,1
20.823893119824405,27.445870151254315,66.25973257711924,106.16591900341706,5.538867348644537,78.07821345670637,0,979.6420844696605,5.3893684349826225,1,0
7.202226650845697,38.67627085813251,123.74964455247226,188.86834063619844,27.576539606241372,53.329626596904795,1,884.5881889604232,5.470902731342737,5,1
31.732117037955856,45.070657973956195,76.15876872965836,112.07039490290171,69.9707824259001,58.33045068161567,0,946.2064949166735,4.873717700505984,5,1
23.668187812708958,50.199665253172746,56.548965604555036,90.66262064270396,94.10033433995675,76.11685308556731,0,967.8821314492413,7.4104416846788626,2,0
21.43644580221133,27.586367813841516,67.59044445291464,94.56696581154277,16.12063436935687,69.8550193690129,1,976.7922421366087,1.7536742944708907,3,0
18.024215823652334,62.93610240422071,95.45663789133758,232.78864652058752,78.51964490203018,69.77937139751288,0,902.7909433569156,2.1826215927694927,1,1
8.819605155612452,18.891357878285692,39.354377556860314,147.31598811320026,36.517972424553065,69.3050618372855,0,956.2876540420625,0.7290575968022803,4,0
26.01298551477401,64.6998005994009,109.27882641275964,173.08387536876668,69.57325051558273,62.67429818082693,1,906.0508669167249,7.497694852066888,2,1
8.601330545981158,15.571668919676156,36.63247026358127,149.4367851935856,14.180156887818056,82.64599708765743,1,938.3755722428318,3.6918070601341983,3,0
32.957972463886605,37.921517309008166,68.42514099009351,186.9874903744501,87.15759855528356,37.00180801162965,0,926.4259487487922,3.2733131889784426,6,1
44.802235820778826,61.32551102335415,100.26785079963804,157.17977429400133,72.18627372623804,26.340757215564324,0,947.8242125866432,7.886592702700556,1,1
18.465703990627166,41.48283531945587,83.25476542427677,112.54277150274747,95.7821747479999,76.16440467868077,0,970.3973238989101,3.479205062637231,5,1
40.89921311268641,118.84794041383303,166.00912478341814,248.61333582337633,52.729819968268785,58.58458501951294,1,882.4053393978949,2.7452534288932737,1,1
6.928567342588664,29.53594793415723,81.412453943338,219.59279865412708,89.33067637068662,91.0550463882946,0,894.5121492900696,1.7485972171656257,1,1
23.858261820351917,31.764330482347447,70.09738066020698,172.36630119360558,56.33786959325563,96.85768614792099,1,934.4326415635489,3.5751377335667045,1,0
16.3277805965381,50.77630737111376,58.85032486743436,213.38911975351158,53.71497266234038,88.04206053668061,0,909.2936757910962,5.5166964335729265,5,1
28.511710778554537,78.54022744761468,121.4074741037521,238.97861240255082,13.987990015513803,59.28030513696156,0,931.3643485613569,7.321354822753082,0,0
2.0993683204974363,11.683293618699466,77.73675079461718,294.5541641603722,82.3461003135858,77.87124958521363,1,956.1065726487003,1.6109590613935116,1,1
27.339876841237594,65.05726133199396,71.20883382770162,157.1262926043044,44.1592392887327,40.08997872443914,0,946.9436542679766,5.5694028056464395,2,0
9.561047795767877,55.39488867340379,63.560636991516986,116.1202656058627,62.00237921232703,11.328530373310127,0,954.3246056288908,0.15238660471504145,1,1
16.948361150051895,51.97927220420877,70.26981755281373,177.12421586087106,66.81570473113737,80.24228236885573,1,887.7305464118109,6.426983569231982,0,1
58.78816029994879,70.22077360242825,133.53347187545225,275.2558253244756,78.60707370645184,80.33481155095235,0,873.3399881899053,2.313147145906167,0,1
24.430584048502865,47.629226809919274,65.01642937279263,140.96670156313075,59.65770972137038,10.723462796774223,0,965.8900130808486,0.40984844502048534,0,1
22.188448628935706,48.695643223343566,112.61207666408595,231.81564372096318,63.891502081944544,87.72374842706492,1,919.6674049836176,3.214496078959117,3,1
20.90353669555735,64.92475599625752,105.93873334474557,154.66413476013162,54.47169313703996,89.32947079882634,0,939.9242365182309,7.150905525348898,3,0
35.33531141721924,47.42879435629534,69.26400434903366,186.46830730593734,63.32541368466902,38.858088921020965,0,878.0236735179606,1.9393664304879767,4,1
29.19449724092335,67.5641300382413,242.83853560740184,500.0,47.20175626738858,11.552161933349156,0,947.8494745313541,2.3696818010025424,1,1
21.07252229704453,38.808310794342084,50.12372899539105,99.19320034290942,78.75909392418764,88.84183976810004,0,881.1823633585709,1.4253763953139853,5,1
19.214506677565694,34.08547591461162,69.33663868233023,148.60724620220816,81.99818855590144,16.34662535147505,0,956.6075317672404,7.854749526878011,2,1
18.281384209749575,38.85573786414793,54.45766765788226,152.6371542738307,54.12521950329046,30.898396265071064,0,876.6789842147767,3.518322475911628,3,1
15.65012511173496,17.169265233396633,61.46666366399451,123.11620486501397,18.929663734269255,58.83169923828727,0,879.1520668081981,7.587784629005636,0,0
5.562750074401578,7.865217392735982,24.113236663462178,75.49830222726736,40.48230737957972,83.48811026070165,0,907.7630338996794,0.8257574300345923,0,0
24.060149057250655,27.254774182157746,51.669967484988284,121.03505167332835,84.79417361655213,80.36357598830004,0,893.3223046490589,3.644100272389515,3,1
10.386739851432903,37.745602090286496,56.78279009406125,187.01818950184642,92.09115520518989,71.30587297964748,0,978.2893173240068,3.8469807907550297,2,1
14.22103968412886,30.47906040777641,58.72717498146115,78.38379682490975,30.370035165078004,84.58076609798567,0,919.6452638359889,2.1217649901998725,4,0
30.572814759898954,42.035877326019765,107.67062352203465,142.6057902713116,94.40474702418003,71.68882619847739,0,921.5726135198556,4.028906844423454,2,0
15.934437082886511,35.13830832083616,44.91057856520219,105.3125386653775,31.287758060858234,67.39200143192716,0,875.1126007823292,2.869362379807604,2,0
14.997944412904364,53.984152200906564,71.62634007976591,192.9243270686718,92.29330006092121,25.092822762821253,0,924.0530139337312,2.0479169528579186,1,1
18.507275611756448,37.03173161506697,62.295510206300065,131.28360586164686,93.86637497356355,49.592951929080044,1,877.0346837035872,2.985993536550133,1,1
12.82484738929104,20.531789669515582,49.6904542090827,92.473674542518,52.959031337733485,50.62440548859328,0,939.0924641793839,5.117908985258619,6,0
57.95917223081827,144.1764365490227,225.54420474486943,389.7032107135525,95.30245465269758,11.664853577732206,0,977.971423742513,3.7984432841293287,5,1
52.78523302798136,72.74179643171915,91.10941575804674,168.90820861077623,57.1808747570925,46.49671265125329,1,906.2537094852277,3.333242716251705,3,1
51.87784682689924,97.98651793616956,161.6871588517245,212.39753171327862,40.99457736266557,30.437994831057168,0,958.8846074601647,6.843160414959081,0,1
20.954113461388136,56.21340430115343,144.4799886994594,241.7014054687784,81.96515299900538,18.070098431155465,0,976.2052024749291,5.194891531564509,7,1
9.838699554699936,23.921971369398964,54.51476088342235,148.77753008031274,15.309599643638823,59.16888487670759,1,976.4762751480512,5.132041683164784,3,1
31.143052311697712,91.04814676332457,105.71689344796083,184.88491717604566,25.582231493185983,31.331056112671874,0,952.051540980145,1.8562856475427405,1,0
12.904144272566443,25.178245241333624,99.7694667440202,140.69721033026445,25.258760024952217,27.134044444353606,0,965.6980156856812,6.025444582744891,2,1
33.04331189577736,60.056863621146476,120.10898239486608,239.93562044881443,64.09698521488531,80.81155920508996,0,908.6601697720539,0.3913904161175348,2,0
9.452234298859679,33.91270050961214,47.32338878688567,228.98809406051657,72.34291839045892,82.90838972744257,0,934.2240829632159,1.7874451949021328,1,1
22.059542453922155,48.23522896159675,145.59671317161767,233.20571779429827,84.55541428509757,69.47712272012555,1,942.9174679960347,3.361157596489586,6,1
36.27075610467837,89.5503636417628,109.38753299713818,131.55929403510729,90.48688663665004,27.070191285843375,0,893.9111044946276,7.124431925441099,2,1
13.484631062282821,33.84147397797985,64.08137426403943,301.03415578620667,88.12951406611722,66.9424134995759,0,904.4753010594056,0.3215222282832332,2,1
13.446145850684568,36.813779843695215,90.24662691505995,186.94548731967234,69.78948670689235,74.19901776091531,0,909.7571442760345,3.614441456233764,3,0
4.220983092700591,28.455608357573126,118.21792521894412,150.11812513602723,91.9085343587092,30.997888917776773,1,877.2275976751037,1.046554247014294,3,1
9.702178619735575,85.49109563784931,127.9960836098418,244.0379112602484,31.17673145922123,21.964915904336635,0,920.220415974331,1.917378255227671,3,1
20.65779257713025,64.41506029732838,92.29017977604578,230.8637099404849,73.90121299159175,49.01746565507428,0,956.1683359425828,3.302337854740047,2,0
22.975987666531296,27.691011521334488,52.523231992700985,123.34094743035499,12.283406012899361,48.187621939593434,0,941.475971585769,0.8779759359465782,2,0
25.415767020256425,38.08473175922234,65.93892432724567,82.49174645380296,16.896700350292022,23.797271392479168,0,938.7648243989298,6.652961466846445,2,0
2.6946110677352775,24.142632962231502,157.4615738211412,239.1692621076145,26.48160368503244,27.254344674154343,0,936.6509220413186,0.7550850423014795,0,1
12.953490558620604,65.49352154331476,112.23749296081358,143.40662980280794,14.754290525803954,54.96554846252611,0,872.4781594755385,4.72419333935054,4,1
4.754518137313595,60.761435410480516,99.2063184394898,197.8977741513662,96.73825542750754,57.46804198207049,0,870.3625612602021,1.389828841628609,2,1
19.906772708272975,39.35829009611768,99.83227505562502,142.02165332409982,49.2932017994019,58.407274754394514,0,888.6031975161475,0.9415222550937681,1,1
3.434989675491254,15.756397896173256,45.12946541924515,136.76549461430366,91.13691424539094,98.38302201201545,0,970.4627152729682,3.755519580686331,5,0
6.215447829989474,23.615441842833064,110.30621523005382,162.2990627145235,50.28003505766472,13.564718881916422,0,964.2831973492239,2.828804867450202,2,1
28.848731630015315,50.888956245350826,100.40345507601512,184.5988018062958,71.46923794566474,80.7661433033696,0,933.4472503764721,0.45718345714199127,3,1
10.669716031864315,27.142527705702985,54.48353313282378,172.60641779281528,35.562905614350626,41.66272037030076,0,912.394464729938,0.6127633814729424,0,0
41.132430496271354,88.0332064080306,111.18905023655553,231.37524402853478,95.31321802590541,77.76166686840727,0,975.9979183197048,2.463540219320391,2,1
25.88776516718631,41.11378922114521,48.18831253002497,86.31104594600244,8.31497387054236,76.18961116271822,0,877.2584914430677,6.284391973083656,2,0
13.544685924431263,23.243407921320507,88.76982506893722,145.22348568483213,71.25343521599231,65.78608228515245,1,880.6832106323958,6.826007870783328,2,1
32.04459749576485,49.152963591880614,58.81496213416523,117.08393758270105,95.28609933389633,66.80387583193769,0,938.311514365937,0.6242227433137388,1,1
14.468562751015671,39.85495723582517,123.30422293406279,204.12034567435649,79.87411982723324,69.7236901491085,1,930.2269536094838,1.4566574234527636,6,1
27.715973982302216,75.21062690411986,92.4672941432855,237.04129033317201,83.62164650892525,77.28416431244953,0,977.9429351556433,2.7788143133652508,1,1
9.298868847366414,18.33434058703032,37.45954427159924,100.55402233323136,33.42048689623484,21.845801780672147,1,958.2795156222138,5.2356377179588,5,1
33.327607435652254,58.832101148686206,171.29491096897908,263.8814495813227,47.92555906097625,42.47549637635455,0,973.2040909865726,2.352797375806334,1,1
3.797361128161168,29.873405014718283,92.08589140165581,153.10251791527645,17.937188386739525,85.78077686945593,0,949.3869672398308,1.8527021868648592,3,0
6.206758375635744,35.895276845648695,73.63078855957252,116.00828851517,40.75852871087813,59.30957518553899,0,971.953513342371,4.7473510807661,0,0
7.249149055709662,22.46396648177528,128.07880642338995,148.96159910564532,5.801350472503984,22.324214364553548,0,945.5484083127476,5.483368112892255,4,0
10.157977217941356,39.48717986970837,72.22609376439674,122.06706259657734,78.98311254482978,96.54838482582761,1,927.8245408657854,3.951234219304498,5,0
21.197004026245246,55.83178966242341,79.9417847180647,107.57673254636768,95.53617298897109,98.90528310103511,0,933.8037665895739,5.380905393290254,0,1
16.592318792541047,31.675342788289647,71.99711941974913,100.86628168864452,71.58068831748082,56.140949106654645,0,969.1329873188179,0.13239995164305507,5,1
27.93851294279382,51.28270576863151,119.85465803098131,205.15086817741474,81.97827139702964,57.987466302168,0,881.5131269038357,2.690080907533055,1,1
36.6131712632223,54.54896101885488,66.44484873163337,158.31652854299261,53.77962392015308,36.2821607804423,0,932.1919745625354,4.914959492650374,3,1
3.3588923575513197,14.219084513265589,32.97900468653545,156.54024489590194,23.20850467844757,56.45456438835011,0,913.1489478519493,5.242467021726383,2,0
39.62007875478572,45.92319666290409,60.90885685731246,74.85590380774424,73.47746885284104,97.19063190783952,0,942.9248205040419,1.6361441553393723,5,1
14.21955032021392,26.488606882727,39.368071135589794,150.24061780889963,33.431961465094375,32.9111923948807,0,936.4168208240942,2.7232501205634927,1,0
51.21657755514009,64.22956764335586,94.45167904048195,100.43563515288834,48.654875451421795,37.415517731447935,0,913.9579250125491,1.8883041221278103,1,0
8.94635143585147,15.153645962804395,27.784759876000713,70.35375586382611,90.56344524701214,90.77509289569065,0,945.8241477078657,7.198305407995494,0,0
2.353994442849359,30.315696981274726,36.449190766449675,97.61506451533279,40.429027586172786,44.59557581137608,1,928.9586649285656,2.438797093182479,2,0
26.09345860943561,62.45843418148968,81.09054061483204,123.47852237724538,32.49010417737672,97.52745719224268,1,890.6220304244084,7.067777433476986,3,1
24.960117182100827,42.52232602266453,60.148776975167216,127.69248709921578,8.010977854965576,41.462973624884334,0,940.18655612222,7.08072463496526,2,0
6.364351330072741,25.990921076611937,73.54811174450201,150.91790806290444,71.63840297382288,10.416909172884326,1,872.9346786778732,4.25306627963695,2,0
6.980608330042442,20.71276104585625,85.30274951350155,89.88063519432633,25.445892296757567,95.83532237644988,1,960.5285070979708,6.979475364623375,2,0
29.402447855861098,48.189828305825344,69.26066312524243,162.99933685003228,65.74457997095534,31.328952699472218,0,969.7134581772075,0.7056844512591005,6,1
21.94161118575135,51.42677698631418,70.3639523187138,117.71749435888015,39.827396520597595,72.47084338864019,0,878.5732450769599,1.0966906506095384,4,0
13.117334356575917,38.6576019599495,147.08281245732059,255.3887046745042,79.82919004076452,14.264518397637854,1,898.2458231258138,3.3130678183464735,2,1
23.560117122876356,42.26285759788432,105.28021761703134,216.1105929731325,89.53997568198234,77.34276231670127,0,883.9498963986426,5.565136271956423,1,1
20.388972765017627,33.396364685425766,77.32264589848612,150.03488166595173,27.391807664564933,29.80621006372676,0,954.9010104388415,7.76733582543192,1,0
7.679200704241881,41.95755777156848,68.64925613005957,188.74134615450495,80.26955455793974,82.0226179951487,0,877.8156170580179,3.788203698122836,2,1
30.934516090007882,45.053390452346974,107.12350336338673,142.52030329872227,19.51730979734039,96.99399935911858,0,929.5221167518116,0.15831684257443546,3,0
26.909861448645156,33.603588629509915,47.487597078085,90.53575626800027,18.38809780792027,14.070378371238725,0,912.703316613487,1.5338804597190017,1,0
16.880656934586526,39.20860031013709,103.18755905563242,116.7328636232563,45.702336982688436,43.119286569242476,0,952.595484241576,3.5602414931509414,4,0
29.415783490959196,33.26968288980986,82.4484002630377,178.32282426252152,35.82840262999501,74.42006623755698,0,940.3044542766338,5.550867655069595,1,0
55.44918023859496,80.23828538963828,135.9938132884927,204.3716793248658,98.77998824723238,99.6791730681033,0,929.8606770104561,4.733601986529049,1,1
6.9040053452480565,33.032071502837084,71.08357458780233,131.76501626566395,81.3780034691706,42.67402462180641,0,925.3845996531093,7.0212419713853285,5,1
13.592245692785568,25.75253480025501,36.21135752688052,94.24599821870251,89.57250419678437,99.54818176582303,1,955.2523445031311,2.198099178488874,0,0
14.129640778517093,27.765738050424346,42.00271481656341,94.28539191302673,17.919777402191855,90.926653476699,0,922.4937270703368,4.365972146581531,3,0
28.970680997673423,66.68438599687927,117.7221896154445,146.76984203511148,72.82629089222891,74.73806511029346,0,916.1787422033406,1.2395909011704715,3,0
10.052310850673809,81.09128306598795,128.5395966747286,153.02547736746337,62.407009060860084,44.37071416910092,0,872.7849055781246,5.197411472462365,5,1
27.856193521177893,48.31599338450043,71.2283758073391,253.67366070883526,14.427728832231814,58.32235440097305,1,899.5413332247617,6.122581008578435,0,0
11.077613094780645,23.445529337224997,45.985486633228845,136.1727068554889,80.39804144732844,74.83120924832706,0,910.6854699874613,4.155988906188359,6,1
6.179234440713729,32.477211645407756,108.22497597182289,167.74443077374013,86.10927109661594,71.71559691713921,0,933.6632478030244,3.640124633724197,0,0
17.642600334043223,35.787568445643416,70.33980378651304,124.76287233636329,91.8388346299154,35.95600270436487,0,944.0523670004119,1.568338164877584,4,1
10.877972560552882,35.92158153939197,53.73725598777999,137.51005843529583,94.28295095384149,60.149581566825475,0,975.8965758394658,7.479155071023039,3,1
18.974774852452704,41.3541521633638,125.20612638155418,260.3109618260846,15.242004068303826,85.15222931850883,1,900.4363244892675,4.888739708950262,3,1
22.419529019799775,45.2156204269815,124.02394009252231,197.86927258314216,88.80636735583191,52.75680369016004,0,929.8856583638924,6.5398071448737065,2,1
3.6378719726353843,6.245869132773502,40.751713820652746,264.95647171429533,94.80920182137962,60.96185132359265,0,953.1642900514548,0.29158795911873747,3,1
11.941970414300101,25.544220702214634,65.38310628286943,163.61702520519424,70.62544852681981,39.47811892968895,0,904.1574547670914,2.0853407368673644,2,0
17.65353157850507,30.221690372478985,93.38590349126902,140.90848380798974,22.46587691315281,24.409239338624623,0,930.3380338303141,3.9109048084144082,4,0
29.50276850610114,41.92502916015997,95.47654672191689,119.53968554104577,43.079578762563166,15.938166484541036,0,916.0397735471303,4.336204937877068,5,0
27.048484206490805,58.120013669213485,68.23034069410964,199.06697843858245,13.56047325491822,46.5450023842415,0,913.6974035627499,3.2992798017961547,3,0
8.275942238138777,15.559823248613547,101.2195913856086,133.5845527526368,5.403412320563019,66.85928461563714,0,876.8949781747234,2.7645618406002903,4,0
14.680765340939693,17.30470763669146,25.60087599891496,134.19570837782913,92.40589802583398,78.40127017220142,0,872.6660093804255,3.657929688348959,5,1
23.261066888427703,35.456264640465136,82.5863337201757,167.52196619487228,97.372148909299,17.564890791892623,0,902.490444740089,2.991187494150078,3,1
13.896765564875578,24.096075938204613,36.38002405341261,56.30643331205793,92.33282459238201,38.663900215015516,0,970.3517279612012,0.41638701977711423,2,0
9.000253407206557,29.564540521160147,83.04585751630668,165.5010609869043,29.126445385323624,82.71147800279023,1,891.2049496854783,5.572696901351843,1,1
16.11199104510392,26.24789492175098,45.747775417935635,138.57913857916745,64.005538397489,20.10298168122653,0,876.9300962747267,6.193252949596569,1,1
21.71558569188997,37.879831835054716,58.49330098999981,111.31005746708041,52.471274378734435,99.39524839477966,0,938.223139566061,2.558868247111864,1,0
7.582148728709561,21.981185736910774,82.74300551461332,133.29869162468555,52.12451930020218,66.94197861457062,0,975.4396637517813,7.730803737972429,2,0
25.072243488073514,70.9530136895827,83.2306946587248,138.262122167289,45.69171308344559,94.6015838487406,1,876.2884299223334,7.896662655577275,2,0
18.43738510156276,28.80013211782213,51.67924195829795,180.48353940606114,94.4121432837941,75.72531009219148,0,952.0002379582011,4.591685437377922,2,1
25.71513778342277,55.49652989602326,68.19698377320694,116.8386409879252,80.13449260407604,96.74899723438227,0,881.9349771016348,6.373304755388463,5,1
15.839507873015954,34.44962048280868,72.2109856458542,86.88165186915619,85.4525139032645,69.8799534228992,1,884.8866497468704,4.409716211673734,5,1
50.04000825929812,88.32033304697717,100.81007299696321,169.425303358833,8.288014166127207,34.12688363589875,0,972.969166563844,2.1626897151653326,5,0
21.414384668791918,76.79775166057118,121.17189913465553,134.1514731215153,44.135265876199036,82.02445559293623,1,947.1330872315248,0.6531910889079842,3,1
27.77188852674883,46.160876456998054,124.29416230061634,205.11655637519925,61.80793518001796,30.346279458633962,0,931.5230129379568,2.8210249343503,1,1
25.00088685587812,28.98389541889949,33.60858324692582,63.96157109524074,67.57854350085053,60.85051983486209,0,888.1116116110304,1.5644399903268615,4,0
14.532312284108093,21.864562183462645,41.44334485049595,98.87197272638991,90.01357834815923,43.57369587107889,0,931.4960138374657,7.386070847223703,1,0
20.052564862764743,25.848450452869894,39.63885401475983,70.39542887135461,20.865277490220723,81.91976018093798,0,876.8498848027554,7.772781497832873,1,1
10.251771862280172,23.91400791105582,34.202311106985675,191.28093895785793,13.55348779834311,78.35408391444957,1,913.3873545745479,4.300626663513705,3,0
47.67285702735768,59.65241359448836,103.19858161780408,187.70352425421314,89.85389210362611,87.75048717555893,0,947.4895654195005,4.549278435671311,4,1
23.13582320000029,46.323473558924675,86.33190208519326,115.74420904241482,53.12882797242399,32.22525519333102,0,932.5159023601241,7.450818705319078,2,1
8.544918709131279,44.81943856760776,130.13472255049737,203.61396350736564,56.22547849712539,99.78007091750044,0,944.2681535885345,6.004882185155807,0,1
40.66770542171737,44.21814523640724,100.65853522672714,125.8548869472714,89.55006257465247,82.48336628448095,0,882.7425901647999,1.3797139595450245,3,1
15.11251428289459,34.804952942307864,70.68724298406752,127.52251552472774,76.23194736914539,44.80328724558437,0,953.4457976901253,7.620467463334015,3,1
30.505386026457792,41.1170548481691,83.2817305804789,218.26954748777746,74.42167647706026,21.489736921280553,0,975.1910654384797,4.613673502861169,1,1
3.532472763908015,23.744206709103597,46.58561327824677,132.10303343694324,22.672703813601302,41.4482984605027,0,969.8278265361074,0.26322897248927757,0,0
35.81319651642684,49.52112877337008,92.68232862497972,124.92392146935985,64.03397779475998,19.55642061791391,1,879.6728157536303,1.6501153928340437,5,1
22.464784084803796,54.62383159212858,63.01180203513161,84.7131398307807,47.756766571343114,65.38349653213612,0,880.8455377866457,6.3949632467732265,4,0
7.958656238836962,15.773046971477129,46.79346714260217,140.0847798274288,63.04894237884137,20.163015586946585,0,926.4701715325839,1.1093495818596415,3,1
22.18641883646096,33.378286646806835,81.49092607809597,256.47535703691636,59.68933187568404,48.746136682936644,0,927.6467086025442,6.8252642736523645,4,1
44.55240381514212,61.97607193349015,91.77009686849689,150.92663965439675,7.496597616464545,70.08107082447589,0,964.2838953932686,6.311968181492927,0,0
10.507554438711953,25.380986303314224,45.596115156807,176.45710019258283,37.66816351970772,50.77635965900033,0,910.5765508541145,0.3785276370788123,3,0
10.391356982917483,27.73266502522581,64.8000448002149,151.2968838661386,48.49130467100952,89.34855693267414,0,926.5924849711296,2.7152622512012012,1,0
14.362526630360492,18.886739047681857,36.652658409231236,129.0432804937693,52.52108255481386,31.689330245104077,1,892.4067422766951,4.104332593553454,3,0
17.530276679047137,67.43414018533419,95.87257818297476,120.54519452883436,14.449580616157835,57.15028061211162,0,974.1253690166317,0.7005945716041925,0,0
31.87972501262501,44.75432443565349,104.95071051075556,161.47607272566358,90.36119562946006,92.18626907896206,0,883.3015551358894,4.678952132708365,3,0
23.35702808796515,31.65607377507935,94.4393249197464,153.81508727185252,36.75999080698115,41.78798300283553,0,969.4480487258453,7.844059351010432,2,0
14.352903705934724,32.08956184936684,72.71398891102389,81.94250677796998,51.49508766430821,52.54385413476125,1,967.975249915139,4.841109876814725,4,0
20.680558887608772,40.5003043288507,55.43226578725981,95.33736220291516,68.05410436198576,93.95602551493447,1,875.5528490148705,4.000359878924782,1,1
49.38483379042055,114.05872193638439,140.415604386098,183.7583372634823,73.31275542795635,54.93822530515733,0,955.2959185905644,6.948106034060266,0,1
26.24424557374813,66.55356800893564,104.11803172136217,135.82184174655453,40.9126139794263,87.78169536714773,0,907.1276079827808,7.71535840829573,1,0
15.55671428373029,30.189289177925897,49.602760908711204,104.60377291008642,17.265718498220668,94.64143082546829,0,894.7175883969227,7.219397254014331,3,0
14.028765276589779,71.28950616424376,171.9159154955861,277.1360886381996,24.69517857715658,33.049209023167236,0,914.2682773515836,0.3919496175928847,5,1
19.807903800548647,69.78813485108255,89.56685165596711,196.80632306218862,20.679926456764345,80.72566928494246,0,971.6325906288106,0.8870580822476886,0,0
31.614852533209344,39.98485050674752,75.73086670573443,221.47006880512635,28.193091429363676,68.8379475229118,1,913.8795133203598,4.962125340562617,2,0
9.312069909366176,83.89272337172152,149.3447685269509,266.38844066246304,62.346401476615895,98.80472565536182,0,896.6975226735308,1.890924733759926,1,1
28.732846766513536,41.79502915329793,132.09671454195066,209.42798839272507,55.897087943792954,62.701376225399976,0,927.705308818061,4.216299323577679,4,0
15.32053700827051,36.91346626822607,51.561046962466875,200.1330533943712,21.019892543360005,81.34993954142877,1,915.0584362750583,6.724217470851256,1,0
17.077618946922833,62.01584954327369,70.66542270282618,116.52496440793685,69.7440679163433,41.11237160276303,0,872.0913776218077,7.513798273312134,1,1
75.48740730215755,79.05771641490288,119.33438126427728,182.7457886782501,11.051946430152409,64.5752331315759,0,890.4925702793744,2.7354727173151923,2,1
26.767683321118447,44.119534885455224,152.55745316552665,335.83880882535794,91.41266707266321,80.07223094463335,0,871.8954395696397,6.804799083782895,0,1
11.157685603067996,35.26749589746799,45.31542480204934,90.13480828154346,58.78812901906363,97.0222006248377,1,927.4413640593184,4.081616413174377,1,0
22.41874311847026,61.71279830529671,88.83407208684783,96.15137980184076,61.08964586334632,32.6656810872504,0,940.5459691942812,5.3028990272832655,6,1
32.69129944131441,51.79695887438234,94.57948512738659,116.73516014624464,32.15991493455902,17.100530289009246,0,949.0164837595061,1.090927682117821,2,0
26.97047529750104,30.592087367937772,67.51049650590727,126.31760681397735,53.60551528688647,97.86742399062402,0,892.8692799838668,0.6004913723195114,1,0
1.8973928742903752,66.24995000478641,113.81713162862026,145.27341280936832,45.494442617265506,64.2377491640446,1,958.5515506612417,6.2651856084044715,0,1
16.55526252847364,36.18480990765181,118.19026880355707,138.4791491999647,95.32091237811642,11.552577284756683,0,915.213996460063,4.827750361110573,2,1
23.115219735286452,47.91216642607176,114.24773030927011,223.23555573548475,12.241038453797739,56.79905801194739,0,875.4099231906175,6.608701799494239,4,0
21.819630149962,26.869260915087235,53.52775444212237,140.15264572942596,48.57988538592686,94.24389604206878,1,972.0467501220223,1.014688322686711,4,1
11.896858908735258,60.41277281616888,70.31024641283783,80.21702339903996,80.19414829546716,98.59822194085035,0,946.27882945402,1.4578292843823606,3,1
27.289189919375453,40.5053350524079,110.19836393506615,233.26237521000314,56.73482363020434,39.314004800681886,0,931.8810091138039,0.5976099394690502,3,1
35.91615801777407,46.561362868177355,73.61568673961705,286.8166672425478,58.69570636755579,80.37181877692548,0,874.4234745094199,5.236004678327148,2,0
3.761771436773538,45.18351672494044,81.74772483308138,121.10690021760257,91.56548339239039,51.282870157108334,0,871.5373177996014,4.963093513038466,0,1
3.4003287973519267,9.051204660242195,70.89098758423161,158.62925613351013,40.690814555332864,45.82088119584019,1,932.1318391276297,3.4618738549568886,6,1
22.27903182676375,47.33844693282337,115.59916086628385,144.146537246468,5.19611377543722,78.23740964941618,1,966.6665720133749,1.1687596141430328,4,0
28.847092431561066,39.21738684965412,98.68339253465408,169.74645686354233,92.93878429687767,34.297083074495845,0,941.220670320922,0.2884136390437706,1,1
10.544304285376507,37.773922515642255,134.8291140094,224.43801501251528,8.140676089069252,48.37395571613,0,870.6095556639768,2.145858487477666,0,0
2.040671660273416,34.53847276103961,68.26294045302141,127.28531161609943,80.75339177117311,32.187862281020124,0,940.1821521869751,0.12216919342162325,1,0
16.76218818108647,29.600185109281895,50.39750548457524,85.46412156102679,18.261450751065404,22.83738560679113,0,908.3469415956525,7.595193302332514,3,0
22.052041884388252,68.67386060426244,84.81927884483136,129.25885396206806,6.964997835505703,44.13690046466823,0,883.4234059882416,1.4445715738065137,5,0
13.481630207464871,33.13811633727279,54.89294238623083,67.3301692111894,38.69367254276606,96.33055501076447,1,959.2711875884321,2.1973771772530895,5,0
33.238377866328285,98.21666731127485,120.67222158067925,186.48997099509631,87.08536054181604,47.69930962157477,0,933.409639897207,6.408731173021186,2,1
21.11221114940107,62.88591375329649,103.6026295427233,269.312417896171,8.509097561512315,71.49021593190318,0,949.6652256664582,7.960133971893735,7,0
9.63375477805925,30.984001783343416,81.94844186509943,104.01949372748497,29.954610209220988,35.656553450077524,0,888.1572415396614,5.0023260956325455,2,1
10.477212233250185,31.711020965794447,45.94677729033691,191.0101943771361,31.509676671295498,87.8821345378035,1,882.7739219213599,2.1012337978206284,1,0
17.03410963604352,23.253526119552262,85.21538694840584,136.97070019169462,14.006658588477512,66.24103140792052,0,926.5960962457567,3.6780269140769764,2,0
12.779149853208358,54.16290636168764,120.16687450684609,132.33920698368766,13.793014136557874,95.54086139129028,1,928.0656018189711,0.571239755565065,0,0
3.1694148385404763,15.006049938942546,66.81663514220307,176.73562886306578,91.2771584398153,39.33568863702915,0,934.0259021046563,0.9612046580580302,2,1
19.83819789720459,42.92885164055048,67.22514857831362,133.68227187185025,71.05308722221902,58.42302146631319,0,951.8657221111154,5.7057881082328485,5,0
10.704011526909786,75.30013617677966,155.36613309142365,182.01601594368566,34.55806584625372,27.194109376121162,0,942.9957297288194,6.652946008136293,4,1
12.22925198781686,58.26527750439512,91.54347571800798,128.0629431678599,27.640474238690846,22.229581184694837,1,944.3881745136014,2.2340963552774964,2,1
6.848128495800145,15.708172977775424,34.456570954960995,77.22079646214672,9.073715224239663,62.68236703443862,0,889.2497943544083,5.933308155422587,3,0
45.31544900860908,65.05494008990352,79.16851367141143,136.02407196488556,39.08478696682883,82.3075071415012,0,915.9918738701676,5.1589218291111365,4,0
25.687434773661685,50.52729917589961,88.9009761533838,159.7954327930575,33.607783786672044,27.981504585547306,0,935.9975325535161,4.1263907125604655,0,0
52.690413641748954,102.57573970308292,127.21328710881123,199.85139714561643,92.12258181489268,73.26248415493092,0,927.0508547422771,2.3851616613376807,3,1
13.429221871059056,58.42663579830776,69.37058382275329,172.37763040494926,25.94831368614298,70.43994083029716,0,903.4658177554606,7.883263738586376,3,0
26.702447562288064,56.29288382907753,64.47447659723977,129.21926828850184,43.48898820106643,53.42939480660104,0,973.8696791504616,2.058922287208708,2,0
20.088280688263453,47.711850715137366,90.28668388192969,170.01673365389382,69.79133818169569,79.02205759404362,0,885.4211612094263,1.7485355087429186,1,1
9.950285857915976,29.415033845949477,38.8980850310366,105.43530172949924,35.51213560802867,63.45158013020844,1,977.2096484569987,0.9685580167109726,1,0
13.322525906809364,37.63670492124925,40.798655700924556,304.82685554799053,79.2696661895764,95.18499013218928,0,956.0268242302059,5.306047466219905,2,0
25.654531030482627,41.783874806668166,108.41937089743952,112.454996452997,73.99436036598206,78.73350357751792,0,935.5795956734366,7.219516774725715,4,1
6.839216754211055,41.49629370947072,57.19753525266351,80.0853968975444,8.369550253991541,89.79339536209557,0,884.0218890991603,1.1598743356724703,5,0
33.459398568400744,62.12425481443072,109.48480363580717,137.88840180109358,86.30390964200733,42.523131507473906,1,932.0298327131317,0.9249069627877115,3,1
18.91320699534953,59.28366340059935,97.10040107647612,159.98086221012116,39.57050681089268,82.98992629858441,0,879.6733327397751,7.244949209520303,1,1
30.55570319803313,70.154738694853,90.56303768418917,157.36708920445597,14.106295593282082,99.28217700239448,0,972.5120397973625,5.3183570093915655,1,0
22.113851389780237,33.903206401191206,119.88563184863563,172.43536066810495,71.34283186533546,24.711835343069108,1,901.4166012289576,7.755273108919903,4,1
3.793066039261773,5.705151203199284,58.318668858845214,146.41302701885775,75.97893159462731,56.00615008029344,1,913.9467184967735,5.711313612970273,1,1
16.56474469382764,27.601374813277012,59.38500476579648,155.73853614588654,11.745921295717388,87.61023847778726,0,940.0451438378635,6.19647185003717,3,0
33.94578533131638,58.12344599568978,75.07993318903361,131.5412608693143,38.62246224663862,45.69637301981928,0,872.061993578219,3.747589690434916,1,1
18.71118751225898,34.86023124248,84.6698412854202,188.80794042436258,90.07064641478999,55.7409856441667,1,929.613300816552,1.98266481088461,2,1
16.88385402679878,32.51093314046787,87.67548631470788,138.37734188884446,68.5966070887321,77.2864623050999,0,948.6322198153036,4.596210575219527,5,1
18.69789472360988,29.172069190470282,64.58058717592148,141.1697195768475,55.72256145704648,84.22277138620113,1,892.7991084918182,2.9298884683964914,3,1
2.9012785387530244,29.594936973381927,61.981852156516865,68.467097382752,52.89073389303111,27.957743494643324,0,886.9411583079722,3.8108316580919728,4,0
36.30084293129174,40.04062593148711,92.55476953598411,149.63850422907524,62.799551594710046,45.19989865544878,0,923.6415640731838,4.173907711460978,1,1
1.4481980428906391,30.872246042729586,62.10687343744162,168.91036489989293,67.0369888453054,45.50546855693742,0,929.0214182467381,0.3099088732201835,1,1
41.364929928404884,71.17650433261194,89.64772518225327,94.94425279298078,11.539474983403167,23.754182671747365,0,918.2960700136864,4.9074711859196345,5,0
12.69302123051262,52.4573537831382,62.61830215094798,125.98755472255935,36.74408755108617,18.20364899745208,0,902.5167815044025,2.9324249553325887,1,0
23.21355905678278,139.96706007955112,171.38081924327452,198.63144949677098,55.03193546060948,77.02247911165766,0,915.081472604527,6.515626719443549,6,1
2.623797118055479,4.2440933774729706,14.111226868604831,87.27547911272815,74.38243993652941,86.67931807510638,1,904.352233212489,0.5447728877403031,1,0
28.63484161530605,57.50751343641574,113.13440633888982,165.50568085382565,75.56359903562957,95.67267853281405,0,897.4627563564464,4.493904061810977,7,1
25.391950367651262,58.391777743578686,89.80781531636734,168.39491884174458,62.52338656033407,96.06654938534311,0,921.9326026307258,2.9441528523399585,2,0
24.333485445489842,35.3940690925366,96.81298339103088,131.91318585233714,60.7198589123942,99.52157474332087,0,913.5208772331182,0.8370404742494247,4,0
2.4868881786652057,19.543401560287137,59.41629369826851,114.507716014145,39.93633092374898,17.46938382729195,0,917.8930507898416,3.3681879369633507,3,0
8.856155207901836,22.22356718681777,69.72752700761268,95.84067704587541,84.29650631946527,45.7117646786877,0,870.0254111267288,3.3332460644779975,2,1
22.196435533433217,52.394614186703755,72.26181860624638,115.0432429211607,92.05802182735701,17.394047614671422,0,946.1973815029352,6.051132171875286,3,1
35.64813194828623,78.41572591943714,108.31111082208767,177.61681301783668,85.40015402346346,71.01009793158053,0,875.1561882012337,1.3009572118510246,2,1
7.750601547493724,14.806241349868674,54.2953074171522,68.5399714982908,87.83249441722919,97.5152406218471,0,892.7371927423187,6.660016252747957,1,1
7.942429650166803,34.882185472171436,71.23849811721666,128.21999613130134,91.3369574480598,13.301528338986154,0,958.3796954128509,0.47845988603781986,2,1
21.17570049177882,70.0466087307743,105.29774600213341,127.40949126735133,24.19604537322416,57.369671879848866,1,978.2566717512562,4.174089085311648,2,1
71.19795734218104,82.96287947592964,96.92729026267658,146.70937510667258,53.81827430989261,57.99369978642487,0,979.062548442367,5.227130103968296,1,0
10.098399138255008,19.53575585473969,25.81616567306726,45.27484302144838,55.78132828463459,24.69474250306789,0,935.145339219764,0.2133111899790628,4,1
12.571679480256844,21.070062092654172,34.19249354127339,230.9518248665821,51.11536589011488,85.0121743420046,0,898.5355910868202,0.646130620007558,2,0
11.135808428179244,21.027665715314438,23.233752818634777,129.70903632248434,85.60640935907294,45.525051332124576,0,961.8317203366789,2.2606752895315236,1,1
15.347727268205807,79.2008381968599,86.46101877862216,138.62956092628457,35.87869865752012,47.84181213103263,1,941.5358587205698,3.1134744559581735,2,1
37.53817643023793,111.27971088983986,152.78398695618273,297.15198979076763,20.324802097153075,96.57624927455319,1,978.4813660616483,2.837430994820828,1,1
15.97483581641281,69.1294657387548,96.23099717946513,132.22600961777408,31.058558282470837,32.26453222621267,1,930.4012137179012,7.773356805063581,1,1
75.61083055608836,91.49250440908476,109.06347506324805,234.09012633269566,18.597126814612395,44.69212169336469,0,927.8788484758295,1.4188492987879846,0,0
18.219932642078373,72.75185529835956,99.45700475529183,179.15512507881786,43.45505428281102,79.31353160819846,1,874.8174605328238,7.136810543948505,3,1
39.953907828738956,48.0102420543663,52.95914981801376,90.15431112035901,16.09705449494552,53.198427984050234,0,891.3842549391137,7.562155826679392,3,0
13.325619720135524,48.5684846550203,79.41876793778516,169.2189931565904,13.319697515281256,64.30779884646228,0,943.3613841141815,1.4871775059003054,1,0
5.578792662078147,18.227954643776215,29.0874223804219,138.80532588488842,47.84549870366008,53.00318238478746,0,979.3149847515136,6.092843994327144,3,0
15.954902790707084,23.063585416078315,95.80156740311573,154.27774015495132,62.108371083308356,35.49929703117752,1,922.3188432498845,7.98569536536829,3,1
24.588107886147576,50.93200702196154,99.93454340233959,201.43150250848905,62.725978522034254,24.645444107528512,1,873.200421839125,2.058041171517518,2,1
8.92431714618272,35.73936022991985,81.90436954288198,177.73051128892772,13.767232058867249,86.5120738273013,0,913.9488764632986,4.0716140832102345,4,1
35.85221532454278,64.59027991416535,100.49216264147117,174.4180736617746,97.2996202912926,34.76914148839069,1,883.8943416785671,6.094799570333334,2,1
11.581578507516001,42.69173757316483,94.57704779095097,113.95364704694414,16.565897426242948,99.76306422648187,1,975.5691461398944,5.904737006872711,3,0
6.850681740413781,32.246260826688555,63.21448423024511,135.2091220524162,67.74402910501854,10.905787401783778,0,885.5443291021274,6.682004597799815,3,1
66.59071929387883,84.93572836679411,102.11378520155267,106.82583871652582,89.42084719567603,89.37525553907274,0,882.9647869132199,2.851095488893138,2,1
8.524967862932606,29.552896400276396,76.26645537571673,133.61757064455432,89.05277399895283,95.26314717735202,0,920.3539455632721,1.0532136535082448,0,0
11.305453654044976,46.89317280554589,110.56621986313232,196.39629845924088,53.6522517914835,15.28344506832856,0,929.6104620393378,5.443731510798757,4,0
27.454014591480377,52.162461718120475,66.82957913306917,94.84973267064066,31.35801612109347,66.48160078537086,0,948.9029345573233,2.782539431177601,1,0
12.966466771658826,26.796418446723788,35.06519750728076,138.46110796074598,83.64760052064409,80.44112028773519,0,910.4779810407574,5.203910546341665,3,0
7.07987400746426,17.981141477495427,120.77900602647806,162.0410037745751,63.196030639788134,65.38270840279816,0,968.6686092832155,3.8400106052434286,2,1
10.409692049815058,31.30254820431108,110.09794342668722,138.6774398848226,80.1494264915226,89.21069753979657,1,935.8462755480843,3.7229973440061825,3,1
54.9723353544259,103.69118881847311,137.11438619140014,230.9192102315363,42.99924321409718,21.92322415952708,0,875.2001328635414,7.063941007185024,4,1
25.20217841480203,56.65255493542982,60.437132835148105,207.1616308308801,91.77572270940937,95.38812457180269,0,873.7582813501626,5.159628507583054,0,1
28.733860743139555,79.21235819862227,118.85289698263176,185.2550239313446,93.31130356656627,59.545750994349156,0,921.5649755639104,5.033599960969362,2,1
20.438730826232682,36.10683364450523,174.14777524106384,314.2476166092482,75.04797409259685,40.99357190447277,0,918.3370619336727,7.769729000196421,3,1
22.992225356445765,46.36818797854932,97.9697450105731,135.18708824245772,94.54384895121193,57.266607361016455,0,919.7610008715926,2.230980496381925,4,1
12.198565156335563,38.20505572797816,86.92733127459195,118.73863043894931,48.082329718396906,40.538355803275444,0,876.2909289535148,5.539261543931165,4,1
18.62676039967237,55.360486205270185,87.00315871929044,206.43763559977825,23.474043908495393,50.98987823431522,0,875.8599777373611,2.908636758664189,3,0
2.235756283629066,17.922772136015936,63.673823680463116,149.84243969215782,67.31088442824735,24.081532203766198,0,876.6844169937262,4.831478193437759,4,1
32.49354514610554,63.88455691781795,115.31578375023821,136.5445745573915,67.06968349702854,86.01826549674229,0,950.732141871194,6.555169473385862,0,0
12.10927177185777,58.97636665930713,96.31869608965721,251.29332371280745,51.67559243963174,45.065736114143704,0,936.1603055902203,7.39000295381855,1,0
6.055076674688089,25.181289273727415,53.55439916256607,110.93269069919916,29.75876337692193,52.0310423095924,0,885.0110661544885,3.4741030301804954,4,0
19.41740113714269,29.161542400082837,66.94953169678425,127.83062785929428,64.31258050917981,91.86183258964753,0,917.4089926683902,6.673515399962708,2,1
14.508797455098376,62.451805250242984,99.00214011166385,267.42627361348514,22.17407517936739,91.63018237810687,0,973.7232160540345,2.7470248521766663,1,0
31.7147921366579,65.15097764555073,69.78855485062066,212.36646700911825,76.5634005762949,80.92739200406221,1,877.6053243770725,5.322110719644247,2,1
16.22324669456052,21.844982759750284,143.3618613944415,279.0791582190903,91.1471430947188,12.701398717742082,0,890.8066840798417,7.033310278193511,2,1
10.222306984514198,29.696614347211487,78.44471863032098,115.76076911234148,20.82901455673028,91.57390051840096,1,912.8576033131951,5.514834773414135,3,0
16.52132699032649,82.94071052540977,153.81399567077545,227.58217847160893,82.92577400903477,26.986223856521057,0,895.9496143101344,5.675296956083078,4,1
43.00316209767608,72.63796973207488,113.24737878124043,196.58065073765692,23.85484161739321,49.44627379338111,0,887.438512360527,6.71725107668019,0,1
32.429566798084736,53.29311831151221,75.48402475296801,105.26942222902409,52.54030714040413,91.26917776676883,0,977.0667800955289,2.0943428240009903,4,1
25.15650196785019,33.83923612515438,95.05253982951018,116.88338720167543,93.27838111349487,18.553943275264256,1,954.3078238879528,6.000477031756911,2,1
33.38340309980276,42.04436361506325,49.849308470188504,104.65141314662716,12.857518168554861,21.979273700621285,1,950.2091316874609,5.137387991385539,1,0
26.52000728610477,61.69688133051372,111.8069328681089,214.4801840222686,13.527838405176153,61.84519100047542,0,972.5536544729976,4.41251209241678,2,0
7.992719035638017,17.37278705241548,78.12433634687387,83.68622705255927,96.07873093646378,52.094368368702746,1,890.574864967834,7.8032182351429284,4,1
28.893505315203377,55.036308319499746,86.27378594355488,150.49012897373058,20.090688761053645,45.0709054401603,0,967.8700882714603,3.3588568996002217,2,0
36.07335572066149,55.15592284485125,102.0111101451323,126.26707500467735,37.49452472926723,82.86973297046681,0,978.0941780306424,1.9553151951695067,3,0
37.4359713866478,62.456941138876935,67.1856968990378,176.08024623853356,48.6044300197351,90.52117245729262,0,934.4948584572006,6.7301993774911555,3,0
6.543734795184055,24.39274218243564,72.67303392234578,148.52902219748765,5.636118018231768,99.22856151729711,0,969.3559919485057,1.562465540004578,2,0
11.332420079099013,40.005185690797646,65.53630255754956,89.40198714562167,22.867637240168293,21.066513155363054,0,959.7733848429516,5.9876610389142355,3,1
9.989475675394072,49.58486720271233,96.60313827152129,206.91023851034066,83.69851494335069,70.86213534899777,0,904.9673515844805,7.4329371419197185,2,1
13.224080365323275,31.302883289714728,63.55906990763474,139.0795387459665,54.29111474625883,88.42085195651048,0,906.5578016344933,6.59049488660527,3,1
23.35049095361625,60.60352206172597,92.56690508873001,144.36960994220965,42.42030906415374,31.646594192931218,0,944.3396604885555,5.101894448213865,4,1
19.060996824072838,71.02149811792401,119.04433328262513,317.35340362544747,69.78711938423874,53.20321152153018,0,930.7350018212264,7.39290892879402,1,1
19.065106739610552,45.052733891372014,71.54812076270119,127.19682421905563,35.85307060342261,10.645118645827152,0,912.3435595695786,3.962378899870062,2,0
5.005154257633531,39.56445186632185,70.66916390084928,112.23826787994051,46.66115248428339,22.115136396988504,0,875.175813859768,0.6978170741553662,2,1
10.988371118657572,18.116893753069526,123.78344692629642,213.83298423990794,99.40400348915485,21.300784776950213,0,872.524328537338,5.905953309344382,5,1
39.282505231377854,57.654133495862325,131.61975282990045,291.9084720042812,78.55718420293591,73.6806477429673,0,880.778670730299,5.763070977369015,4,1
35.96939581238727,40.953956305657755,69.31513836602532,75.43372505963569,57.62746398804574,66.00243013566097,0,914.4557039357564,6.936471926192917,4,1
16.01719486959385,29.59763516885547,62.308968937167336,186.53525863610986,55.04081872055282,13.482751762933304,0,873.0150890829245,3.308184778799048,3,1
28.947514576852704,47.502463626745914,68.49942706688975,161.14607044499715,85.2058361047844,63.61250944465145,0,886.2988922270957,1.2458250710956733,2,1
21.88550564200039,92.0868716798085,117.68618283065146,262.5560889135887,62.082360190440454,16.132851349823262,0,976.4880803409837,0.9110950009268061,1,1
31.139780860105965,42.172417600165886,68.69486193913914,197.97174695377672,37.23147220043036,28.197999555123157,0,919.5636317337032,2.8286249363533917,3,1
29.81776936083634,49.96223608390384,86.02135544030051,167.39221001185325,44.69021211426349,91.12264331737101,0,972.6576221061541,6.364418293819268,1,0
17.000324551997036,26.401686105326313,31.827188483166697,123.0114637068194,22.42202104266993,50.25372090154529,0,890.8955662655112,4.218815126995003,2,0
25.26472382193333,42.63490115407528,67.7099290073651,134.3293794556903,96.15445511496642,80.32116616047234,0,909.4380973494,1.4464409632099318,4,0
22.917202114337787,51.9245081166995,73.93150466566155,222.61882999989817,66.95959955359979,38.288050185503835,1,943.8331273038532,2.010369036315829,6,1
17.33905486429507,49.710349241190144,130.08064209548996,166.73386021810902,42.86418997201543,19.969693931006947,0,978.8859146728958,2.8524460500825604,4,0
14.659921762334553,30.28104309409149,62.72644294811657,128.76731511443091,39.18935250578991,89.93725015122281,0,946.9825486537478,3.89426289015937,1,0
50.14178139489401,62.54842454433529,102.1000007105832,205.0220903305077,91.16426984092845,24.744436517438103,1,969.2427494796606,6.731608058543878,2,1
17.355154194461225,73.86074635296944,98.40745594040146,208.8628419388378,39.22997759901042,41.467738761265984,0,875.4031928157912,7.939413329093759,1,1
27.735785060685085,42.451406600453716,75.08588723656146,185.78252725973726,76.8546554730036,73.11110464118902,0,903.4206177681028,4.8341363485026845,1,1
47.66538637401774,50.10045360113315,75.69960057141822,162.05225729181944,84.36550080013642,63.26233013804398,0,967.1072558110292,3.174541720821135,1,0
25.235514551703545,72.27202683143463,108.70861132828904,219.88961741053708,91.43103221971084,93.51910460942752,1,927.5537396595024,1.5486944810444276,4,1
24.454938020956373,27.647706534662433,74.4311433614955,165.36541758945657,40.43992616315434,98.89034867878156,0,888.6851305720323,4.1370882346420785,1,1
17.430229211937306,64.51524416902802,75.82003392413573,244.87703501866264,77.70605581406355,23.19678245835515,0,888.6782717661292,4.943655717653159,1,1
23.208216519784433,28.30004982535158,79.58854838541708,115.26734914320888,36.05376784941973,30.392813752108168,0,953.4521223904186,2.6828326513144303,3,1
13.727971186271668,19.913638703563436,35.84827074473718,146.7609417274253,94.6818169064216,67.52467308005536,0,887.3754548602878,2.658995035348587,2,1
81.86312902913387,89.71235424693174,197.7539333385015,257.442189149535,6.060215360032696,23.205850003313785,0,924.7437260768963,6.645157302833783,0,1
5.1213614403595,18.902605795538424,54.80264503561483,124.63751280344837,59.16809270562379,58.799726643229945,1,889.94194992509,5.313716802916227,3,1
15.368464487215462,62.763121358565215,101.93874679266531,278.78844646165896,53.44543400492328,43.5546225871149,0,892.9112909275528,3.6571086854789105,3,1
25.524273006313845,33.60190832657993,73.853673209037,249.1937899135352,88.37413536173452,89.93169762093254,0,913.701271499255,4.5059546238444215,2,1
24.470225405615125,53.41679358099513,87.73463660762864,236.39439540267801,25.549663934810127,92.62853268728834,1,882.9892361277828,4.087524193425793,2,0
13.709534478490568,38.29262464811934,57.735248296494554,103.32508715196147,13.292350622319617,33.2947085325801,0,942.5263010207291,1.4775627039754073,7,0
3.439668699850287,24.999075079559677,64.2446576574568,106.58708403232234,85.4117584408113,18.610129936546073,0,888.2733962704355,6.975671221800741,2,1
5.9755962335094,47.55945521611559,85.27672999770836,109.09206932012785,38.259680065279035,99.19718199649154,0,952.7215087929538,0.8188980998119891,2,0
20.039086304466295,42.953358153241886,60.63493515891999,217.19413666542317,35.86732851559677,23.490589194246517,0,927.3439076729303,1.782907106559959,3,0
2.4117618044685094,26.643175624271247,38.06587468165102,68.58035986808598,15.004494409136402,25.609132736529098,0,908.1144128950768,4.537577014720679,1,0
26.778614003983332,61.12448906464556,122.07959055990088,174.61114705692188,92.40559667185998,32.69559511340863,0,937.5665531860507,3.7429573755497287,2,1
38.00251773228236,52.17021038240276,77.21323419496325,122.92631073152519,65.13099381274318,40.67686748091809,0,914.8383978631027,4.803259634934163,3,1
30.097049953104204,50.392682982013746,80.00403813761268,121.77550127434331,70.75745876933215,23.300123585547105,0,879.0746931710299,7.365616653897839,0,1
34.20635457835269,60.16285426099297,97.99956767757848,111.88166813666518,90.304109812886,39.00079372608805,0,904.0016606941257,2.3593824893644086,1,1
2.5255667699066633,41.3988947514886,60.436971519224215,109.63946945622985,85.16618007001333,11.982162912261796,0,927.7139294306103,1.2906371604020355,1,1
14.137229045674346,32.492374956521424,74.08625883458708,147.7794549173747,47.92231772523831,82.08853280121733,1,881.4671920341119,1.0581751554996035,5,1
7.450026057388154,27.477052281605776,58.10755016566871,84.83943856847473,20.178343946360332,33.719687248594944,1,950.5585201177649,0.5665809425299267,2,0
4.089270792102951,32.55860793752623,65.2756027192235,102.83392510556506,68.86982075196053,83.60058486291832,1,909.2101099632337,6.3469607436545745,4,0
11.921889653190775,30.548505194994785,99.38925710837152,242.2981239799936,66.81794693252431,68.22295865682284,0,892.5266909631846,3.7140113393774126,1,1
46.90059550284322,58.1675381398709,95.04665859289457,127.84392090987396,9.472560578121566,53.249148708635055,0,870.8856325935528,2.1208296597596488,1,0
55.41597394601502,89.7194782405457,118.30070404652814,179.8046327205414,90.44312785263008,97.50635570925877,0,879.3422527255959,5.425171553747603,4,1
8.340237691018482,31.349225641330648,46.165475732573796,110.48707431230982,36.847727940856196,44.80031881700257,0,896.1008294743549,6.241158214539415,4,0
18.27860240858876,33.33975389223518,73.45742495325433,111.56761519945434,45.73407601174279,26.05493727958924,1,910.366599895599,7.5033154683113485,4,1
22.977095514482762,30.81239483649413,90.14117567981252,208.87115129307176,53.80923257643382,61.9695366735515,0,886.8639723720759,3.255556022388555,3,0
14.217114165859607,17.489742125343753,46.42796375317595,185.85302729405265,91.6418274588094,22.613475591878966,0,929.9482178827633,5.546421160963965,5,1
39.819074853962405,69.34171086647123,128.3614708413151,149.8912603599755,21.196537703499843,34.913440142881534,0,891.3833805513163,2.2379674020129197,3,1
12.06966948541341,23.111167053534608,63.61099945212133,108.66150844666501,40.02553045801524,91.696522585633,0,975.0130244460877,6.9372974763281805,2,0
10.491057504199945,15.26309745278374,50.16424226110171,86.17163568343712,52.627348086095814,90.2942738086022,0,932.1279066956447,7.278686535228847,3,0
8.735027586772372,18.661534116376608,62.54497707398403,115.38743558530979,99.2303790130377,51.9152692412933,0,957.6284458953386,5.07897812184271,0,1
14.139229326825012,40.00699864360363,51.82858116766928,116.22805243024328,46.77634947678572,53.04436813404018,1,916.4004767345175,5.305699770079234,4,1
0.7775210705972336,11.726770537874987,37.06011284062579,51.764224671509496,42.8610921573824,61.01053149495397,1,892.5369643571157,5.310967316294084,2,0
14.669189379114409,40.91840974783479,66.96711843413713,131.15910219765072,93.82754700829818,17.57626152523547,0,919.4510885218169,4.773348052932706,3,1
19.113704732734913,32.1214513301117,61.96447858571369,72.36918574987192,67.84201182285186,32.784044782126784,0,915.3551361950065,3.5663850506071784,2,1
20.004985760376854,40.203353468594,137.2797027020917,313.48283047296064,20.539554850615488,62.19867840048652,0,938.6024335666294,5.948552772716954,2,0
7.046223387445981,28.599246294078945,64.30465681826377,195.7526326042838,21.701176846699344,38.904955602330105,1,970.1682199183035,7.81531922540811,1,1
19.727422054445768,52.75308580672606,63.031875041734175,72.4782713976962,66.22300514943107,29.205169220021542,0,896.0946937918442,5.9918548838673225,2,1
19.429529174344925,53.185649883716124,74.20113537700848,147.39333163422947,49.37025788425697,68.26247392951524,1,880.6202820319862,2.5455780275403943,4,1
19.74510917014155,40.45343362895212,73.1895617231277,90.39269551285521,5.85196538873059,60.9792213651813,1,948.6827844411348,4.053446727157029,2,0
30.49505589769611,39.5590867695007,76.3402499230563,184.91157963917843,47.61624769597366,39.43655362167124,0,870.0431640606664,4.8167895651817085,1,1
6.778480261059548,51.450745478227354,53.51903938089292,101.93991987307669,94.27105448162386,94.36521470837184,0,957.4062836906531,0.7494839683246383,1,1
14.349972111331038,29.160123761786956,75.64617776703281,200.43587268702493,76.00099411111967,79.99207125837168,0,950.067683334326,3.986735564494272,4,1
3.191094152528527,4.608186385638233,52.43152832686359,165.27766196196055,58.06723836796057,63.65274849826169,0,960.8384944694095,0.9094109311850198,3,0
28.591220036081936,53.76149180263346,68.03317998132357,120.476305657848,23.54363096663397,28.85189878133637,0,879.9686626749432,4.133073624600036,3,1
7.787557089697648,33.70449216983637,91.9508798135019,152.86578819939143,36.88580580521318,68.32869619216427,0,892.4080687095144,0.7871628274523312,3,0
33.72963958674521,49.024961145125395,77.81342168513385,114.58341920672625,99.68073189802206,71.896466402642,0,930.6816431507315,2.9548037785971673,2,1
34.531941594942516,39.655181596099666,56.26909872053767,74.40394100749674,67.61009799025815,62.31398558344955,0,906.0028076452978,7.64043246470151,0,1
15.459810258005234,19.515119423700405,32.94954012335167,96.36220015442896,31.247319821120648,67.41642607534288,0,963.0414172896577,0.15896181408006277,2,0
14.843409636265548,31.070446588191768,76.89754428250107,175.47124269180188,75.1091295410715,24.600565846220256,0,920.4171138166012,2.266734338785019,3,1
4.682244518544179,12.95838505475379,35.056517743842974,103.55076684753453,13.679662775444386,40.14938806903726,0,917.2433648484749,3.036728494470203,1,0
17.842422855159647,56.62484124448904,96.09060778262372,154.89401266157492,40.205325345068914,90.16704242867488,0,890.3227129110813,4.761182413465259,1,0
30.314442464280805,46.036466006028775,59.13482935182792,149.9038748914994,26.767428057537625,22.340079717155422,0,931.8228483152633,7.7269964114862,0,1
21.554874690125846,35.770014702998175,62.04849237831351,119.60540611303635,90.12076805918953,63.07220109041945,0,908.0542914812294,5.154017909772506,5,1
43.02424727802389,108.45580268787702,152.30074907239637,225.57066347362257,74.83882381697693,90.78897964661057,1,919.5583928403015,7.160868929612359,2,1
13.067478673042798,14.82359679564851,82.3051620959047,133.4256032068712,52.262486918715474,11.274021116757885,1,899.8424111708024,1.384553639607083,1,1
13.0538167904492,33.118319109895445,105.32107375078448,167.75637401176988,43.741011390887024,97.04093760459074,0,936.9735443920426,2.379928208858676,1,1
8.266423040265668,11.6672236581629,78.27385297285639,103.69396883733296,86.56578386182238,89.5007801150621,1,962.1869087664118,7.107775364880219,1,1
62.15828920102616,110.0020503629168,253.23034204774459,293.44021146226686,23.566010608480394,74.35589432907352,0,872.261091803772,0.14090054668423102,4,1
4.638166752743884,9.312002310012748,49.19571184925401,222.26738085950075,12.102466552708195,73.8221194469636,0,895.4007851686117,3.684844224596193,3,0
28.836617663465425,55.5162027326361,68.28682373171151,91.4331601410284,85.91822432692761,88.09508642097826,0,944.508279411298,3.67780776222171,4,0
30.74268089607861,54.724317539037685,76.12174338724114,256.48622981591063,86.36713134984477,25.389323899875606,0,947.7303225237328,7.575413111949918,3,1
29.85416409863987,33.17530591724696,104.11996638213388,175.52248185450165,28.09226097807939,72.9941006212627,1,902.370329577211,3.6488380977682793,1,1
8.885864015335997,35.71055162852486,55.00442789264593,72.84936667297956,23.5519634858696,40.909896249916315,0,901.480100844479,7.260011882476335,3,0
15.45309079025876,28.414674186686113,29.81685179005855,140.27679619857707,73.52418139328448,88.8074929299162,0,952.1493204447596,4.724036395465371,0,0
26.040646364000377,56.67547794701012,83.68020117836704,105.84805128188555,18.62159133729054,57.99979530565358,1,931.4194935053196,2.4697882883609146,5,1
10.652084244033976,22.903883323731442,80.36311955841381,184.32594823070207,64.08534471508096,78.9235024706086,0,912.784266596077,1.2713026738067401,6,1
13.825945662902132,40.726238687102054,61.803494698096124,146.1863080913212,71.6172884175661,25.032321865064507,0,876.0967063275381,3.97258926012093,3,1
10.80741089805715,29.36363921268943,102.59141929034988,170.78520512351585,64.08809537666747,31.78357274163179,0,941.8320211637025,0.2393813754131444,0,1
18.755343164092338,45.59641251307529,148.72801588919242,226.51087021649352,45.55819549915656,85.43513287308988,0,902.2238260746262,2.748154415388612,3,1
17.856479453712566,48.0904185420212,87.32087063025782,167.86058082995982,82.5368831523318,45.571102699230096,0,933.4801892385057,4.232230515982503,3,1
48.14429557180837,65.15709774628924,179.95143865029024,236.1254408059939,93.34842960071441,57.50422008235512,0,949.4620442661868,4.510475933585355,5,1
26.439620502679837,41.30198088163769,128.20958661083253,316.6276297372531,72.04232475772265,75.2982500801684,0,920.9600600018423,3.6070699051509423,6,1
5.773022204288708,35.434283414592386,94.09561302470719,240.07547564256686,44.800369027648415,25.27179974789378,0,897.8602225617615,7.715361748585786,3,0
6.224408279895575,19.350166169797994,62.26759098223104,170.0091746158226,99.59162518325495,37.22715092538863,0,893.5567566444694,1.2711108061817071,4,1
29.18959736883657,46.486792622540136,86.81436603973748,138.0205687166395,47.69450485948593,39.30838070159786,0,947.5411523126285,7.980195954562808,1,0
17.714165969752173,71.86641231212344,103.20536187458154,151.03378174021526,16.045025439038582,92.50107984189752,0,968.0696842809257,5.561904825399898,2,0
59.777477957225,80.00451754147143,128.9493316986813,209.22396819432706,22.345311492701203,22.38298452213425,0,977.7972380778391,6.617445095980738,1,0
59.666709495514795,93.43844016124908,98.63692361132651,146.79885866505205,38.054721524838065,43.41864396175987,1,958.3596763383509,5.111170724900612,2,1
8.224774508670368,19.72102514990969,109.13709316320663,165.681632869187,21.256083232477387,96.33850538030167,0,936.297503385612,1.7979655748469756,1,0
21.792418453755996,48.412875584737975,164.49045778515736,273.4947380555647,78.93778166720368,85.13830045023077,0,965.0757931338753,6.030153443256905,4,1
6.297644396383907,23.95168470212308,28.73434464902246,178.18669160826542,6.340041388511397,70.3418032759366,0,912.8625594742346,6.800701201821671,4,0
28.851309858913954,44.03812819119576,100.35289397187051,181.87423653629133,43.558913527744835,59.403878503958744,0,967.0406224852284,6.040275110492961,8,1
52.71172375200493,55.73569251801108,140.55831965219625,215.20998611138333,88.42967418093788,85.48575433910835,0,917.3262482050055,7.0041609369978275,1,1
19.654224852948364,28.028943668097746,64.62810648715516,81.75071715758914,16.184989804304067,95.17567712525039,0,935.4871522308464,0.6018689950789623,3,0
12.70471255269371,80.9536666148687,111.15784757220344,216.84592452965896,59.72796278175555,93.16643446776368,0,888.6915853402144,7.699416898050091,6,1
23.4104784833867,41.79085129833241,67.23712421644802,180.42488771775285,93.71565351557373,67.52118167054772,0,924.6918720406138,7.519605471485255,2,1
33.0145941475664,53.34649312936452,75.2365604580286,205.3384414988548,11.801650725444937,75.50899444977759,1,907.5642744000506,7.186245317042047,5,1
33.16553013303907,71.22968456293862,112.83381280762164,375.0806096853631,38.22394714643483,79.77756316301996,0,910.3156033015001,5.1355228191045645,3,1
12.817537527093135,37.63040540400865,110.47116981884966,157.20595478336492,8.577867833400317,82.84126317476792,0,935.8002222412503,6.7888084420574,2,0
10.432655555895753,25.53621925946455,31.373747270677768,193.53748698636468,69.80846086881425,75.9764314173521,0,967.0070135018682,4.878732784514896,2,0
20.95866149387774,36.185920332855936,51.51368610726948,203.6880363434638,44.66243481929054,26.195417303199246,0,960.8544888596348,3.988448888203568,3,1
13.505144802578359,21.273595602759936,41.95651672139378,117.51083341417836,94.99553156983008,78.36222695365635,0,908.3859700070313,7.454980377901998,5,1
39.828729048477705,68.06904003226356,77.05246401821579,99.36995169170552,70.67254380525979,45.133970904434555,0,950.7226182030604,1.7395875222509152,0,1
13.37798548295984,42.34467888627951,94.57684771140893,235.76464211584982,62.18435439432595,27.981861740451787,0,930.238609905207,6.827453708987893,2,0
18.621685075502608,39.144032865476774,86.74103892614117,252.1153193207989,91.48062069124204,19.22791094346236,0,908.3129729073714,3.580312982907539,1,1
22.997871665913358,41.00865951923766,102.06194982098614,130.38127186592595,17.31791632307712,31.628252335829924,0,969.886358445399,2.4063213075858423,1,0
4.80954032975829,33.96569761776694,37.81232909548963,137.64710277558157,79.42727305092507,55.69748782879274,0,887.7385235175901,4.0989412140824015,2,1
11.174899229726687,18.771847541156006,74.99767650758929,146.8940637537369,74.33144917109405,32.21909793508066,0,958.5664592205852,5.134666094652656,0,1
58.06946017780276,83.87111699420683,156.4328948433258,225.71494093332075,68.95884180014208,69.9319042899501,0,893.3453189045023,1.5436023671239787,4,1
32.07188466401897,88.24085110838264,141.18230440270742,158.9568877356256,65.61729402997514,96.79537489025415,0,968.1698595810657,6.0341194535305815,1,1
13.236894263319453,25.026608180702056,59.53804076516985,198.56129074843207,16.81543499608887,13.96420190272492,1,949.3471972083236,3.217576986147481,2,1
28.93300527090139,45.60726324919803,76.67493660014154,128.23615469361573,82.33412059583976,21.758822718267012,0,921.1437091767068,5.659312043516438,2,1
39.39159564698156,85.84600903987182,130.3568006074998,334.8034351694822,65.33963616808089,32.25531654521234,0,878.5051879373118,1.3414534140628829,2,1
14.902492565593754,35.45072146419594,76.3967758204217,135.53284023871487,78.28993300690846,82.39255421771894,1,889.818344139406,0.5422175821988797,6,1
31.036162438744892,66.68668317943103,87.88262250917575,134.7703908981749,88.22855827713695,34.41433904724656,0,888.1455273184938,1.3763092291169907,2,1
28.089444177675116,54.99766168258233,59.24745778829541,109.96619927983633,56.53046850180147,27.23752067837684,0,953.7711371599477,1.5262536708301155,1,1
6.395056192016913,34.939960580248695,58.58930380631414,119.77301898776446,95.90409750718742,23.757966239899687,0,938.4215061252792,6.116120100428441,3,1
14.966152981940422,26.197122696014063,133.7483255708966,193.7476822835946,15.374131138193238,23.492603964574364,0,893.9379948161908,3.9912704086296107,1,0
48.98276002328447,59.91117394023891,64.93951359859996,204.27375798319702,5.383597213103093,74.78369160694359,1,910.443991343857,6.135791124950389,1,1
56.99437404263537,89.40014728319804,129.87208336128714,189.44722788552633,36.34464334311552,73.73100538418217,0,904.0264664636649,6.001062883151395,3,1
32.25160006838517,37.850669872754764,129.32521942596878,282.98276075865635,25.572259004101117,38.00184464102154,1,941.7739869110081,2.0375532836976475,3,1
10.866836035074998,28.145582869323384,90.20293780132548,227.4632531420604,57.592939481074836,50.44979766866871,0,906.3427583106325,7.296166613064119,0,1
1.7080993481135711,30.88842036690246,99.41506250916541,225.3657966936516,31.628062660722794,66.53720323430221,1,954.5463071465392,6.175604646980013,2,1
9.679751959562289,26.287537942238977,89.76904867516775,202.05087279110097,70.37307545592448,97.75530211606464,0,946.4463933566906,0.774439207734052,3,0
5.603076662640161,23.753315225238893,32.84197407279056,64.49744125175289,94.80620792462828,76.88319898504858,0,896.6864986451687,4.62153130329279,0,0
51.372981115253715,88.25838933845566,169.27840344289802,286.37141305201095,78.07936411109785,82.2726179849894,0,905.6210464781777,3.3604543650373206,1,1
3.1055307153547647,53.39852443568039,141.9466899600902,279.4943425496783,44.923925905095956,97.99564768397457,0,930.4407064170763,3.7298666761779224,1,1
6.561999536994825,93.02946820296238,104.95456118121032,264.4488691949155,98.62277908820668,44.29874118367195,0,969.8646208591432,3.000244435349485,1,1
20.647112880074335,68.03768391370384,93.31953125157082,112.13467417483817,78.26232664784263,16.218978893963016,0,882.2630879809586,4.020680848138316,5,1
17.62124693934432,31.592648452162237,68.58852606274536,201.9867511282856,82.03375031221822,77.2209458412591,0,909.4449140182819,2.909256921042989,3,1
47.39922283268002,57.03136849278056,82.5538238246083,101.85436926794289,24.45115941627355,20.898669397690263,0,935.9094612643449,3.7564608065256673,2,0
26.89581155262006,41.0266298447774,60.73859592520739,163.9540374934577,70.25544925493705,49.4735861348466,0,905.7000629275581,4.403299191997137,1,1
15.819212151346873,45.35071152962625,65.44423593585738,157.82802697478388,11.710360389010237,76.45363524972679,0,901.8507592940662,5.871741686739153,3,0
40.31804681938468,55.64213471638972,111.74040927740575,148.30451214181124,27.354394277285348,60.251896633560946,1,917.5141543883389,1.2967583507368545,1,1
12.938975911840329,24.546084940789584,91.71535522318791,166.25709796205035,6.561590583571861,43.04308430865905,0,891.1874251039698,1.1547749957655762,2,0
49.95372750995542,104.40337801674575,124.56699378303395,189.34764764831525,71.99743355868219,56.29174120693012,0,936.3781795863005,4.033162357465903,4,1
8.589650016077712,23.519647155824792,90.3946690598238,186.37618367624452,6.989891077624714,32.070300090881034,1,966.6150992901222,3.852384575941256,3,0
17.141594180600148,45.040410075875755,70.47522496804193,143.02416017887998,47.67179374724702,16.672479876238988,1,970.1832447147149,4.554504270037813,2,1
2.06780767879936,29.44309536754549,42.10416851002813,129.91540321534455,66.64239858351937,47.12385625550031,0,921.8555427202014,4.945719038270975,2,0
33.39517595007682,36.512566908856186,80.26261297839883,137.57029429328668,33.974577775156355,15.248313181711062,0,902.2789768980405,2.26554599137655,1,0
19.803940403074755,72.0438639491856,107.82860116277874,354.84120916861036,39.891642111216896,98.16910953499259,0,912.0636155059867,5.217091252552211,2,1
50.04177191143082,57.20576180100556,102.11272595758817,191.4407601601009,87.4751058396667,50.287250968731506,0,895.1191252508369,4.015784883403075,3,1
14.54801868518283,19.592992745654136,63.98986559641191,115.05461910299343,90.63423896563816,89.41313517830818,1,935.8401307417832,4.017529950295121,4,1
4.738182747550952,18.32333325754595,59.53989442080946,108.37451874471523,86.57650551258037,95.66089872908559,0,884.8189030918568,4.791868803551274,4,0
24.52703314271976,34.281103529070535,67.1304945356992,180.4912356891785,76.24377096073833,50.44333961351918,0,904.9992872205809,4.935758432451284,4,1
11.448413195597755,58.203851552153324,124.09217855351055,445.92911798352424,31.36528849373708,47.83223566789046,0,888.7651165952509,4.973487953826022,4,1
30.19405432260008,54.71235203317943,107.97662087633412,254.75463071606865,12.094327937755782,90.40826298029968,0,892.579834042295,6.661812084714489,2,0
8.749243030184545,21.312560714221235,47.43330880393674,117.34197976290008,51.42606092404492,13.121375072183804,1,943.8601319868817,4.046052406315537,4,1
44.26275964993535,49.10729472445416,74.73989133638189,91.5925642164607,92.81733074815695,53.84831345867254,1,979.2013739498386,7.534194712528133,4,1
18.611884024418536,45.2596376000995,53.59274198183176,91.81274428083185,26.220496095001806,34.175315938013284,1,944.2960683998522,7.576680201108143,3,0
15.866435763991213,31.91426997850669,41.557488956050996,87.47654059634189,24.907192028166985,77.74825888734233,0,896.8518453576118,2.7493727345819994,1,0
42.31922508510785,71.64323852762239,102.80324199179304,118.73067065491472,79.06663623106601,85.30504795053653,0,914.8423515368748,7.0618946358188825,1,0
33.73252808686609,58.36720485948709,118.7930251832396,180.92746256992393,61.23887771458081,65.8001682401476,1,939.0739366350826,3.4254472451398144,3,1
9.825412501906227,19.86569859879976,37.40612728020576,142.02411914231772,43.40848824648252,46.624095682289195,0,965.4129881595121,7.796971157137405,3,0
33.07200688933365,65.10299697280297,120.00163251834977,173.916129089476,86.95367615062976,59.94999813804891,1,948.5677036300245,7.426481827214511,3,1
28.550754831189206,34.92964839470284,75.12322596724343,196.23572570551335,60.34018504919413,61.67284322580753,0,885.9911650499521,3.5720729227592893,3,0
16.558874279889277,32.05942517605865,50.52497759108981,98.86900598201507,92.42541731386702,67.16208060654169,0,936.4316207266331,2.8606310468163407,1,1
31.27452749610193,48.49738296532283,85.24714641013188,109.46656428062035,39.9742733761077,92.99737226199696,0,891.6893949228911,5.519591937525582,1,0
44.132035265161456,63.23783901511742,98.97061688141733,141.4434405260593,47.18717270811013,32.421092496116785,1,911.1759656598865,3.0037084096365403,3,1
16.9328355682982,22.93098974103186,42.06162676017709,81.02724937121417,12.058833575324169,28.141446018236973,0,976.1303300302267,5.316912602647789,2,0
16.976657287211307,62.1592628462931,114.63405142714059,134.2545042509718,39.93049510393995,27.120293527149133,1,968.1289707308495,3.4285691875565805,4,1
16.28206254939108,26.30090275819801,90.63097813167649,123.43145807349426,22.07285576337357,72.75271454570291,0,898.2450573922167,4.06483543208836,2,0
9.49030517738288,13.227215510422443,41.13831508293424,54.83190428924457,8.11905015072005,91.43999657088345,0,950.1395480609498,3.0918747418601016,0,0
16.799820780360662,42.01107350628064,55.75400500597836,68.56850412953627,29.297381071746607,39.41104560559094,0,906.2471294913835,6.393916185393811,4,0
15.41061320270983,83.02251241415826,149.40985198030492,202.5339037762795,51.60953071821904,47.86067175378098,0,870.8644044264223,4.850855721304165,1,1
14.726342941509433,17.825275648620416,26.903705032202073,72.2224370443943,28.498987150199415,97.13687514734286,0,963.5127606472975,5.497666553011363,0,0
14.554722785755311,51.7752396499103,94.44585461127997,310.5105771050841,15.363417546287549,23.075262601121974,0,960.4742463288801,6.585321090196839,1,1
6.545583589769014,26.704162461570064,44.2279344899064,78.16598687511298,47.895733575414425,89.15993576552341,1,902.357576275834,6.390252046391975,5,0
36.05092111945129,42.2813250409588,55.03155365440959,105.60895423272645,19.045495483315225,96.33566836489318,0,954.930239883992,4.125258886102259,1,0
11.160213038024997,28.272517827758918,51.49329911777329,130.05155330683863,13.169355199992264,81.95543500256038,0,873.4636057532271,2.1082504477516997,3,0
45.78354862532967,102.78101486400696,138.4803240254156,265.01752652257153,96.21735225422722,40.27652726989635,1,929.3762375308868,2.97086184115396,2,1
7.901083979591876,56.41833161540091,71.6161565001885,227.50832193728365,50.21584578664641,68.82229986401222,0,977.974216236296,4.461071261758082,2,1
52.75908596686428,149.99399232885995,160.9373403603915,240.1544147249034,81.22109771879184,36.22777799669015,0,956.7326222073003,1.9862203429942504,1,1
13.444864370867815,46.52270513723087,53.12979608964139,115.89304536138732,21.224485497395555,20.875283875702998,1,933.3118293843718,6.268506218141657,0,0
33.34622873556964,46.58831200843843,138.10994117699346,178.8739045277941,48.84723889340677,19.663559642413436,0,910.240356027889,1.9119502258187409,2,1
19.663168845513034,56.418762938298975,101.47938389390117,174.18388672801052,13.542839393002938,10.840914266997416,0,950.8877018469389,2.748096246136526,2,1
5.726843804577863,16.710893280427044,35.28616634986637,183.58620518729597,44.12107029401006,98.05207159020568,1,977.2949365294784,5.098645707997487,3,0
6.022475999339285,24.28607650322596,70.89221961828751,141.93691813191654,83.50797849800958,68.95728119662472,0,891.1332917572823,5.611795793936916,2,1
10.402791490417547,21.459780810844258,56.90743780423966,147.63553203232235,89.81102466991737,38.91134072852271,0,875.4486745547347,3.217675792725152,2,1
12.845454196598258,45.825551622161,102.02631792294761,219.12017854956133,54.30557921437161,62.11707374080439,0,911.4994000648519,6.070008370753334,1,1
17.341132104846505,48.2764175086443,77.86756808170489,163.80193736735382,32.2082166188093,65.71665549382567,1,926.8560655960642,7.225615239682619,4,0
22.838019391545966,34.73989265182959,97.68224293076673,193.84750626040096,74.67957373527788,26.4636063649901,0,896.9740184962158,1.398735600634822,2,1
15.664915282412027,58.39793258719482,79.1849131537091,163.462795499007,65.6981964485079,35.99813633982016,0,937.8216746849346,7.335599919644296,3,0
21.96756074738986,74.13187401869365,114.09161646094392,145.5376318326009,49.695271716213455,59.25499785584043,0,903.6454958165845,4.350800069246291,0,0
24.601907291969933,37.950513284158994,98.31246421903545,172.16551401963542,50.159535954187774,85.58150494669812,0,978.0111170517364,3.645779665732041,2,1
15.132558657970117,42.150487447965034,83.50255740916928,162.86431260203523,51.855348783813064,21.662979866392796,0,899.1881714285483,6.38709796176016,3,1
28.2277250322905,82.56590302754373,192.36779183929988,376.9727544711081,37.228015721982935,87.25021707125596,0,958.3277783334446,6.294197637650563,2,1
32.68786661262328,57.995533933577065,113.48238079092282,154.69091568351462,54.30222490880003,64.80874978416875,1,976.1100445837582,5.4920046533817475,4,0
25.04948022047384,40.57597445907216,86.64506531782746,163.6171147693527,10.450521204788183,54.06934097682986,0,924.9499350053552,3.327191116320242,1,0
26.062973020621598,44.90732848922335,71.41250636517873,124.32161532430689,59.167463355660125,22.954635989643972,0,891.9177840875732,2.211417183897702,4,1
20.576253285435946,33.78903957437267,74.35206727474896,249.4001641054316,52.13943766649116,59.49134712842375,0,967.941808020289,2.9468424825535853,5,1
38.18562908673729,81.83017657378355,156.8387557751317,292.72642722004065,44.95345271170484,41.8268446986701,1,914.2574519360433,4.6289533884733025,4,1
17.643638999183764,57.672849811141845,81.67906342881726,157.7012682867329,35.77939919617225,27.007044911888535,0,929.8536919433773,4.555401178565041,1,1
10.56059203442012,21.309671650383315,38.329946950657174,42.45274855426964,64.06913237639675,89.19761016708016,0,875.3944074930781,7.399182609262622,5,0
18.03828855486737,30.58523636984448,54.69628402907634,194.37012879622662,51.07265333047695,51.45153856864763,0,908.2915139556435,3.7076826322396026,3,0
5.822749702113507,10.950822532281109,34.08084247012659,54.91200555789128,14.579764268686192,17.178042900423595,0,931.1550595846304,5.366417997315516,3,0
5.169662501301227,34.857286588663214,85.29945756042527,99.4983963314889,40.573005378123405,37.19248229368874,1,946.2284269715835,5.31435984253631,4,1
32.79450065084771,40.140174005951046,141.8140465944005,263.2691947900068,12.268012215578459,26.335439212892474,0,974.6260816107084,5.88031767133993,4,0
46.275699521799865,120.07434774067583,129.56987227584244,222.827353119252,41.021094235460644,94.53206489510154,0,934.1846184059923,7.932525258159664,1,0
13.778912288992062,23.53619089889959,59.701228795540224,147.3503113132928,55.619030398532246,31.87557740915775,1,899.8538368278524,6.436025603045763,0,1
33.00838489232221,35.86173614025648,51.11762901482218,93.75742306383685,42.14775150218415,55.57570368055517,0,931.288557053024,0.4132447625796528,2,0
2.6994746150568654,9.778029675319608,53.701133273135916,71.65858264323802,37.454851975260134,77.09702420082795,0,877.8013623579914,6.511704465011037,2,0
25.105167641554903,49.84269903045641,97.36473664545298,102.8348962242699,31.709182748779902,24.265978867560555,0,886.2907147570115,7.999142750222978,5,1
17.697132820074177,36.33137825478311,59.54431071080873,146.87853507270154,41.26838782705483,49.373883604575774,1,908.7024353609232,0.39955451257688923,3,0
51.30219698357312,60.87657319808163,112.26126642586817,136.5792114573186,11.584516429112135,68.7953262468838,1,872.4482540669694,4.817769738414946,1,1
15.879404906379628,33.79799252285917,54.0975145648454,151.63434854423411,99.42057150114961,89.37583519310041,0,878.2856648002585,4.835317326724379,3,1
7.387604366034656,19.510959893190368,39.78327348858698,67.01771730609482,57.75721800181407,68.86928549552047,0,870.8077259063132,4.246812648251481,6,1
4.4891196201615315,33.65868215960185,51.5228227709202,128.79030399400727,65.43669626546068,17.20754632905196,0,889.9968508270053,7.014927851979067,2,1
18.027847205082836,25.644717771549132,49.95784634331221,80.39988569141038,22.398361964233803,38.94053168009782,0,960.8094622246236,6.53314089434513,6,0
20.54641432801782,42.73633488075493,76.40905785337591,190.94162142890616,92.72345235855009,41.5838981678469,0,908.654372564164,1.459153250998718,0,1
15.145607186958284,38.04307045059997,69.07982945714858,153.99603821739413,59.26058293511692,44.944610430680044,0,969.2697257512016,0.9136956726643951,3,1
33.5111597352816,52.59863205160387,91.12574146844275,163.82030162808815,44.365524564511595,94.74566853027969,0,967.3431448496164,1.4160297978415168,2,0
43.009493511461955,69.71966906901308,119.35039483951994,153.90204057305056,72.75533258304105,13.213301694375089,0,964.9801903189964,7.105105527981676,3,1
13.660852141041364,31.42365231454807,70.30847647542524,90.25113152859339,33.913286892275345,37.19562529462898,0,893.3054892347742,0.8774346784820153,0,1
3.2820048691371637,36.01124613240801,126.39167289147409,214.11909047940662,93.790865355728,54.32103292001359,1,907.6632225790725,5.20476684813485,2,1
22.059235036125102,41.133831095707976,76.5668391376274,120.0628392246949,21.084841819703502,17.775642181998606,0,921.5162812354298,5.4978937557691845,5,0
38.698877163221724,83.658813900126,141.1066200017107,210.5806670928146,84.14549842473919,53.51841646576852,1,917.4752293310287,1.8231505487329125,0,1
13.708807461238292,35.811078830798095,44.12578097225352,110.79609448858719,96.82779000731377,19.641602548949596,0,878.7890252258068,1.9152570647916443,0,1
26.05980243146991,69.10249787144781,107.63518170410038,171.24680899126923,51.71554610798503,85.40039932291634,0,896.277773565261,6.70215257319232,1,1
6.907571211271847,19.23241209373083,50.00903555947002,186.87090054950107,88.28269045190521,34.30759526814036,0,938.2239047846421,3.418638209371224,4,1
21.6767873758468,30.132279926142168,58.896795050778515,123.4310561867633,11.798470159672782,57.07100642547002,1,944.4193826181604,4.045838838564518,1,0
26.394697314321892,58.95212581532692,132.97965290335605,163.92589787531242,63.955947008734746,65.64860689335381,1,910.1119943190089,3.2375181789086405,4,1
22.11646163845154,41.460925839205174,154.00058857855922,255.93673595059516,38.842100026990174,37.51530553514036,0,902.6695282810958,1.5472240969196007,9,0
60.229989174013326,62.052703123238956,112.03683282014742,211.6626416416267,39.60958058396755,41.61832298045464,0,934.4672641630511,3.5703612410626664,4,0
45.90619610119228,56.46626640841885,62.98457622914153,103.00830821140819,47.78451609303249,55.94644485229852,0,942.9814021348183,2.227621924090663,1,0
29.40842866576723,54.234443341869266,76.51996849186168,111.26754552624001,61.69375583318132,82.48912289606723,0,948.2082615487564,2.471286472913691,4,0
36.2894356356849,54.36492091015757,64.12436983755981,148.67676973698684,63.52128307094557,50.74226893142454,0,959.2057636639249,1.6935653274185096,3,0
21.568330100966854,31.726246843702093,69.54561190010465,95.01576376169074,31.43589890223606,54.18063319019273,1,934.2263007460432,5.049659950045998,1,0
17.118747096840735,36.33921024910503,82.04525597921753,167.28651501593805,41.47486636618917,63.627844285788356,0,911.6761321012527,2.366167678148785,4,1
12.582325747926275,34.26797838285048,41.899418099447225,202.5372722479543,28.70499429911491,48.26902958465953,1,908.2678276282718,1.4087118293409675,2,1
6.773130350671412,10.530293928732817,93.1339590957657,194.2304993439783,65.09132826911683,75.34705206486932,0,873.7774874931864,6.486551766073375,1,1
47.31258826713717,89.54863060959633,102.12769116778279,268.27509326429515,14.693309171980797,10.441684656471079,0,915.7995245522183,4.649276461901331,1,1
61.762030252964315,110.61600010149863,154.8686261654357,224.66652785848498,45.239575814569264,53.47177610619253,0,965.5658640497725,6.885198936689471,1,1
18.35068329012899,28.861483561691063,110.30899348453809,179.97111943962193,97.95630083408744,93.07145620697864,0,939.0429112761977,6.273326877949514,3,1
18.585971779205682,84.68283774648894,123.02314476735408,198.20441039856013,98.9339403260068,65.43133913385981,0,935.2371557207467,3.0373718129637544,2,1
27.165460613354515,45.3715699168455,64.66044556438214,155.41715859726716,54.20650907452326,53.77597682004309,0,894.6194859409973,4.537199665352391,3,1
15.934626270755114,27.50134176754185,45.88158499831218,133.15628977500438,28.50870092808668,79.48223519243197,0,935.5685916314698,7.897263285284039,0,0
7.578552832447398,18.849703876052143,57.92249086469272,93.63914443856058,60.43211351648659,45.37006682787027,0,889.845248372915,2.928392190997203,2,1
5.658697436067217,68.85588750812566,126.38154288937272,192.09557925539048,51.40377463556198,52.052105325110375,0,907.512536846827,1.9920812593299217,2,1
60.35328551009559,68.11451796600858,111.29964500747623,245.35985549087297,9.036237502890925,27.564374926673416,0,934.2938243326086,1.3890460994502318,6,1
3.8087055185317538,25.84334819497271,43.89081561049015,73.91062779733372,98.9639958760749,21.17837358171503,1,874.9921142759675,7.525413911301606,2,1
22.72111736751092,46.78989209720257,77.02204968127697,152.1126447920842,36.08088881548366,12.297045175421953,0,904.2554713297745,2.071678616867068,5,1
4.341986751476117,37.054294099676326,53.11621978070882,142.79500660912132,42.931565539531505,75.83580134698897,1,879.7376357570926,7.4282121399719685,2,1
16.537683279061245,37.263525243784635,53.17479599287995,142.82994774084915,53.78829759060288,52.13711027610271,1,888.0346504178449,4.775458650686833,0,1
13.606588877216616,73.78605642005849,88.99305312088326,108.50675378624021,88.63514502885701,94.54179246372804,0,908.736110543047,4.76160750847268,1,1
5.076712509707551,72.89022073111968,98.34272928347491,127.73363082659066,80.916361663507,25.913444472187,0,946.2102768169433,3.261762931955508,1,1
27.827092589810498,79.03354563812013,111.6467467674086,242.6095201991298,24.52726388544674,31.958508671560867,0,899.4168071252378,3.227995758935864,1,1
7.110358434522115,32.954556796149426,68.38260357825057,198.02723998126476,73.06239927935249,67.4853351881163,0,872.2088494554157,2.6340400757673987,2,1
4.436540224672788,41.9870710446141,83.59198135999571,151.27545647959624,88.08364758087448,14.91379170676192,1,913.8955207132144,5.862440609613106,3,1
29.974270088861196,45.311949486744965,64.21581962504771,146.2181238455821,72.85507202668974,55.30719286172315,1,894.3120836133371,5.936172936500088,4,1
13.653939158095715,56.962533466349626,90.07692761664904,122.37961365814576,18.222510743007376,21.122336567032864,0,955.6110009144417,4.2966706464081295,6,0
9.619433215522465,21.769049131354237,57.88777607449402,81.51701185361551,56.19535774841649,24.5257708830839,0,960.4163378845506,3.646597714403459,4,0
31.248195971222255,40.256803771705044,110.06080083764311,124.86535655297733,84.66300382424758,56.08898860085579,0,943.8068481288974,5.121454959539218,3,0
6.78678678512182,15.566673494226265,23.452346721963117,46.671658116335166,23.583622792316003,61.21637283811752,0,937.4291774483254,3.982123845097667,2,0
3.3804482094664703,33.08129967337404,43.25119326003885,125.19711704628119,56.16104294761254,29.08312704262207,0,950.3687143149808,6.61092497624443,1,1
41.1191854339149,96.44571148289418,144.7276356519265,205.77912096750643,68.60729640371929,34.411475428130004,1,911.3588299396816,0.6146843793379154,2,1
54.931191712235766,113.23019502782809,164.9719716442952,237.33773550216733,65.36014821470718,35.569682887041765,0,941.6262308260185,7.230609023181001,0,1
16.206485223423908,18.212623946370694,66.63172241714754,138.18436019855665,15.127383665443615,22.76288451976854,1,916.169987623376,4.243524991724537,2,1
16.042219021079287,55.20081545119437,103.27638087562698,131.99226568022496,31.358302960326483,96.91487669572345,0,917.2811614057574,4.122798076624606,1,1
32.48019479758057,40.948452058698024,49.613042225721514,134.8422131444681,57.4526217006381,72.29799377729371,0,956.7604600417759,3.1887146059869798,3,0
38.395457030296726,124.00451100017983,225.79602802427968,367.6311377304935,24.832504261853995,19.975764828446597,0,957.0185182895378,4.30504158730144,5,1
7.504750189568425,13.62138394295182,78.34389053162512,107.4311575337925,36.702644755779446,42.144416372963626,0,914.0493605683149,1.8405870963279125,2,0
14.183585146545553,18.027538273539562,26.82263653783069,91.01130524199849,44.43225276560089,25.534251604000602,0,973.0866169760452,4.028821369328637,4,0
21.462160532921494,61.175107285723776,88.53465012809592,192.47490202034595,6.294280123717499,31.09475199924264,0,929.5695370451381,3.245981390488187,4,0
31.20744693239596,45.799099716111854,72.02442157711413,201.41876732844014,53.49018002652627,94.55299985170426,0,923.5890547648698,2.4225179791858165,3,0
28.967794321657262,42.866368378397326,73.78375077630845,165.447999607388,99.50187350196376,22.30776579658103,0,925.1702065973104,1.776330606471447,2,1
25.824400757293972,36.191688598293055,59.96622553948296,92.18787658059122,43.785444942063016,89.18305567150523,0,955.7301467826142,6.895678443554572,1,0
38.328692494200936,50.28141606194518,63.711240331939266,77.04963831140948,31.05834720488254,85.7651531366901,0,976.4296390186323,6.816381899102624,1,0
17.09957232590016,58.022409443738255,94.60009293200565,147.59057733415978,29.034561735780834,76.93014267143054,0,945.9062657489026,3.932432960463174,3,0
47.59847218113621,56.35253908763477,129.11306933596114,188.22092830406064,53.94157097000097,54.704982152879666,0,907.5418731997236,1.928546519281551,5,0
11.470271239391849,29.13135640646029,52.361482872976424,181.86453240612047,48.32099162747817,33.253088929361155,0,926.8482317925526,3.6579693632013743,1,0
29.282705434708852,37.21259775236542,78.58761663829763,128.12851812501876,86.8885893502783,84.78818791235545,1,903.7923776683516,7.412560841479138,3,1
12.847081236730308,34.25325763938949,65.82203437057565,94.21929199014966,65.72825047549043,85.06674690753842,0,941.9044434804877,6.257244293237031,0,0
16.387979577108243,30.096128181384294,78.1562568587776,116.14448485432888,42.87195427449472,57.278439581151225,1,979.9141143047422,6.479728605266941,5,0
18.388718838819845,46.28760502749226,75.86614682403541,166.9828699889743,41.645952326096996,14.285204777455137,0,965.1431474347569,5.6516683475004434,6,0
12.274898672633256,42.86549064728721,63.536221646452745,130.69795578800458,56.98310611382406,27.366506248269825,0,922.0020024552817,5.819694398667766,2,1
39.456572228245925,95.41272966297703,119.63507465731347,179.29186853996012,29.069966038447085,15.04751135554156,0,907.6402960728631,1.2820586331492396,1,1
13.348644592707569,95.30886384450743,166.25439750003858,297.8250620996214,45.1703326393299,26.185421617941767,0,919.8008606039995,2.8400874413026846,1,1
17.693539852756196,29.011864977087065,63.48616130379969,71.93893025052986,32.07881036404952,55.75791526969692,0,904.786362186869,6.672495724503082,1,0
26.947458980242974,60.09578902568026,93.77499967522982,210.64827957847064,53.96928926110887,86.87561104973464,0,979.0799727747712,1.5004610266019256,4,0
77.57575711601513,91.08424689982913,160.59903832776905,164.05490759075465,56.927225520396114,68.7913149224103,0,892.2099558229468,0.693764488106588,4,1
27.636537597597975,57.58531350609755,135.50246627596363,248.4756327944512,85.44687973855109,64.0812672571025,0,959.073657268969,6.786635324951823,3,1
18.87092084039724,47.90839961521971,51.66621714362789,126.15284382775009,28.861830033121905,77.31581878855854,0,915.5780812880063,6.267955092193208,4,0
2.787999790625264,31.17340661605997,41.57719449014479,112.92499098122163,90.94886840616452,67.5920327102666,0,941.6848566049529,1.349233080268904,1,1
16.058201154090238,51.0354703239487,107.76516653699942,180.17300000832287,55.850492994682845,49.90845380091106,0,971.5111889066095,4.272149823175482,4,0
10.58085543809841,33.032481718769105,68.64711276025,181.55554425279382,74.04918071608773,83.38271007367929,0,935.1295672592461,0.42942880288854246,2,0
14.037348952364624,28.677852517115227,106.78445554845624,134.37378817523856,63.1087999563759,37.91660234080841,0,937.8513065017203,1.2733089260478139,1,1
12.635087448671975,34.229038359510625,42.158834912962625,139.72480398302827,83.75869207283658,93.53034165537358,0,873.9608933361177,2.132386890731619,3,1
26.75966601932721,104.70116578637544,143.98763249713195,259.0116258821157,67.99826917661859,20.457152426556966,0,884.1708631522895,5.661651624056178,3,1
15.799780315814358,28.235897861094514,77.9748580488112,139.99031826208486,6.051985526496856,67.39119035778606,0,929.4567462155047,2.5090256055668534,2,0
8.588323341647753,24.19029067338412,50.72924747834281,92.93142367466125,42.076152566136265,55.046471773612296,1,910.770776708767,6.502785609096773,3,1
33.412379271361566,43.99069328647099,98.58419411467023,114.71054248934169,94.14460152110225,48.31854910089989,0,937.0051880007535,0.28599851870708803,5,1
6.152380150068465,9.21929876034668,66.67598606491144,356.1895535262447,47.88799663359387,48.67447418154222,0,912.2670202054061,0.13416432331391592,2,1
18.23705851713039,37.168879408410575,69.0105402336213,141.1850992484923,83.6965407732386,13.798677163514252,0,889.2457561736403,2.468388787949646,2,1
16.146148260216005,47.56721908448115,77.85851234190362,91.59887396447498,87.55118112078692,77.63624243765305,0,957.6432833968427,5.87449642839618,1,1
23.197063665358904,32.30547842016386,93.47884572888674,124.45522835422385,36.59490625360017,41.71123721458585,0,962.9655769367878,7.617167162150873,1,0
38.5978245459069,88.81985357951729,127.58971688235894,171.7282478375862,86.48384735836204,52.897272127603934,0,976.483541963868,2.5919914305778073,7,1
85.24889584152922,112.53456097326406,160.0031719213914,276.7538947983381,40.85632458606615,86.28346782734722,0,892.0796716084344,4.499610904477834,1,1
18.861777684989434,60.04796868241637,98.67811267750827,129.65666618549506,7.409240755947513,61.939765097233035,1,904.2613686971159,0.4266592194994161,2,0
10.439263730613003,35.871209803213716,73.16136363173501,115.7655627863381,70.96871071812282,86.62929356414497,0,900.8874823532715,0.10996761596251699,3,1
9.625079306694813,27.218971608855476,57.45653924545369,162.27206580797812,82.92748176377918,22.337145510648387,1,972.3121720750219,0.22449229817162192,3,1
9.587691961225186,24.507203457782587,74.10617689692958,125.4970516854121,47.90271397572649,35.36357947250547,1,935.7147638666934,0.8688842862837959,5,1
22.59473050161231,47.24408466276437,64.85163030827326,135.04925083569387,21.47388942737286,30.51391729880157,0,971.4675600920382,7.007351510564254,4,0
2.1124199429174157,28.426258236341507,36.73672939800869,58.54276188896218,63.452054308582404,89.77008526518286,0,967.9366356081403,5.167004860338732,0,0
5.809704991299251,19.012575446998316,52.64470047372288,78.32774609614565,75.13439636952707,80.34014756324352,0,896.9811763266927,7.19666551907585,3,0
22.60975730038091,39.85782751753847,118.72623289532436,147.1305809264253,67.20761046769923,85.06907712108082,0,917.0607369079127,6.695692680870672,5,1
34.54891664379784,102.69259395759039,141.5029186095806,205.27261430303403,38.80030081217635,61.18152041080991,1,915.4985178340081,6.1442297820843494,1,1
34.6881223241225,56.584999204811254,84.83056412578708,154.52036839202796,39.99129291552886,29.8674020600998,0,923.5592121437435,2.8942642376845065,0,0
19.522810995976712,43.128445781718064,68.75391772766156,143.1277536371083,57.16425526853802,43.929853690338255,0,979.7469930269576,1.1587205625474433,3,0
31.57693619445127,88.96363740295678,113.3326316162343,244.59375232608707,23.372399165759365,59.527078586299126,0,889.1150924133974,0.9165759276425233,0,0
39.050691279139,65.61797698546971,67.5053901213521,109.46710594684436,85.38676302942861,11.708071948451835,1,954.9680381556685,0.2975989181941819,2,1
13.191002249375341,33.04395548815817,104.99313512631832,123.13068594255061,14.720309345486532,67.56780409677728,0,895.0386167850482,1.5044215418136264,1,0
36.41604579532118,76.79345309855326,99.31150528946436,206.00657396950788,51.22221955156612,86.93825472137947,0,951.3327950701972,0.2511957439710638,2,0
4.080061356669758,38.342431029479044,72.42329760353286,149.35958325765216,86.64670732364944,39.30717928721735,1,892.2983372300833,5.533652648302067,6,1
5.656465993154541,29.706582943714587,56.72603522427709,158.88267114249814,55.29470971814429,71.18105878701255,0,927.9791856359924,3.1718809741021365,4,1
13.821327878584208,39.419960619378486,59.09397908485157,135.87883675381886,77.29019812967168,53.52069600236283,0,943.4552066589789,4.27243247180938,2,0
3.557300932096828,19.538373700195294,93.86953792226687,139.07563881054855,27.759866262698363,10.357974277074108,0,917.5066834430063,3.8828906775753627,4,0
27.066308821001,34.47192272262591,48.429715530787576,93.62590503567696,47.32368467599056,35.559297362431984,0,976.2779347218283,2.3391103973516376,2,0
11.673696954621136,42.51605964727328,93.26446145059144,131.75107527911734,72.74071110703998,57.50742284432801,0,947.6104924767062,1.0047942766890368,3,0
16.276931616498317,21.155573124189946,30.69791952446395,175.13632872729008,89.39137173906117,75.24176305371414,0,887.306149755913,4.384127028706102,1,0
16.73830102478696,24.45345040491997,54.880709907816396,278.74745116890244,66.08933421411894,46.18303906366883,0,910.9355620694329,6.923582801722798,2,1
13.549251306553476,30.61605350477431,98.3479800285493,192.97576530297246,28.062817980057815,26.762085596622597,0,904.5383317835154,6.0226549861524745,2,0
9.536197635491428,25.269885243298333,48.87171928719286,104.70418202316138,18.897817408613356,15.494474873469718,1,902.5051906467817,7.458626204309805,2,0
26.16238240762026,59.3941857547474,107.16704355375838,147.89242521554374,84.94628307472621,74.32228900905586,0,893.2927575267074,2.9122229841396194,1,1
11.473862640507695,50.91051334919608,73.6973457688502,159.07179820204007,57.633409419431295,42.853720637188694,0,890.429044307592,6.781069632700358,4,1
16.57084805714626,91.15562590604716,117.63358047285502,139.66604440630442,22.46784591542028,68.23937835064964,0,965.7176502019358,5.8082695372526025,2,1
23.36361730371804,27.486252047337047,82.79889810108578,175.40531047684394,51.13928988744555,29.957665473170966,1,978.8267682634931,7.549735175523788,2,1
38.83390017996842,67.1132568043811,115.60968683182989,154.59300320339378,17.000651663443687,77.92169834388247,0,887.6032243308961,2.373335275751433,2,1
36.795238196841794,64.24813584397612,143.66653616147616,148.3903324070791,14.991306628169868,40.99475491298624,1,957.0382761178594,6.448679387486966,5,1
12.317150155634614,37.32984804236245,60.85678332456361,228.04049514083158,92.39780782830962,14.713181212923148,1,895.0302813943072,4.114448931741202,1,1
9.119728106942306,39.95227003897692,82.5090933807639,191.03808783699435,56.739581348563995,55.9210149743364,1,927.3836781639146,3.550248691794243,2,1
44.18973775650298,79.7314054303784,115.20097899747229,135.13243807961513,28.646699724374944,75.83019825483129,0,891.685026547803,3.7794624673763515,3,0
11.422776808029864,62.716992082486115,106.08910883878832,226.09710352269408,88.72034497966848,93.92474421512826,0,899.8221368740932,3.517411952621609,1,1
25.427530165139515,50.99652681376574,115.37060279025717,153.8750708653805,99.89400260990412,97.37720028383316,0,915.1763462204578,7.028822385286407,3,1
3.3556744963239926,65.30003745976445,85.74501989328422,204.1815586951127,88.99919197400338,51.07776464491791,0,947.5548729842936,7.5608633550375615,4,1
2.04310020888745,27.74898756256826,69.15174281952278,132.31072638448546,76.02117398130443,65.0686021367892,0,922.1434957666306,5.337634877336702,4,1
18.84806388413288,32.89110632890326,106.66679183509676,172.75726929944818,96.39635630126553,60.14988346939733,0,959.1059990613575,1.622946975281437,2,1
14.903224089621913,38.93444727880227,74.42963559280054,144.21895113285615,23.75178691788708,58.0187429234713,0,880.6251680537911,3.422038567054187,2,0
30.120526439986456,39.958508390300636,94.9976341600614,158.5618410772446,88.38089417664166,20.308520368636167,0,932.9034442704034,2.909181578277635,0,1
9.63144637726246,19.921714235354287,25.775848670257332,56.01061670992539,39.080250034208895,70.3778540727323,0,881.7376671838862,5.400785704560943,4,0
22.118891716501427,40.33487643348282,76.96478003194385,244.4206821883165,8.06260087758753,96.87432235208965,0,882.9582376440762,0.6557231712226373,3,0
29.018559218403812,45.26325102404802,69.83611026368841,164.0799089540442,8.075904536928645,21.412259974145154,0,903.9793925072958,5.267615026782759,1,0
9.961250957319459,60.29380007685902,108.28855685865685,133.12093867573265,22.8442633166787,38.066905712525426,0,881.5474447921864,3.7877712268835246,2,0
13.808861880287733,31.847137766894793,73.43397582300584,116.13708500264889,79.05144182660598,16.93449239998245,1,955.3004540216763,2.162251154471119,1,1
6.746318123898236,15.370973694481277,33.14111203487612,201.82327026837632,90.18381880212684,46.250460769103356,1,925.8131097988223,0.6018402657902775,3,1
30.86946927363929,51.683446379579124,62.25778952392933,81.7676157249096,17.15641817299177,53.35049044400463,0,940.9011367203611,0.5185218790414196,4,1
26.39956792097706,51.918668214903846,155.9943729437462,248.09472183562193,85.31134778648095,42.22162820523582,0,876.1888901236771,7.148214294534538,4,1
27.793783860585613,50.31646447298141,94.17546011418412,122.72769542121137,76.7698814059684,52.89239297611102,1,894.7286695334958,4.656145235822822,5,1
14.856027495293521,23.096154853551305,66.24364080990563,103.98896599317678,9.961289534571556,82.2670179985194,0,927.5620745635767,4.457480107474528,1,0
26.08386851527602,80.13201889665342,100.13426604340394,163.50886049350913,74.48200738037457,29.253123393910702,1,879.0211962245813,0.23826348947023662,1,1
15.890898143428359,19.528010617990425,46.61780071835831,133.44338012478306,8.646026947090952,78.21745256538496,0,887.6643572592944,6.190851579854981,1,0
49.2232279729284,71.48869176629951,145.7765476279771,217.05975915630296,29.94538797273227,81.39591977745388,0,872.4069656260278,1.7639525852337412,3,1
17.741530811583537,25.73260290038489,61.73999368784718,87.92732578157079,55.43639299624249,62.30198179633437,0,970.2637380883494,3.1288902277608805,4,1
35.37190328113987,77.37076977741032,153.29642979808057,317.53748371715267,91.37959901429332,38.37890687967243,0,917.4362820330214,5.208170126643273,1,1
14.920417208151742,43.28968314540016,87.25435304764622,188.31736142885455,15.008419828606112,94.28507491173394,0,874.9522484242408,1.1627773788527929,1,0
42.51519119334094,68.03335604987808,133.59541777543396,269.9428431609288,38.08900923706397,42.751320048199176,0,920.6541004376512,6.393885816235115,1,1
9.099601458089934,26.07736767239006,31.477081290883252,92.66984670143246,59.80710061708063,14.492906642382431,0,967.6301834302749,6.698769299598304,1,1
24.15002053733559,75.04352566674768,94.19013211709536,199.75690570958142,75.31949911009028,22.247906678534576,0,890.8944029008342,4.203999965722349,2,1
10.6750758273535,27.6191212323954,63.16289465681115,200.43935934754427,91.96192096224402,90.24310050799731,0,896.1651570180393,2.986791650842932,3,1
21.43680273036951,87.0578823587153,115.83065164998001,197.66435775061746,49.54076117823394,23.49788330785578,0,978.0456575733798,2.08996943179984,1,0
11.468196737356998,21.49981709808711,69.69866349346182,149.86346421148147,84.88544859021079,50.26547274406854,1,963.9300607028831,5.819299125562954,3,0
17.689229999740558,38.61144195494512,49.201250777052785,140.26002204628276,63.61706115490051,72.27744047393185,0,930.3380358712036,2.790448988698734,4,1
12.84951645216907,47.715639450859456,58.499976397457736,149.20738742499535,24.3851272782983,61.6280230831304,1,890.4613815950131,6.495240300923311,3,1
28.30842512490267,58.09573942050788,105.09326196225608,188.21075768677315,60.0608234848581,68.80345301933022,0,894.1477303608592,5.886307336770301,3,0
24.86916841246138,44.55854666267754,108.30906370538413,222.53795019896182,34.81267280507124,41.393319807355844,0,964.7604050073681,2.888137201538996,3,1
10.366078690735616,14.561966063868649,41.53542664758488,101.91205555974292,71.84602947312108,69.60125245947802,0,944.3088436715296,1.9081847098060751,4,0
10.121959777673748,33.53331068209066,114.44773747970562,271.6254860533381,32.031383346097535,10.81770175157078,0,908.6038429104489,2.9261519942345986,5,1
8.437114740922297,23.802000179620002,116.81522047159496,127.42741129377066,29.970194913155527,33.692521281723344,0,872.8564650217116,2.8041268852546173,6,0
7.0515238890445815,19.58545353446896,52.65567130884749,156.78121703480133,94.80951221690687,21.123985915553526,0,884.962365581298,7.657582243569791,3,1
29.641079407236056,65.95928642860093,92.23638392316104,243.84258014552577,91.32644741112499,50.97366795278459,0,950.2152275592433,5.055796065651224,2,1
8.027782057773408,11.322165929780764,33.28866927464656,75.5528180794411,47.91579599984732,23.124077412453154,1,941.362318193552,5.2946984430019635,3,1
22.746288266634693,42.99376765718647,62.02909318527941,112.34867289824976,77.71940992573151,59.263396450443686,1,909.4660258041798,2.3401314399945425,3,1
11.985779927759484,12.957570483207087,66.17963749710236,225.34309336449962,98.29593899777173,26.259853713336284,0,935.1154505368821,2.97787311239682,0,1
34.682417036500155,64.63404138104318,81.81523177744,185.4209954569866,13.419386351698995,47.283820741339106,0,953.0629952023133,3.7827068444849257,3,0
57.136993079462215,93.72189218373956,108.49596259430122,216.7979933635303,62.58569870924977,16.67993625936374,0,940.8209358347648,7.816033544917444,3,1
0.4555425467874943,23.621519506590637,41.97795994595481,100.07481070238299,29.08226598141419,49.59822435962696,1,896.3461696519317,5.373893365815516,2,1
9.00143871472615,23.21014861314693,56.510597418453656,111.27076844255566,81.00142872033597,82.718495131606,0,974.6654824389575,1.317019336923602,0,0
11.827814837973058,62.215985562078764,97.19889670612764,155.438289536942,14.634031997055727,38.52111331471092,0,872.5991241408161,7.928480495539147,2,0
15.255226122612996,67.95674400199165,119.28880773241634,173.09398110690117,79.93699383963447,73.56850626744182,0,931.1903181163046,2.227429215807452,2,1
14.541127026158039,41.03746235951784,72.18266221291259,131.05389985912626,24.0578861299126,48.33874839175345,0,894.5640840188966,5.011658119074736,5,1
5.579704707956305,63.662291736333536,73.62757755744713,170.36170558439895,48.32183910604785,31.07906484711824,0,947.8272637277569,7.013782590960338,1,0
57.89981961658989,67.91330101650962,93.3185455017006,145.7276100800305,82.31297418768057,37.31307397316302,1,931.7985970262583,4.9645039929402826,4,1
14.95558996753702,33.70873994853619,67.60585550337764,96.37262205989973,11.409031281729263,37.23204398809576,0,891.5273536313177,7.414777996245724,2,0
24.79101706717792,26.52371978072787,47.470513074402064,194.27924901172952,93.1761286313917,76.81410172102007,0,925.6476786198192,6.799950363091488,1,1
25.33061397744865,32.80426191887954,74.29338492579413,116.26311758786824,25.648094373071785,28.084236498593775,0,927.1713293501315,0.37655365525877815,0,0
4.422962147105662,11.285466515332011,14.519377736650778,64.80214347378949,52.56916881935604,97.99943769996126,0,916.2331753165457,5.525837990532581,1,0
13.4380844351165,43.25773713836985,74.19767777484472,95.69988756831157,74.78407071897776,71.87358359620882,0,874.6389469096858,5.794730736701191,2,0
29.639843837170844,37.60894036948125,109.61077797139046,190.49072259472533,16.7322240447521,46.103898938067275,1,892.745497325541,3.037229641948275,2,0
44.333604328300254,56.05758255598615,118.64171195600088,159.5367807195817,62.83083522210986,99.8203608815882,0,976.5698128742353,7.285296455118557,3,0
13.662770733756275,26.680882254045613,63.51759269708814,91.38531022803957,53.97890653802404,29.45543933216691,1,890.7339261506179,6.427276469033379,4,1
5.2848770197212325,11.428979337362806,46.180014670697375,167.11907876623175,60.65425173303972,78.66200932237564,1,920.4639408577386,2.9998645395926826,0,0
11.026875672632004,32.87876798695103,78.40879529129717,265.4581709391314,67.93705479966279,34.38432078251189,0,902.3444381362957,1.8623565434687783,3,1
13.2034682695591,38.13681400202698,53.055380591057684,98.65036570495465,44.95966360589343,58.92080061815558,0,953.2532362967459,1.7793936845116411,2,0
12.811442802219137,17.53973576942103,76.88898085982217,181.32302401843424,33.38307494217039,14.897923171822814,1,933.589720453418,1.842258368894016,1,1
8.445141358238729,41.60583441320412,120.99403911831078,205.9332917798665,22.466079893979195,86.18132226721393,0,948.6949110594852,4.7548626006373444,3,1
4.74538139670034,14.150733417821714,44.9711140715701,120.0238462125329,94.21126887972552,42.953671189394605,0,940.0674453786999,5.177859927121327,7,1
6.6865501372821115,19.533482746908764,56.34381970101532,83.20068277202633,43.13069996265198,62.603775177469835,0,925.4069031017905,1.2761125537287104,2,1
11.105443564761375,39.637428601138204,91.42763925032622,171.28948568931114,31.811312065113786,93.45554485310919,0,975.6685026291754,4.433388332743873,8,1
29.300357517406894,42.243959372845836,61.70778427367089,168.92333905865473,9.99193283451795,12.722205284573686,0,947.3501584099429,2.077240320823382,1,0
37.24486252756732,44.82800311246932,125.8324020667475,344.68416591208927,76.36461018915972,97.12156931518312,0,945.7708304422349,7.292224942548536,0,1
19.16035259763435,40.05363643508886,142.64062025901518,154.65983547230422,55.135834773235125,57.266141401181294,0,945.9528333085864,6.864820290648597,1,1
6.8633706513602775,49.20295533573176,97.26007989532695,200.83748842653654,23.14159971594395,80.2671916535308,0,921.3471973340152,1.0134365869025852,3,0
11.631818109800511,50.46115177360942,135.55535116314888,210.52503867001707,89.87051489686846,52.574028904526415,1,940.6955117388139,2.0930649330535958,5,1
2.163995632418358,14.099491787295523,27.45814779107311,86.7312508562672,93.70915839219606,83.43169999002795,0,936.495405743636,7.5616900697059855,2,0
44.89918519769919,53.70254345535181,94.25997329211343,241.91444502622642,88.6642495613071,89.25029448533063,0,967.7119912128499,2.4619685095852746,3,1
10.195951125411518,20.696045268477015,26.83537709228523,71.76958506907144,58.292248633591946,44.35066502859135,1,977.6735737383184,6.545027999941423,4,0
23.335757036801084,62.45499053162234,87.86515841859932,272.5272340099557,40.46157668245207,75.03690075602182,1,923.1342954000535,0.49866752177742135,1,1
35.49935511339308,45.84756283532592,71.68285209308769,82.31317613102509,20.379144975389966,99.87562071454678,0,936.0906946909809,3.163591289540788,4,0
53.24945950214537,109.41693719387496,130.65904805218372,183.92813256262096,40.83811469279834,78.14185080349945,0,901.9290666736288,4.956884402106432,5,1
31.551906718341538,59.821774178002826,73.37988997987837,195.7193836269277,63.15620984222524,96.11918447901067,0,962.9976674459091,3.256403181402722,1,1
12.747728873043876,31.848690554465385,79.55833173191758,157.19780173173194,26.522570135153863,76.29555070309398,0,948.1746236965713,6.3461410676872445,3,0
25.60145055046901,37.37199432431562,55.66568083404145,96.52055295452709,49.076458580214236,39.68982437152924,1,971.6384030662518,7.841369761156572,3,1
51.966837068463164,73.07856413732986,120.82174843487768,167.65277943115194,59.44382262673488,84.44365073726848,0,936.5507167377383,4.156905739244477,3,1
10.115121028002726,17.65329464383734,50.04551593440993,142.93546086442703,74.4862764453731,69.97066882475997,0,947.951585225176,3.7626897544066535,6,0
4.506825697346878,9.396034521358926,51.577177932089896,88.51610823682972,13.67835605191653,12.976117610610004,1,880.4660684246592,5.665636148393225,4,1
8.503807892370595,36.97010535313834,59.79671847959315,221.31881061244948,87.3646447314289,25.51906406004077,0,936.7401621599994,6.054267684667189,1,1
24.40585035851377,43.44099753080344,75.61092987728966,140.4527920104539,48.32706874805629,33.51457070741227,0,911.4464252606806,0.5724039375632274,3,1
13.010617400379497,47.03227881366789,161.05825735781977,221.6782088541134,60.28344970797748,76.920742645474,0,925.8901258665434,3.556956035063646,5,1
16.467736729975975,40.804741262496776,82.04368353878957,168.14072327079597,94.33009423776944,81.74193933668813,0,905.922969769666,4.047975548986138,2,0
27.363519218422915,38.97077996289958,120.1226777103162,141.7626332756572,20.957977771380115,84.41968930394351,0,901.597291576346,2.5285921589714193,3,0
8.338699244189122,47.13728411116043,125.62388788586185,203.51814925655026,89.02617204668849,16.04932637823307,0,960.2790952912061,6.096787445295183,2,1
15.854187462947761,28.654057143898633,40.18735432217807,279.2391574654697,81.42089033090843,16.494101332489826,0,931.3383719616558,7.107134398566993,2,1
11.467169190252811,57.970940866710464,136.3113626491892,199.86171146192865,99.43259980244692,36.9498896009611,0,897.8532725525511,6.778156533705641,1,1
50.599845425245135,63.06669719354055,95.22157621495558,171.30007268766948,42.33901703370402,71.3119057994718,0,954.3385473286933,5.1068761531886695,3,0
30.877907084667097,36.625122782909465,62.43480818581547,174.31658742359315,17.050475113773015,85.79664179980212,0,878.2282534779591,6.37419172842336,5,0
13.0824439650441,65.36655854001012,80.67757856234229,239.65427875790525,6.34673461277328,88.2438100393778,0,902.2465915377632,1.937755749706943,2,0
12.503350959986044,24.61450292716267,36.22413804053875,113.54702217890005,80.29660936393965,28.676378330752506,0,906.9935474586446,0.30287018640363095,4,1
54.404071585100425,67.24572713427935,114.08303466251029,172.6149741137702,17.97663828314963,79.0673753065073,0,889.5345481066545,4.156294869169219,2,0
51.50798340058734,57.50958383532554,68.7448765103465,188.42958478744657,34.07115118155968,67.66974394746663,1,962.6959215816404,3.338904236015234,4,1
24.291374398971584,42.130662829230914,90.28850950533365,126.89757665771027,98.79492856752503,93.40570172525065,0,944.1288432392356,7.065538065219037,2,1
17.053705039190024,23.8254531833494,27.887868404351995,184.3136289717442,46.99902015283931,79.55749394707983,0,943.7334568394589,6.333927622143143,4,1
5.679696559095203,55.90494726446592,72.29134575593054,202.34265950535882,26.964541804630255,57.575915575570114,0,935.1978093227908,3.116630189688843,2,0
8.570307698812254,23.053119755432608,51.9346188983108,169.4129156086197,76.55718800402892,80.48748545428744,0,911.6121600869354,0.23771230731508577,4,1
5.269553367442557,14.226484995637009,49.12760453376833,137.70851806067765,30.797600004719126,37.74499252151848,0,942.4913299673116,2.271512282123174,2,0
36.46394336338577,56.78628051948652,73.89996891891658,176.2877727031884,55.447078158405446,80.75307154622824,0,950.9912563525484,2.947474507859799,4,0
5.765807446277665,86.4905968394725,99.07404672446565,201.39483702453808,19.946538807043247,80.30516272862195,0,929.2329239511732,5.4391019502542335,2,0
12.374804185517451,33.40858233786112,60.00202897914427,142.74741540946184,48.77912781632038,86.96877313607763,1,921.7795465627464,7.235890331845186,0,1
2.6983199475185344,18.840448828626627,40.482260563832966,85.6833232905787,15.318682453998115,31.815644833815384,1,894.5876851598545,1.8455330539271066,7,1
4.057576841348552,24.012213220593168,47.792317201694715,152.11686485443389,78.44399790389818,86.41007558847083,0,879.239748573268,6.308697218580737,3,0
28.242433969591268,63.482109166026824,113.26860712143824,139.56116837137986,39.688206945010954,25.214519664493466,0,874.5432315775312,5.855759159649953,1,1
21.69328481020502,54.70831249304375,125.29299056173704,156.03655278142395,35.28635074389685,79.47096477911758,0,948.566935244188,2.889911753436182,2,0
17.522231789323428,41.32294942615023,66.81966126296987,228.4620113686796,99.40965149276632,93.69257402465905,0,908.3511921974388,0.22772854131678233,3,1
12.56039785031187,52.47295960502876,102.29253343570774,132.4683635925771,83.82174000554457,13.221830315256758,0,947.9249088605562,0.3583634802633582,6,1
3.5246192856319873,24.345193324124473,46.50049040660869,186.02743605478219,57.62289926589142,66.34113823680975,1,925.8696845821491,4.99203326781716,2,1
11.233866019898354,28.461731357321142,49.32015032052531,78.61470423198378,94.70016249071554,69.36325503005469,0,919.1575055904678,6.7922633277672,4,1
15.126457626521404,35.601809907984475,62.07702989367111,123.32816183324533,25.082879489314823,83.3628612312714,1,939.1819722103162,5.092509573292967,2,0
26.91693571329816,39.44852992017634,103.44753231493209,169.1361710835565,59.48111599896091,19.254105916258027,0,890.1585867540697,6.2120541852772595,2,1
35.11079769706731,70.87761582027915,79.95767451898516,100.10803905917238,93.26043911632283,91.84876115308492,1,977.7631559989253,4.072640716278043,3,0
28.862090704982197,40.89245573837476,48.82753294267249,145.35758600156606,59.122120339314506,99.44084077833068,0,906.3248995605608,2.176610070864737,4,0
21.598996671174127,24.20644320774896,115.18575335242012,138.4382459144418,34.25902936281889,70.48947455437161,0,954.6103745374561,0.4141060114737698,5,1
17.320214861944216,22.177574414381617,38.86829713703991,63.40731045687836,82.10732118161215,48.693968485297326,0,897.2654402175002,6.557027811779983,0,1
20.0712476183267,45.67217879668091,74.85877808466608,97.26693457939311,18.18696205132786,67.15138547446008,0,921.4724060443202,3.846427885901342,3,0
10.620654116128023,21.02254816238625,44.6535217985744,55.074217583383025,19.440028324997087,14.923550472733643,0,924.9240492073889,7.024098880918561,4,0
18.457204697874204,52.02365758293014,131.852286506327,247.84443667794613,74.45686454552556,77.77307496000721,0,903.7324307642222,3.024494410715591,1,1
15.05905076384648,34.23176353501615,97.81519063315218,144.3990837519969,11.58652570373946,16.296993173740947,1,908.3484821719186,2.2802321097238005,4,0
68.99444296652908,104.57476064975666,117.0401495341097,172.28858972705447,9.80992436157559,39.03318986250423,1,917.8816565640411,5.369679581764914,3,1
20.44674088625566,23.359568839572002,58.47509921993114,119.15815123785502,41.01209854032251,22.545885057495763,0,961.9812301755621,4.87433755734611,2,1
1.948348479383331,13.900217257549087,55.544113438463334,103.77967959678017,42.80111726580137,75.34371291909353,0,925.0055528427484,5.6635032966173275,2,0
12.025022374064404,20.720762753190385,69.59581700140498,97.85791218264248,49.61678008358953,63.49854340884958,1,879.7432754087857,0.8195312624576278,2,1
13.794909702537712,105.07521785272816,110.50457473694043,154.9572749503285,75.36955467208146,72.92834295896,1,893.8344506589004,0.7584866508369535,2,1
31.596740966282383,45.28517432356031,53.20025045470618,113.60024975847014,59.04103084777379,15.810951768145038,0,978.4625824248011,4.61030531002189,6,1
22.376535591626457,27.15921461437727,78.3819104095077,105.25127630029135,72.78711483994665,43.33657030949709,0,879.8859418819211,4.431355467081689,1,1
21.56757454439232,46.81686698753052,57.77051395827358,103.50263910861779,9.739981936042575,46.55526995948507,0,941.25016277313,0.8340789863413834,2,0
41.65885232837124,49.684333387848405,90.85019889047183,217.39773412494452,34.99180904711679,64.21586773920417,0,893.2272967114401,3.4984983807853265,1,0
51.665831609031,89.8574021647413,102.92138728850324,147.1262403848107,96.80865668929093,19.209763064272387,1,917.5123528613217,5.105486957099929,2,1
28.213425962656945,70.89619025995407,79.31022295403805,166.07609097779886,45.6376989734529,68.25132813302787,0,909.2721703007496,4.382017113485354,5,0
12.783480835734768,21.556493728263447,37.77061276714865,38.99268286454752,26.13670876391151,45.52287169916526,0,977.4895232081535,1.5733827818850323,1,0
13.095020772851766,23.764283497506383,55.260444254073185,150.23047081785444,99.24818838502864,91.53279671784587,0,930.6399562573386,7.429718414942246,1,1
38.12855101863695,61.67279519281032,101.58611027617432,117.38161553443496,44.0752233022233,50.48282258550466,0,897.4905061968313,0.3714646073142259,1,0
13.063153562597776,52.042139006759996,95.28401810329859,191.7288739768631,50.484276159539554,19.186441627987655,0,936.3933314200435,2.253346753543407,2,0
16.44140054101309,42.027090731322374,97.31321750363307,213.9619735184054,26.26073323327187,19.3061819059563,0,877.8536736005166,0.6336090623018094,0,1
11.815506073178703,25.522513678548087,42.50853575578628,131.5471251063948,67.3535420189085,32.88660157613961,0,971.9312308579421,2.338623820930223,3,1
6.753291116466009,12.536241406533314,65.78685553613542,117.00141687886378,24.68685695768916,31.583046648721954,0,907.8666815533124,5.513862313129219,2,0
65.51874069403698,125.11310943767043,158.77927666953056,180.9093162420547,62.94273911813443,81.70175834615841,0,967.1707590449168,0.28808838883553023,3,1
16.526809335342925,42.56634429169989,80.0022635848222,171.87640249087082,76.95672827218691,75.0149694745475,1,959.0125835159863,0.4062376495802833,3,1
45.663545337118265,113.83042056515633,234.4879858114598,280.58464699132236,66.97779408381751,16.900544774131046,1,890.5467588914505,1.7262731658459796,3,1
13.205353905005905,42.007948943028865,89.50171758890212,146.1775536382073,13.586315596747143,86.62906449609272,0,975.8529130396311,0.31869360918806633,0,0
10.191044788641193,72.47321551129085,99.92585245640714,135.57230675731276,12.578539156361451,18.65170402915917,1,979.0844934289917,3.181439793146039,2,1
26.564923085600164,36.40055118090073,60.62381427825346,121.50405109170003,85.02339700524516,80.7065032114673,0,958.5820006085712,1.9181703193043949,4,1
35.008654403339776,45.498959263511324,77.21741530709065,135.68025819402465,90.93311466792359,20.04553864919344,0,919.6643196680224,2.6449933550692766,3,1
36.54920072704081,53.25615272027888,62.77792424207621,92.35965778885937,17.887735000125534,43.872250961544054,0,943.9798860569808,6.713988461425611,5,0
14.969445685574227,24.121445709233633,65.2536731238867,149.49947848383866,40.66871778956648,77.58375600995099,1,878.8717123203375,3.5143837391679345,5,1
28.525005226390576,32.543608640050024,63.985939636326165,225.34687160334312,67.13635182623997,32.827149173551106,0,971.3230885572766,0.21888533562544443,5,1
11.142651783963125,22.607398009000693,59.72755445882876,182.20193269284465,84.37069039846415,20.19969474107161,1,894.3933643388708,4.4198407452815855,6,0
18.28115956014183,46.790537096502156,80.34588768983419,250.04842630801397,91.35359485770525,80.8475739850147,0,948.8379030586519,0.9641320293159404,0,1
13.86101953322571,20.354235913428262,30.811485416365777,75.01103341935467,71.3748617629814,72.18780145540012,1,958.1684731596891,0.5687943682423215,2,0
12.243939418559755,19.46097814375481,68.03211164694072,100.51320746717614,19.010079238406956,90.21411395423806,0,976.6533148749143,2.6857833745226434,2,0
18.852467757432667,30.952982872280124,51.41658971779057,65.02998423418691,77.99334128699996,67.73972764420535,1,960.618937541292,2.249635192815803,6,1
6.58868192363472,14.842068207655519,74.33925033111946,127.18217767496526,86.60736871404333,16.6555647951791,1,959.984730413405,0.9823573958395483,2,1
33.07585115747724,45.764858860762374,97.06972213093063,155.02561430163198,38.374067178056116,67.4771200321413,0,947.5922028613329,2.4576194460180436,7,1
12.284515659892513,29.988375572916347,117.79227022354667,184.64997249295092,51.944504455635894,84.0256364647453,0,933.4311304195452,3.9240988017043255,1,0
32.01319210154081,38.94574984094127,70.59136787053095,99.07276840225245,20.806347865694907,17.53106905480294,0,874.6071729925736,2.084015202893042,3,1
7.923792268503997,20.26297608478508,75.579320562449,150.55497884846025,33.92935246622906,22.212397228183903,1,976.9973329421682,0.3551640542305754,5,1
12.24974811307514,31.22199659636766,125.27959074525609,188.93293257037197,87.63096343539775,70.98105312877462,0,919.3867973405474,7.151541184681366,3,0
6.567981017997453,16.05098853671755,35.13945852942325,110.94514384034626,13.440486924262933,81.2197429952508,0,957.6467095156099,5.246092640832937,2,0
6.339713463750484,12.120614433683222,76.31147253748787,163.00161584481572,77.43019667559074,41.78359714363332,0,911.5013827742123,5.682555700972979,1,1
8.88065082536149,18.995683846210618,65.91640143748444,101.58897951185898,14.27552203608114,76.17354410680889,0,920.1666133558737,3.323919698078417,4,0
8.033592062104963,22.385348531092156,36.86618403904549,105.70652467109768,32.79893947316992,25.063140928929364,0,920.8585323811577,4.629381991631128,3,0
6.619559862341799,10.40990364540714,39.382344559342904,159.6344163290697,60.32917855219871,49.96047826807527,0,978.9009169815351,5.653565477364544,1,0
17.3583273655159,46.182071256152696,178.69315909163925,261.5113140742852,5.3147717885014325,77.31766529360726,1,893.2483007255421,2.917873014202244,1,1
26.202089723118853,41.189289126657656,103.12268724204273,168.0275938857085,69.16038677865107,27.90875383801812,0,925.1942274558978,6.667105562244022,2,0
27.16714865476245,37.33128745540362,81.3041260194197,120.57923691330949,35.03854097473129,41.40067109566373,1,887.0159458035612,6.20168164635948,3,1
3.238928607322791,7.717359526143413,27.22887382283308,81.15107154992484,76.11417945267407,66.6159248800606,0,924.3534194590766,2.3679658309218117,3,1
13.791586394147133,40.01063873303313,44.224711516378896,65.45369527723722,97.6474916945965,41.13956874585681,0,930.0561572726658,2.7290923602259336,5,0
12.729315810146176,55.70572074255304,66.78701211235813,172.4039376290038,44.56646364994092,88.67424440932858,1,885.0315601554718,1.5529750988474242,5,1
42.15588211415955,54.029881245776544,86.58282466280346,126.06228244137887,7.84960997974245,96.1053503670361,0,946.808068841711,4.070699361997195,1,0
14.213245203903742,78.43122154291731,111.00001365608661,142.94149778655284,85.64469979888892,67.80605603649487,0,961.0786239158281,6.509432126594868,3,0
16.2800110318507,34.56915187010077,107.5523266201326,131.3498118196164,31.084943158796932,80.41602152736387,1,959.7630404130983,4.55571594670573,1,0
4.614649623196112,23.428294741467763,39.4140874976004,76.64460919489957,19.118565992707563,91.60268482772646,0,950.2144513472274,2.902006747156533,3,0
8.67930364121651,43.36900875224586,58.248704936573304,103.66305320290944,88.52513829563217,73.16734038397523,0,885.4972370006913,3.340860461355133,4,1
4.33122434142679,31.555138471908283,78.96140563936929,214.181998653844,27.09032180297502,79.59827596902953,0,938.3614108102269,5.571423180014845,0,0
18.203352842290897,24.65445039356712,49.24444866790905,88.10677573653967,62.50210271610002,17.219728113537805,0,946.8193083365167,4.162710069287159,2,1
43.05179389208864,54.55158334022812,78.93071225858526,233.1665022867694,29.128446304237734,84.138641673314,0,953.5289545025094,4.466478069360229,4,0
8.942749856831334,47.83876289699972,116.20371717023767,252.35631506867637,72.6835285234174,34.71081484302637,0,948.03414533286,4.916441040526002,4,1
14.302666963743924,41.92497041143477,56.05977985407372,189.0159717678029,66.63092625514716,16.372407172366373,0,939.1682501486742,5.934490763352762,7,1
8.078148091556898,72.68910198190409,134.58271001615748,227.27588304764697,53.37098026706207,63.05243696213686,0,950.0516972323563,5.042692327084923,2,1
10.423275664433111,35.03874436398607,78.64335439696801,95.78365045691424,57.727365852404525,30.41082727196187,0,963.7555737299509,5.5061843065232186,3,1
18.48836736277082,46.793511287232455,69.5115036887937,193.30360965511954,26.588135417170843,17.1862174712877,0,932.6250759780178,5.3624071235212005,0,0
56.80355713054758,66.88916767938028,98.73310118749818,117.71903781201075,7.083046388175,64.86052918848951,0,885.9826441067846,7.419076121214068,2,0
41.64424291685941,84.16634397310777,101.55216870860306,131.01346213663987,81.06734592789806,18.869709259621573,1,959.7552652983038,5.917946831770848,1,1
49.92146797663365,51.62461642732452,79.78365969831682,125.03194780878516,89.48362205962678,89.85047766760525,1,942.7118432339164,4.4178383458300345,2,1
32.208749951788114,53.5825386086273,144.40059187497633,184.26628819997842,78.89758266562666,97.23452348292238,1,945.5272284636561,7.193869028326815,2,1
14.155051554559808,43.07196754109559,62.02547721638889,171.12471952234876,72.25286897727334,76.4373097316477,0,902.3627763526497,7.213139345055271,3,1
12.674590319484977,36.10305020150392,43.10014685786473,143.73164039064972,49.83279217871119,35.889691761823286,0,886.4625874200623,2.8769659235174436,1,1
8.989448874220459,27.39660307450145,59.92817915810899,118.8722615438848,60.47079478331585,60.62869474576608,1,955.87937716064,6.4618954689488,4,1
13.979307591475326,30.81674185643133,111.72514247303802,203.55079188690576,70.70458451670257,12.824711843796894,0,875.4361947432235,7.861498077966148,2,1
43.45919784052878,62.458585239959284,100.35323376194415,170.75700840871534,7.491675850994541,65.92595652132309,0,914.2582214076912,1.7340743216961259,2,1
43.1312435477074,50.58381817008821,77.47404188191567,140.66823230830303,45.248700747961465,33.74566859770752,0,925.9747763667622,3.236024415336442,5,1
70.72765754174401,94.06721348541674,120.08586605294713,168.95345566791215,26.345218180204583,50.95218537096457,0,871.917360664748,3.3820630980409034,2,1
19.515971552625132,29.701736838672307,92.76988395417973,128.55836390979775,39.62266375390417,26.098126251509644,1,935.670699075982,4.923538569673901,4,1
5.674136935842031,17.556687704814077,58.76786287992361,64.73520676533221,76.17701261614064,98.78964986065489,0,883.1589081144732,7.705096940883012,2,0
24.99969420601225,31.677466377909223,79.00183631207355,186.3442552229031,39.5217032317384,28.66821030060863,0,896.5593020829908,2.5143063124701572,3,1
57.20620863458613,161.76282218158116,197.49811104804442,235.50198149520764,75.21400092487171,47.52415975446425,0,979.292542975028,6.054550147217239,0,1
47.27972796287083,69.42023099512193,125.79891522665874,166.46196299175554,97.32399133202622,32.91406568619199,1,931.6299735371138,6.250640845082084,1,1
11.536232655103628,16.93670924943555,107.75814114490557,143.9388083866953,92.72136507954315,58.74288482275231,0,976.5099568518053,5.599693196794105,4,1
6.197961685480028,26.645853342254608,124.48368403030008,200.42803287626677,83.63386129851153,91.48079505386438,0,924.1897921205892,4.74736331545151,0,1
6.035963225638012,48.23254404958425,80.37534073090828,168.22293370144087,86.03412689108522,24.704961751760127,1,958.3767236524601,4.616591652450403,2,1
9.489295691422761,32.63746309333318,73.34134073153677,115.4808856402835,42.423570357758706,22.67315928604777,1,874.178904355614,2.3282134322342003,3,1
10.739104705227096,28.771832672845754,117.11914379896197,181.93788680029235,74.50032672963839,16.665862336605212,0,902.03865297733,1.184276476168195,0,0
13.336346708683905,22.802448839181935,58.47150064071435,102.5866659284642,68.3662974307456,63.04161766038689,0,901.1546461571065,2.7390744193581535,5,1
27.36716082500054,50.54359475064284,113.04666974297646,220.530536131253,98.37475410867292,64.18692819013376,1,877.6779378828468,1.9137602425719191,3,1
12.97532922617619,45.16407671571872,61.59793316003814,142.0013474092965,59.61535825315696,83.92513386874329,1,974.7311835308187,5.2557306797707435,3,1
17.668469804811163,50.10469267495169,68.53810123292217,79.54026885473121,45.827778496130875,85.2365197975616,0,925.5147071255982,6.839786319894415,1,0
4.027014087405992,25.610777404752834,130.07105867235168,215.8848127358762,84.54034981511012,19.174820710377325,0,935.2268780215473,1.353673916071519,3,1
8.999385195814739,30.532806064198482,83.79585692555136,151.62211648952814,76.20946813355114,91.94728154903903,0,927.2507290653767,5.309799734746986,2,0
8.645885091460904,55.673386241800635,84.90294970894837,118.67102338068223,16.861862317097593,84.64447958344961,0,897.3420495298182,1.0627758733786261,2,0
3.346223327383239,47.053472138761535,68.80177625063602,99.20857590212222,61.646617966461164,68.25223656253016,0,971.6733381735166,3.102773314035343,2,0
12.717107762717536,28.81107044788929,54.88509791058401,154.82582499033094,61.2691340752278,41.23540991083358,0,943.5893157769085,1.468157039326416,4,1
4.057547897164717,64.99361783973401,76.48503919791754,180.48748280785765,65.00436119130774,77.10274160392913,1,883.5961138596726,2.4663874915581556,2,1
12.006828799729366,17.505637838577567,67.84627837768386,138.20369015412544,94.44231851516251,65.86063470679159,0,920.7967967949108,6.882742525773414,6,0
18.705346607333475,41.016418627092406,88.02611442797385,130.7369107300346,62.193384041546665,41.77418027442437,1,870.162108941573,3.4159421437104385,2,1
43.95140876052639,67.95655386417954,114.23292018769615,148.7554302555274,87.65179125775627,11.193014339169334,0,944.2217520257497,0.9579353618599442,1,1
8.267476980279756,17.248962074393415,93.30561788864647,128.88453597219356,39.046177411687225,63.32148789694379,0,927.5941882552988,1.6717027629971084,4,1
18.319510732576703,22.699612794086853,56.963709500922526,106.70211009297915,10.451000691365218,61.884190403834104,1,969.4616833441247,6.764792722717407,1,0
10.0552067409976,19.217345491373678,62.879572449308306,181.6137050196061,40.64616022343105,23.91201790028365,0,974.2070342383699,3.34026180089258,4,1
3.828039348493041,40.63417052395417,47.965567946450534,63.385816317956554,55.60359373872807,91.56935407590579,0,880.7994942899095,7.494236445818074,6,1
44.290615950555235,81.85076937529183,135.46156258793317,199.0498886866568,84.16553089238607,24.334876489965136,0,879.8446213903678,4.533676475044839,5,1
19.34118738085742,50.29853456131975,98.08715603748989,148.16119720065956,65.0256368212655,35.83865335480969,0,968.899997664748,4.105931998245682,2,0
24.099720513891064,34.44266753463935,47.240769323606145,128.58563310761093,47.009196557240145,43.478924007121094,0,926.3312015746839,3.7037928663645787,5,0
49.131839852859535,87.01836140225547,116.33869284400751,145.36049591726703,48.87789773611538,71.46690896915489,1,921.6645657626083,6.2103045401441594,2,1
11.959180436177725,22.93662250320915,92.33012532551848,146.56931337182087,99.68244147017779,17.34761132730157,1,932.7868010053721,6.702070878278509,8,1
5.399221987241312,28.731761675479966,71.46718330103309,174.1518281471141,18.427664618575783,73.21369937044112,0,921.304172614224,1.1036891576316818,4,0
8.163574980547532,27.07263431484111,47.53198998803636,118.39138948904156,24.524027395062088,47.30299878954828,0,937.5694947716964,3.3264759243186517,1,0
4.927145257726547,18.80190496121103,66.67863686362028,111.59012211226026,64.4017419003554,26.465162972291633,0,974.3976162420391,2.3338742619550743,5,0
36.36261551913579,66.2415508140497,164.53149889960378,197.70005557396917,71.63352113696907,20.0872420468603,1,936.658106426286,7.205125680085402,3,1
58.65890800026804,92.84926861845618,102.55796033137884,238.88522646259221,42.523024239045036,47.11024023063876,0,905.2808700497978,5.904199174097634,2,1
18.555365750033882,28.365243108883753,80.71924954389544,102.66937221620236,8.052521737620168,50.138449752436415,0,893.4722359941575,2.4093805851219128,1,0
27.90833533364232,47.68561466795663,89.27892145619765,237.14032686002827,54.59113476623734,22.35713800335519,0,976.2727467285712,3.326147656150433,3,0
33.14340884639193,66.09094234180955,77.86699050892193,147.4942048514612,18.71421402114523,53.42192433573928,1,933.7339446758499,3.4117329514891073,1,0
51.30161658455131,52.12336626139419,95.05691639846432,152.93185093313664,10.32458959609987,55.21947427900039,0,932.3334560679064,7.461324528171664,5,0
57.07147164993764,82.73157348041178,104.74684214170283,222.05476811633037,37.75216516249375,98.29094660104647,0,873.6663391003574,3.842099855620565,1,1
2.5344299230174387,35.96766150300023,63.057456807481934,183.67222916168956,17.88700820585226,74.19738728351014,0,971.0225876175174,0.2455809118921632,2,0
10.29713301872903,36.80352947432362,84.86442298689929,151.1935974881377,46.70471146571259,11.09520497375352,0,921.6563247970092,5.867675213153484,1,1
17.01496701014451,44.44873603700007,91.24184478560622,174.36101783972916,77.36097404783317,52.91813798008645,0,979.972504393424,0.8626933345908768,2,1
9.264829583252109,27.129894937308748,73.27941435503143,99.4943509161693,9.469373482486194,11.943084861685868,0,888.4651846021932,5.082845283355487,1,0
13.607019178580169,45.441502957162804,177.58729112053288,232.02102050130674,52.48969341850884,56.00916768143116,0,905.8825612692706,4.156648676119619,4,1
22.995497886733517,29.26912596119802,59.5133200595794,98.52706991715092,52.21313920420227,40.41433936572474,0,893.1082943710384,6.125400396252825,4,0
22.548560135294053,31.756748699749743,45.81959943827677,183.5279062253636,5.1686600061436865,91.31561083536401,0,911.6824930640082,4.446139922201695,3,0
32.40930240132979,59.50305622393812,112.25738097943052,241.97566777248824,75.13385205021922,54.39600958647203,1,977.4297879994338,1.4843473559477376,3,1
17.304472737105424,49.212261395624154,90.62099480787747,117.3350543313071,13.524911343802604,86.49138358138414,0,915.6255698547582,7.162296678816303,3,0
1.162565353700945,43.54685931538314,66.41535728929634,91.80439411149217,93.54525649703753,62.54851820691008,0,960.9810597182679,7.236291251451993,2,0
12.717150726518579,67.7030863794213,89.38419861845306,145.63410282290425,65.73962936262257,45.68618668588093,0,953.0795070721317,3.423400923307825,5,1
21.399909460218108,31.867174479070524,111.14485436889507,262.22286454326104,32.342532517866545,30.673627282376025,0,902.774414723673,4.91440370981843,4,1
34.00326877061922,41.329798979543256,46.2671641619535,92.95605499149443,92.90169626485066,26.484138639853963,0,933.7894443606029,4.464133552899659,4,1
30.72152233009708,66.94162086488991,107.70390724329505,322.179863018159,43.043749509099364,81.5091666581369,1,963.687908999848,4.3204768305289525,0,1
15.563962865862052,28.945396524087844,49.97467938442672,72.47917768026855,29.72475532746626,89.46879013731022,0,937.2461825527099,0.8125769656162871,4,0
9.737366613262425,28.166330811172898,72.90576577378299,110.82613875399599,41.52757186029941,39.16765630248477,0,899.1422798037297,4.0024481799597496,5,1
16.128453342397297,49.829059933575294,68.35946463501031,94.45145391979348,63.10075939968539,54.51512718143912,0,964.9487461358649,1.878672548441643,3,1
3.0055611769308896,25.284113662844,70.75460230755468,137.79575460448842,73.74171376586526,35.87514485654279,1,931.1781822139696,6.402999071864564,3,0
10.557445967823574,41.68735202275353,108.46818557396738,154.31562787133578,67.87309261956972,50.9764961050797,0,977.8009670347625,6.80552083214572,1,1
38.34072385005506,47.96020603221167,71.30454151126865,214.04601149048216,92.51748607244141,88.2542235800397,0,942.1188345392826,0.24762081981138878,4,1
16.090710484204397,40.31340579732333,66.38430112261307,109.55230319961483,95.83626873488292,22.417709950142285,0,919.3738613103169,5.920204709048441,0,1
22.06551844815027,45.91806745719494,90.23493881885285,195.49316807358383,23.72096687612173,36.233742414552154,0,917.9496311592061,1.007287423560013,2,0
4.720883014546915,46.5966543697853,102.39380741099457,129.79982549460937,91.69152813046095,72.57444134045073,0,966.8116204985946,0.17782563726120193,5,1
33.84526893778443,82.19497481287311,198.90880499679116,251.05209263538228,15.13477724666765,37.956320252619406,0,977.8653184684421,0.2080692516141415,2,1
14.954460937669493,28.093291404413655,54.5898663481877,67.76009753428768,95.90471929238406,17.304055518490323,1,915.1388372775473,3.781457798220869,5,1
21.526327309609428,29.678474519374124,55.735435289724215,208.35371420797853,29.63776047274181,43.69647530656241,0,887.9320884027474,6.531491036063144,4,0
25.013615007858885,57.45034222865674,72.3677500756936,128.44254249975583,30.249969547619664,70.87528002348867,0,874.3754260004705,2.560090887096515,1,1
32.9983029672095,36.947832341395205,40.46344906094594,145.2553684794815,45.04682734984473,98.56044411412049,0,905.4609578168083,7.404570914890451,2,0
19.186257855386643,53.23540228375258,120.41197816738891,138.13753755994793,22.2655174060666,90.29286954790224,0,907.6176706785099,3.426960095315621,4,0
15.228761129978366,51.14055772223478,82.43072650902873,103.35544664365744,83.63327197096186,60.56900520520245,0,916.8449442133482,1.5903728593597033,3,1
5.8267705618651675,18.112852674866986,32.60079295750363,60.551729855834196,16.850060613663388,79.95998201579471,0,885.9528396521742,3.7267198086177324,2,0
4.289728728189849,5.430591323646296,66.0266728469566,106.24383772991837,46.732436347904276,61.4249357898539,0,924.1927843982023,5.052983498240918,2,0
18.902255707483256,57.48343516466547,121.33664596396505,240.99550338255415,91.17982102246243,54.4507377403101,1,973.7701619990698,4.095078503236625,5,1
21.62827241301499,72.27891570812685,124.949867600262,169.52388291521595,65.3619643664541,25.356934327794374,0,895.5743614513956,3.581264101607922,1,1
24.26200205490651,72.60253678611247,98.43001344540819,184.76293278190104,62.680660234919735,36.29525657136851,0,945.323239313346,1.5887976404891953,6,1
8.313139984123254,57.721475187852135,99.65506345834285,274.5109827642222,99.49120127324288,50.68962014932728,0,874.1780687547623,5.624789813998871,3,1
10.639626173667603,16.458915417858762,33.037069838957414,83.48800972750448,7.142162827749272,98.70432813734081,1,940.819072156701,2.8681394265614046,4,0
18.650703847355555,38.880971296186786,93.35705393999422,112.8649259460257,35.38040008499347,64.7706148208645,0,973.1270151286703,7.767564719972678,3,0
11.77720335380161,35.51775566415183,57.895010623097534,86.28222721945885,16.8767307001333,95.03908579882828,0,901.0578768206366,3.2650032808293967,2,0
74.52783397359458,95.6881587286603,167.94708812368123,259.5032982283781,22.534841502184623,33.281463014851965,1,959.7858818544066,1.8503121534194833,5,1
10.451218205751239,41.81032645397301,90.32932018272317,129.57224688684005,25.520427360112038,16.207413158855193,0,879.0693844899877,6.891214643269823,2,0
22.714174843968816,30.396563611751933,42.49213427021408,60.004124885755154,64.55456050389377,98.05375689508725,0,909.4059197684875,1.7486362646103444,1,0
30.08446068504011,33.91219558015646,101.2156300958869,368.8123793233384,30.850167260403165,39.66618602640119,0,870.7372100626836,1.4281112310514252,2,1
31.372765047323412,33.97407681351832,97.79949618554315,223.29024609248918,68.0975283205031,58.17755072256813,0,909.0620398764601,5.776252352836726,2,1
11.6092570573871,50.75916118555948,109.10077332254963,141.67026788816418,75.11661680087279,16.402865021397336,0,904.082391174126,2.455381917454831,3,1
25.100374632407252,30.852572708875478,91.31233880591128,296.2022448243283,43.18171620826458,87.43523891586584,0,946.2031198135768,3.397054385996392,4,1
22.935574147054993,43.99166283636394,78.41341458826918,313.8204060747464,55.951091067803425,10.06120803652081,1,902.3961370954212,3.6633127266353225,5,1
25.870618485620376,37.67835693864441,79.10461048730191,260.13887600652,17.548756539740218,91.54107043026607,0,960.5404195896535,6.290044102859908,0,0
18.46734354695937,30.738943635507212,60.6216505730254,112.20644392837738,76.50073967213858,24.883377766959224,0,902.0602257051745,4.6369218065873445,4,1
30.233992201966448,46.74133526511582,54.00280596616725,114.20411820461842,44.81623695610847,26.513045077496972,0,894.565147781666,5.9569589387639965,4,0
20.12872513103052,32.856509288145965,80.83818879269108,169.70405270199146,84.29034444050471,84.32195064012517,0,924.3979308567581,7.90120135565228,5,1
5.169910061539207,9.007812197234546,18.60780853248461,54.33408378336487,54.99085437112888,44.760738075328206,1,942.2103784375181,5.716612595687987,2,0
19.688354589221163,36.205612039922585,51.08751085404995,170.43946802257273,71.19264112249186,33.0416042945771,0,967.7600019145684,2.3029451283686524,4,1
21.41719041768363,31.222482548989035,52.68527154216361,130.64427890275152,39.0653558779535,63.679693246218726,0,959.4859816532644,6.158898021029694,0,0
28.783183159023476,38.15841863992253,74.1254748030423,191.25774587354255,40.31811476756029,32.89703304472968,0,927.6954322055926,6.814384352281747,5,0
18.919080253485397,79.44678201053858,181.84715643726906,226.8452093827872,46.46830194860634,35.7892663813001,0,977.6120450077213,3.503279768122875,1,0
52.12114939461544,56.99704387868819,78.31672226276432,152.35156257947136,65.42324954025173,14.099530056489005,0,902.6167994609508,5.310335236883275,2,1
15.644083944068099,31.540419471358035,139.26910978417274,163.05386381901602,53.120690238756154,58.54701516934373,0,979.9409530549224,3.974129940184099,1,0
11.123027567550812,33.571658089719826,96.20751118091192,138.04166761000153,81.40626267634458,21.647719513951383,0,912.3703275487866,1.1076545140210021,4,1
41.72806321834556,102.30033517696143,146.34102304396458,194.53712202350664,10.20575131476618,85.34092401408098,0,898.8649037576452,5.857555999655252,2,0
15.317010183418748,22.250911367418375,41.7467243536418,132.9985292354198,90.55155889931964,77.59181216638584,0,912.1077483594518,3.60481202176522,3,1
17.63765021926762,64.27889817925589,100.62193273448125,212.79716425289888,92.97348329639058,35.69133472293342,0,934.439940970855,2.8366513357375465,1,1
21.42373582474196,37.84430131643494,76.29550846412629,103.43899399866405,28.18719044143171,58.040071961354414,1,922.1328962051235,3.7951167101710945,1,0
20.1401140314921,37.04506069534398,91.04956101824683,227.42337200547598,14.573753272970903,61.96392023622202,0,875.520631100997,4.698197624231419,2,0
25.725191934814116,55.78610179867069,76.10458471113039,160.19096631488932,59.32634154477703,69.98065255753963,0,909.1607458903453,6.079260213316863,2,1
27.618205776715612,79.28066328819085,143.1800395220065,239.528663864719,11.096166205316718,47.70286861765592,1,924.1002010898794,7.278666679295844,3,0
10.31378768066553,22.95834055667568,56.408931034153156,168.00976470395557,26.82298651390077,68.72789543281883,0,942.9622858623829,5.505598629752501,1,0
6.3040457855788565,30.0163694338601,77.8999741316008,109.39925908948256,53.21877275641708,25.245069848763215,0,974.8355083017261,7.954911492685781,1,0
7.02539393548542,28.377509878014763,59.900999321670575,194.7394090198091,63.31208601736838,52.39168584090889,0,975.1494269268528,1.3441556714705865,3,1
38.695036753835936,59.27587939587028,137.4762668830092,177.18913315391325,23.45895847664946,18.460564044008198,0,926.5436635721564,1.3192536147343292,5,1
14.353836661024753,48.16274151081851,63.817899772048406,121.97713789060398,93.61010639390662,94.69628241989766,0,932.6000119368075,6.344420232094203,1,1
29.898507562159615,40.32066417849248,82.58433447821788,134.44443953152577,22.225694217267602,46.12684314578026,0,946.7836538036787,5.104757885069697,0,0
28.14231177496793,42.2837013891925,54.14624597632781,259.4225786973786,19.597300728310344,65.56973501475949,0,961.8859572392885,6.910705678429499,4,0
17.63486352365103,21.592719946614825,72.13429202624337,104.57013187689626,20.420398529961314,54.08347079388612,0,951.9749962194612,5.463659044877952,2,0
8.204087542430296,36.58659032621213,51.182202128135295,232.63667305595345,93.30485235012705,12.413580790769629,1,949.256279246717,0.19950783478802994,5,1
28.61833949083371,48.47988508474977,77.12549640038418,230.5821727965798,88.48324687842619,15.64421480880118,0,919.2002288077897,5.414296975774903,2,1
17.186199279244118,67.97955906817377,94.17308112291131,116.58512837951679,8.13888210428772,33.8100622820408,1,965.5844717462053,1.7720686069814058,4,1
5.9324076912933945,12.718908711907941,137.36011337681157,176.20981939130525,74.02845554889684,70.74415534258245,0,942.8801820545274,3.630816457013097,2,1
11.857548674383786,77.5293200338269,97.4930002688753,136.90519722370928,11.98142852461588,67.72912059481749,0,887.5118149295005,5.562947493313185,2,0
3.9355287872069624,35.79269641566244,100.01935984909284,197.6032605512527,12.154501667583018,26.915049211800568,0,935.821431854217,5.284674547607347,1,0
12.316733469366978,43.19678504929715,46.53424688342662,181.6467214252019,12.221919203053867,53.97518917704179,0,904.1614909286133,3.1220607528891726,3,0
18.324619237458705,29.88856909427625,65.93084743508487,105.40731448730392,83.81399293998281,43.03550953564162,1,892.337345912109,5.73322608202277,5,1
15.83470482403909,31.16416104742704,111.57843628144418,130.07567785185813,45.606385095918505,61.168984628997755,0,941.3734185901841,7.558834862133401,5,0
14.415064092513878,27.73473181491336,35.442414541449274,133.18398768612167,57.91780137461677,40.12176891534304,0,940.6475049466985,1.9231001699374144,7,0
18.183753928335157,62.884662632875894,125.28517240895886,193.5226312027425,7.927298346574889,90.65782907595195,0,975.0189171025729,1.0435423461434108,3,0
24.645801457707933,27.9442566625142,59.65184338079082,81.57874983251762,90.58471141800682,52.517673313484096,0,977.3843321812587,1.1666474157997813,2,1
31.553611757028136,48.72393135358367,53.42116556683633,142.68675687044566,98.29215292098618,48.392005330613756,0,914.9666816998799,3.7151270535528833,1,1
34.49131728447387,52.817352410735865,121.11835352280373,185.90557359781803,27.341963972833337,73.29936647510223,0,889.6370738332212,2.4560845816221297,2,0
9.358614705355176,22.289020104837025,74.47429745464221,101.66549903763163,67.36894238007456,80.26189663766921,0,885.4504034922237,3.7930567882200066,2,1
36.80466622126397,45.29441311646262,63.065916539738105,107.06750061121724,69.48628077082478,49.37974391732113,0,977.1684231290119,0.766310238541825,6,1
17.206425715519536,18.776326718505803,73.10170658870658,247.29627006946123,96.79662305207852,19.80641773704651,0,913.5476130615884,2.0507653352436703,3,1
13.199825929256368,30.594034908129146,38.917456501539135,44.62662057438583,50.95778414138279,17.658011326212737,0,907.706121046505,2.842598859638163,4,0
7.222232312932336,35.55105104262792,58.04661076049784,88.09461131362781,27.601886567936067,39.418685881197824,1,938.3261186031438,7.477354696010055,3,0
23.44655385480655,43.3263375576405,78.72186573316645,98.92905125800183,39.226850256902274,75.93240485061963,0,876.3045207961943,2.4465997860658644,2,1
22.80850992511052,31.306818753238424,65.40480301357071,118.1878232862567,65.76311247179271,68.8274905450907,0,941.1433108171834,0.480788958724503,2,0
10.996244825862618,29.470452264343855,76.36667596787316,148.20004189666008,49.88627621630558,35.89618189441174,1,966.3325731457057,2.5571511496628943,7,1
11.263864991968,62.47200696299182,185.1701609754637,244.4011495579897,12.543705858355558,10.395403806862758,0,949.6696331367513,7.501377706820102,3,0
15.393855072836402,26.220933819535215,40.665111730172555,104.77218056005674,81.69979200383082,67.84053398115338,0,915.9198367192536,3.47517092297552,3,1
13.020012718717002,35.15211488129741,75.4637899855212,150.57202542300004,87.10553264804416,60.79603095967909,1,882.7756043761427,6.566694425100591,2,1
8.997528342422182,33.50969189172393,74.58336854712624,118.30757125488601,50.441555900045095,79.52402723367626,0,896.5366971075257,2.2113698444066534,2,0
6.514391851513225,11.780258648449117,84.20480362956408,328.10393849916846,54.72968635484805,71.75492480203161,0,899.1967306059289,1.1726515695485156,2,0
37.08138338819793,51.83383848659892,85.77231186881968,153.49792391316106,51.69946156477309,32.22102465413509,0,912.3415038301232,4.023582095005963,4,1
11.808588761323167,26.703655862174806,33.190040915729774,56.839670860061844,55.32588863188617,75.96094330305844,0,884.668162231599,5.643904163616978,1,0
22.716805769609746,41.999198112943546,79.54717411548472,139.96240291210069,14.749122157557863,53.774297842597406,0,933.3219322024183,6.777109027856754,0,0
25.950236089244214,69.62916204509527,75.26136639483012,173.34826733558032,46.19512429586481,61.72990768192595,0,910.2942512299084,2.0042102616980024,1,0
23.528077831613835,30.076988648909726,98.12388578565844,205.49008248543998,47.54815368049975,42.12938688105981,1,924.6007915312748,7.89455231011587,2,1
26.937244956456755,72.49047676649634,107.58297810153637,196.65156666552156,99.78286182729501,81.15304007630351,0,901.3650091764011,3.965001963100983,2,1
23.3421295823494,53.21814598988149,98.81282457009573,169.4855213955575,9.622051486747724,27.647884555092585,0,919.9249697340717,4.068067869065528,1,0
10.152260850419646,77.03711206598919,92.9313983102588,124.27598255984338,34.65319791184723,28.40854457027263,0,948.3914867510013,6.882504739496539,2,1
13.60621778976186,15.88848806470222,32.45332172758431,112.66700013266114,52.119550482972166,31.368347710147834,1,879.7046033437896,3.3177162203736916,2,1
36.41386554420615,127.99983617335823,179.74328884665286,239.18786292470534,85.4873578132182,81.05969686158363,0,926.1103657002571,6.08330632419945,4,1
11.532094578030506,16.565179197123268,45.16492237928944,83.2663184749292,48.81752592659744,75.52934907056952,0,938.0161183150522,4.584462159140098,2,1
17.224912884477117,26.29126684014961,46.3725683418113,114.08664460995207,32.64561255054405,34.262885562582994,0,943.4443712033678,1.1697041187483534,6,1
24.72214122190271,33.864208346053566,114.25067520956188,225.48727582640373,55.850480140625756,22.949615106349345,0,971.5071522104026,0.36017604741694076,3,1
45.49735889173459,74.35798700507343,112.5927476031847,130.62475591778707,33.21754640834429,12.537072925286644,0,955.9233745484833,7.480207075275804,5,1
34.25479544106575,50.05094802251898,72.37461055265624,103.5780380117957,57.09053988346512,71.54420707225026,1,951.2894204044062,6.945287826775191,4,1
7.917946062901907,18.294212677718367,58.172217137371874,159.95422157179382,70.5367245906771,58.4985777866841,0,965.47998667321,7.870025724614386,1,1
22.204067956017678,81.09928995672796,106.55967471020125,132.50010891293124,55.424323686764296,73.20829209606467,0,970.5865854067829,5.426074934065581,1,1
20.40535595351614,22.230121682151804,71.04578396565825,201.6200447483702,62.91534553518914,73.74295895779109,0,962.3284094211295,5.2012458357082725,6,0
13.698829139715292,51.788653598650306,66.90003256069959,121.04144267488556,8.678156960737635,86.02984333319496,0,937.5394395370423,1.747413319909671,2,0
17.603722887345427,35.597621319853836,104.37022576663313,192.59619934736577,67.58600754510263,47.43696960562713,0,962.7407021673346,5.1741689367541825,3,1
10.069556961793808,20.28409775215517,45.72730904843674,144.81699551265217,97.11916249484734,84.45467442173928,1,905.9053291100586,3.9584059697291796,5,1
15.182105756483715,26.51701218863885,38.01176891582942,99.95811566317276,51.70625164015742,49.21907428573499,0,974.7174591302485,3.0809373719870594,5,0
11.618861515879717,26.150767083365622,38.94687086989563,176.17322711632235,81.25728206792698,73.70392700115642,1,889.0808325463728,5.491378740117468,4,1
18.59964957728921,27.85285925407019,57.96076941192702,127.1650120323728,57.146007326575145,59.602775472731395,1,895.2136293973114,0.7714559538994635,4,1
13.30771970713017,47.27832706136801,67.46857148520441,141.3717320259928,71.87987874334345,92.928223350691,0,887.4378097674354,4.080722790321979,1,1
47.78774802698767,61.33498673606188,70.90567026147808,93.12019510979607,34.44165468418696,43.3115608218522,0,955.4714878090283,6.089100254455264,2,0
19.054496453386346,49.644077876675425,59.72607753412035,237.46129666462002,96.8520940397031,72.08444161734622,0,917.7944433239039,6.656848647018451,2,1
16.46379046795704,27.956431655347124,63.302165537097196,174.71258584357068,25.438773329310767,63.82854721497901,1,951.1833433731779,3.9711209803627563,1,0
14.56905931044253,36.410627543638796,77.86529783830801,106.713962663382,20.11427417296953,99.88144019173029,1,926.1071429370226,2.885425361165946,4,0
13.335786767948859,35.17037493797464,72.27634603878671,94.6994511656789,9.324817245373412,16.953559694139123,0,914.360302167184,4.621725568145269,2,0
5.9337532141198635,25.06832063812666,103.95579019543906,152.3201492716354,56.41310343068695,63.82979783893996,0,968.6014413794843,1.113168895746846,2,0
29.849864823634846,76.39076190426641,121.98096010685325,174.89641407240637,63.79558649160638,30.919882818281074,0,917.5358920591549,0.822683157177117,2,1
41.767993505361076,91.51886415096062,113.63780595441986,178.88790316493055,66.70458743772242,89.57673442903102,0,938.0239720816744,6.571183192643818,5,1
11.477144767425804,44.191191346293124,217.37159017816458,349.44360020997635,21.36199105347724,81.50491061212583,1,964.4457688627162,1.0993550900085867,2,0
36.28711186264616,76.5920456338658,93.76734334425883,230.19258230976862,66.8865236981685,69.56554260874591,0,893.3855700233382,3.396419747169626,4,1
74.04873976725457,105.50725077821713,114.025285197476,223.7049236388184,20.685123639458105,53.231374772717054,0,914.2996428193281,3.352793357448691,3,1
57.31408608340911,70.06412328590986,123.66302444306052,135.61851047540983,76.72434982676398,71.31625285691769,0,885.939580370398,7.866200400074812,4,1
40.5492590714805,57.40673791586952,160.18401840992018,323.0416948827648,31.148236375255056,59.890386826069985,0,929.6957237325717,5.670918262917204,4,1
6.641431812215388,8.94436808925332,70.01798327761136,189.06747125528827,45.09436215371234,35.85691587749619,0,956.8524719576586,6.155677052013235,0,0
6.571564449206251,14.515384021681598,43.35864038979193,136.67885125146506,39.88656921614651,83.7479939108242,0,876.0535389787306,5.392328153590506,5,1
26.846880205227688,31.91664697688553,50.64964357927856,105.36085316141207,39.93368931108789,56.13184588948394,1,876.6363918208376,2.25287423733979,4,1
17.35189496197844,27.48519376813055,78.60648041115833,167.01064503013038,73.48963082601463,33.140720422617775,0,951.5310893009134,2.9528856171549385,2,1
2.349214408006583,25.51357492881995,55.533306129130196,74.93176136293246,99.78842740941515,69.79155733819562,0,948.0550930095563,1.5476142885504003,6,1
12.553897794959468,24.912536679243694,52.56689085116302,138.59855759092252,55.0963263969001,11.67776000462496,0,914.2414133479768,4.382882099679966,3,0
26.032925860240393,61.16249849267557,144.14370446507706,259.6545905588348,43.098694898052884,74.80804464639861,0,909.6762395512,0.7154987868641117,4,1
15.34928309360165,23.58839670304926,30.29856214839728,108.53100321936809,32.901415714275004,52.330149451332446,0,901.0236557443288,7.240540558848846,2,0
17.415113019673502,46.98633604129249,91.03772634856449,145.27348966274977,64.32543176366383,67.08827941936792,0,876.7937100050423,1.6519503633002155,1,1
6.562671641849541,14.133379513168073,33.96655161919453,173.59131687920518,47.86240544378326,24.149587498446166,0,926.4904226471839,1.7866504248496888,4,1
12.426887465864521,56.731577713307246,91.00488158681571,316.2608903863644,78.419407499892,74.64268597911627,0,937.7682777994108,3.928165541083018,2,1
26.925332755245055,35.14817329318764,51.88068717641178,144.24097487462683,62.63546820643489,75.09484762906791,1,965.1900326494031,2.626243336176094,1,0
11.951560433470998,38.455541898645805,68.49339945445016,182.55817535469689,44.13253188442267,76.743150742651,0,929.6047465744399,1.415688924536883,2,0
38.245676581840506,48.638773919258824,186.16369738783897,249.27567646883597,95.53606906185347,52.04798744681741,0,886.7152005386062,7.8867096509034,3,1
17.708838881230754,72.5957201574063,129.91862011568566,177.5967257723403,6.0701346752274885,67.64557531803663,1,903.8995936975931,2.309207070927056,3,1
23.38485381656538,76.73499451453675,127.82486687367506,247.70576855363197,70.50136233840884,59.43296959343362,0,956.3526041967907,5.942235781658624,4,1
26.50760386044261,52.35711183064399,87.31089656168527,280.6754227096395,44.02518841376724,30.977186157313078,0,938.0009130673848,5.836038175120558,2,0
25.782033385442823,51.257119878613295,84.02406870401693,123.75010447071759,16.55407406484673,12.072058140227497,0,954.8222604264911,2.0321648725506916,0,0
7.721704701615967,41.03826049849468,77.66924643454831,107.26793415373217,13.806067928567057,47.22191544015445,0,915.4834852133254,2.2937339682369857,3,1
8.942346243501563,38.155094366866265,85.74808994909446,130.53839892444248,66.68530375259584,83.34253447802655,0,877.4268957776851,4.32398853559263,3,0
2.297882669059976,38.82499699661296,96.85607383650137,135.0309889025096,19.038449292154347,39.00136952942837,1,968.1340155661474,6.902129938065651,2,1
13.569444286208064,21.61851919047257,132.30982725335127,278.32550240332364,86.32722430730229,77.41016529968864,0,908.4138464031968,5.9423245128618,3,0
8.3817406247116,27.520214928552402,56.27671139332409,192.06298903524066,34.53815869896069,67.56989567347841,1,879.1722420984371,2.494108301428797,3,0
11.669845434519138,22.752563257216323,104.44459337613235,147.7801839695211,37.665071769531835,41.7937603650525,0,934.5576686680699,0.44120424133621705,1,0
14.665952039913874,67.46206843824032,178.92828293307335,254.2927619989938,67.7118213780792,10.051800792838165,0,951.8357993074287,4.89848841356757,4,1
19.430205361488703,25.386815060752042,86.34601829091795,116.46288265329537,25.91556882911185,48.790557179007855,0,922.5804062152788,3.858292104619695,0,0
15.523457236876961,74.68938369706339,107.05231957685689,168.37132671190804,5.668724919858145,45.35651831572187,0,937.5248017896149,2.8167438268292346,2,0
15.309437089301507,34.71557692773219,95.93945945773454,124.91347096650449,47.353787312668004,22.486837469055438,1,915.8983966582005,5.205068607124339,2,1
22.100094748835897,59.02390599797752,68.16639630108338,122.91590105758507,55.14857894380628,83.685487696733,0,959.5049224565887,7.618318231408788,1,0
16.85718780542028,29.124100129144857,128.7481396925231,158.30304912882278,47.360075391945315,95.99343856484593,1,956.2087708978113,7.237586632839762,4,1
31.343921875565602,36.80219611867625,101.60122643255555,240.514522226015,48.509211974588425,20.911866518629296,0,949.1968251903515,5.3587866878458295,3,0
16.89688266048144,68.27914287030077,99.67833271989622,176.8435964984625,68.24519532823093,30.784705264106815,1,872.1866591595896,7.6783436174808015,3,1
45.68104946252531,73.2529305529283,102.98751815984858,187.87864753449145,85.34043477412206,66.92471642046004,0,926.7990609121711,3.2254238065177088,0,1
7.454432576155611,13.968740720682103,25.20513423176112,64.60091755301626,39.72302844106952,95.57758112815667,0,956.3880878974509,0.8983435125121273,4,0
13.383759601187391,30.839989279182113,102.1695318535034,151.99647203236202,80.05888751993776,94.05993737093489,1,896.9360080790852,3.6729166690440307,5,1
10.220475409314723,26.64213672676699,56.85909319959865,129.93624274276306,10.954957793308925,93.82097947146471,0,898.5121338935611,5.317090472814426,4,0
19.97442740980923,46.84899910021479,152.04060431848046,344.7550772446378,50.624781309796994,49.61304816836771,1,969.4672703811311,6.431223782388492,4,1
7.450206442783945,15.465265291224142,24.475343381445867,91.82473090470796,40.7344324983014,98.73125159615847,0,962.5887260133161,7.510137298898144,3,0
4.764899125079282,11.13381001588755,28.1359297563966,182.95556594388083,49.26435494082402,42.81969593796431,0,978.6947305110011,4.185499513086607,2,1
8.718593437497034,29.903701325801254,45.33704443136864,97.98139391529433,13.690396357600545,17.802942752957623,0,924.7163775323169,3.0472028227031918,3,0
5.096246921937113,13.559531341630112,16.580261509885457,86.22459790042316,18.188785855544182,73.39952500547076,0,883.6659557535106,2.3251584939091625,5,1
14.8133573966272,67.29400531944977,121.02759206141718,253.8652155098115,32.88059622216521,60.05659959934882,0,870.9078737201665,4.894107621081446,0,0
19.389988507947717,53.85668260316815,67.21599974799577,173.35724857078333,30.98550449962221,81.95018195746646,1,947.6746481922108,5.5728391142988025,1,0
4.099654344261138,37.851942719333444,54.916233719899296,92.58923646702198,41.58417534141252,65.89970344159303,0,959.8339798010068,5.09595745996551,4,1
12.74971707318315,14.985641369020456,29.048407237865455,115.29150157013427,48.439593326389,83.85822053089368,1,917.1114974753892,1.6415701545633754,3,0
34.1930263925755,46.887020344715545,72.66736409221267,162.43395738823514,26.011389022858594,40.95021981582707,0,916.8376645639751,3.625010303827937,1,0
40.90375550405531,55.89373779514588,147.88211277580058,247.05345443195324,63.825941463274845,35.91432449408687,0,962.4297706001812,0.686771547700978,2,1
28.39640374475167,35.648045345981686,83.24309702007446,123.18556964870774,40.70304836223963,78.15216788469922,0,890.4653138706498,4.211043380344415,1,0
1.3766316464749493,30.667750913525417,70.06271540550381,95.84180139328542,10.712851664190515,54.79468536051245,1,876.9785676386693,1.7921763091993093,2,1
18.146393518708162,44.64503763758089,78.97964882248058,239.432823870106,28.15118755586887,26.145582722151346,0,976.2264193914634,7.124477335663189,2,1
36.8718127656723,69.65858340375752,92.39681572402549,319.997547455813,58.21399291603175,43.751727577249085,1,929.663511421438,6.484937422373685,4,1
11.768646056058172,51.51758351590057,74.51878180160386,172.3503475670363,62.653330004633645,82.05918538119045,0,954.9613373783504,5.878484353603167,3,0
6.027630761630276,44.38390159885743,82.42681996524982,133.14731053775705,80.96778263482511,93.15299632800462,0,975.0217309143623,0.988052320002986,5,1
35.05207952381767,131.77197231392637,217.3140856645216,362.91427368493896,28.32047270255065,78.42900443286275,0,959.1461984765855,3.6297081348578084,2,1
38.514653193386216,57.17109641835111,78.64983333145364,113.17042563459438,58.41041987577571,74.63127297974556,0,921.4369670159539,1.5236279991489012,2,1
16.76676787347938,32.987846609574135,99.12572390508856,135.7032972972492,50.22999581460601,83.0483154861766,0,941.2931025447635,0.44582340016250477,5,1
6.079091933002671,35.09427878753069,49.69263083257515,217.02549697959307,85.60894154442214,28.047724963697966,0,939.5470324668335,3.279508748009721,5,1
3.5950847188951904,48.332691286879,101.78964302929325,317.2885577131008,74.34921486174335,62.1623044478802,0,971.8082579783163,2.5784828011381573,2,0
21.42945502476237,25.30117242279445,108.68668478182406,155.1998710406854,17.53861848545092,63.47671612878309,1,885.5186413603761,7.3538848445344405,2,1
10.290807506215058,19.871643925799248,52.30652569898602,91.50849265902589,96.08354436356643,95.13396384245748,0,946.5284835771001,7.415957078717032,4,1
15.99872187567023,27.663695868396005,50.533016673649215,118.82369124587716,38.74539071754454,11.377409077224323,0,964.9104812667375,7.485124595202299,4,0
14.753602797856672,34.91101435924131,88.23161808473496,120.12416801025627,95.68618193526129,97.34707055049456,0,909.4990549209961,0.21322751857336486,0,1
8.3321183112888,21.08859908122657,119.5476645004936,142.06299614670212,32.09599954130685,75.34665354614954,0,947.9127141870908,4.199209812551767,3,0
3.396396739979726,43.58288773092939,107.78965840815624,131.02164478606187,49.54918837692846,12.019458176027246,1,897.4830848234028,0.24408612872727098,3,1
12.015244761241082,34.3929017918699,141.47127280723276,226.07882915522305,57.294062364463166,56.6931297346967,0,879.6835944165939,4.875333533109608,0,1
18.664623539496382,35.95881610405338,70.70683371639605,136.20537374769154,11.041211771678803,16.280586776522057,1,872.7946154056423,4.116513393150349,2,0
19.300225993221403,45.975018875294204,79.1983839577538,211.17566413708863,72.98823538712529,64.3055284029117,0,928.2921599614853,3.4999969483113937,2,1
9.76303311808364,12.452716315076897,22.403430242868097,190.07688645464424,14.94748462404654,50.64464872740948,0,875.6834792254974,0.5156762139151636,2,0
37.997309686450684,63.72565011975533,85.83875012981743,181.03513812121577,20.59546382560204,79.51836384495843,0,935.1670140442097,0.9284713766146844,0,0
6.641325285176335,15.334716025572622,46.79690973901233,78.71480754433998,32.573009356757915,62.1485994123747,1,911.3076963237022,2.572960882356313,0,0
32.406697122625935,67.6792897968972,101.46101233213419,114.34111851813286,96.27089797002131,80.77423223458737,0,870.755524434291,2.0118649127224835,1,1
18.2357276651208,21.507039473406383,74.17101277657056,127.60816651154636,97.44604673951129,43.190749160107735,0,894.9124303862482,1.5127821485674144,2,1
12.098255957163282,40.08473729807496,64.0037820095315,112.61804663811142,51.48506201381692,87.11983160177756,0,951.2248297131636,6.82515362416035,1,0
23.424081012667088,32.33818657384347,57.363572372786855,90.56859743935482,55.66550509513719,87.96755870201562,1,911.6675589899268,0.3250455857481082,4,1
14.096945175553463,59.457735118896935,178.26183272795868,271.67941923906835,25.125096148451117,68.98948532743812,0,949.8110613762437,1.8212146292175377,3,1
4.706056142801694,8.944126270636984,12.119834693033498,110.09366039868621,44.71395632619639,33.734560348540626,0,959.6470407637589,7.344566784108197,2,0
6.215821875153881,25.80589268698567,30.263469640609742,112.96369653957554,98.519736063561,99.22877617432059,0,957.6638002138487,6.986489186817515,2,0
13.412065693197825,45.114833660389515,61.71285895315323,284.0166141738256,80.12524703181408,83.5960265836991,0,943.7664866076713,2.9064143482243563,1,0
10.877542591784565,35.514516049900344,39.71324673989932,63.72040132686452,71.25290425175353,86.64865415743897,0,952.1247878600157,6.454862525956927,2,0
31.908201689859435,56.426637969715514,61.78707520265834,117.53544327094933,31.4494168498201,11.039611631566077,0,932.6775091851778,1.3026483836676983,2,0
10.481317440377582,16.389605247345738,42.631607096310105,110.06023508417285,77.4906286633195,84.35300788837885,0,921.1235966375277,5.159367578420208,3,0
9.967828143515272,15.490660559771598,58.49874733901516,109.25304487635482,96.82262118436415,29.598451662166532,0,876.7881373101957,7.0771578789984195,2,1
8.937185234685392,32.75574772813057,58.22749019012382,104.370013667817,98.85555921350598,55.74306151311185,0,977.2615615310982,3.8285466307332094,1,1
8.316275428653023,29.462124934465017,74.27046215649888,182.63526475446233,61.98025442321964,73.38569978830503,0,962.4268134495939,1.4183524579696478,2,1
8.54575913189389,16.13374944103793,74.38290571362907,114.74811650805937,20.2695445395005,46.926301946944584,0,943.9117993108642,4.672528462140949,1,0
5.395768820592908,12.575006497895208,52.22773789365351,87.24153886316546,96.58665540198824,31.92610404005372,0,940.8504177300393,6.010569723025383,8,1
18.794937104750026,36.30349328230297,81.02664465458471,178.55112776784895,56.43098117644192,55.0163700022385,0,933.4490121077622,6.938405214968739,3,0
15.00634495846426,28.892454524151297,56.87301086374639,152.69148100059587,8.642354763639364,36.9789595355095,0,880.3862092576984,3.095150521402434,4,0
14.540714738934113,79.86474262898263,103.74331221760818,124.81008355601888,12.742217429419041,65.37886136535046,0,905.1344425629438,2.3442241979547624,4,0
3.8192679664125935,51.04751994119058,54.818189308856354,188.11053696998252,59.83950384625173,19.87361822548128,0,907.357990719705,5.516047029689956,2,0
22.031353530014457,56.395874088993665,116.63983327392484,316.48188622800797,84.35291452596068,46.74857425840899,0,957.3073350320199,2.073911186305441,1,1
23.589894225111387,74.83973827618703,113.24363325609745,129.23121879395444,94.44453565385692,63.24423517110853,0,936.5455221444591,2.017936390565604,6,1
44.244951995917816,55.182466754641396,97.61493958036948,206.65511816965167,94.72143053835377,99.14693101777887,1,913.7961512867769,1.5406862972350777,1,1
22.71204394290221,35.11530358561623,44.601614201400295,124.3552439891689,59.96837311484412,54.59119930817019,1,906.0897546921951,3.0031765719405423,1,1
50.1590066509775,92.75448135084287,110.20963113736101,184.72056226814675,98.23387503801662,48.329735179758735,0,963.9264403458101,3.5700796343328345,5,1
9.576232478513921,29.1204501060151,55.984213007541996,194.3483879867992,19.211628941517546,99.02913078171937,0,956.4198628152448,5.826393480299497,3,0
45.813685230799265,66.29480952168618,79.56784049583506,158.31042115250284,13.993426813696686,93.2846490594721,0,959.4408354138553,0.9511781984086978,2,0
23.22655472288144,29.946396454871106,69.17757667614109,145.83326727505104,7.8763992854767775,70.56700811387833,0,913.4951267058678,3.4650175097625096,1,0
21.225008893694074,62.47483613231697,99.81602568493713,148.55278934500558,78.54255021832418,59.02959703225547,0,922.7165798810396,5.296923922490775,1,1
14.2633328132413,43.23283742812566,78.92312038309724,221.46816489119277,92.07670983480818,34.380580384796104,0,933.0605322676997,4.405117018606562,5,1
12.060602568531689,27.298486358970525,86.94421090121223,107.30057732315132,84.78420225780935,66.14675033489038,0,891.0995918020393,6.324916684131974,4,1
10.17883944550501,22.66131706915435,62.53918285081084,184.26009989140795,94.26543809997145,85.05760780356047,0,909.8508207658157,7.149302427641081,0,1
46.837960542400026,92.74539644440696,171.7846731018675,210.70344506652685,57.06644573327975,98.3427982238562,1,924.0238357319815,1.7806644598605583,2,1
13.922005570077499,24.977426160045404,65.81360939454376,131.48256829878284,77.4889370230862,25.38737283868513,0,943.7412769072052,7.278299813909023,4,1
23.51778920182216,28.312817742174083,48.71060363257649,80.97477435176708,36.98743796306509,34.66509031096362,0,919.4449784865287,7.094394285329396,1,0
27.16623869317907,74.86218084405675,108.19634934206263,160.88823767896477,77.82499491828882,89.59832757892978,0,887.0064831265449,2.9743583166434178,2,0
26.902881922448625,75.25849705456265,77.38508875266481,113.74703902303375,76.53936988187142,87.48685934005924,0,916.7617702989049,6.525231389917075,2,1
18.85685047603325,29.87424647210733,72.65202288299159,128.9958584085156,46.38227335497204,74.49929438782199,0,928.4506241623391,4.17030910166413,1,0
45.259387326348985,119.1390685089193,137.03273354262188,264.13630210635233,9.157736710026619,19.335816038075308,0,941.5851695053851,6.505615888340374,1,1
22.24611506620828,40.097451914620756,76.81592486681527,124.6544485434486,30.29498107779207,73.56298218662482,0,963.9186630065124,6.009338547064136,1,0
9.970867999139918,21.096815428569556,41.26091756096947,59.072102237177354,89.09257858177615,52.21531864804328,0,895.574700769956,7.702981928610361,0,0
12.503116645191103,40.792135309269625,54.074283859342316,146.88346881972444,60.790332585415435,43.41260439589241,0,931.5700948574668,1.8467177537667807,0,0
4.040023038411033,9.798213899305303,104.89352230979387,149.04133486596896,43.48385855852019,32.56177649750579,0,915.911203112996,5.914918680715126,4,1
20.34525267531491,28.754919813952462,48.618411998184655,84.930842488447,95.00255629834098,38.61825904175327,1,945.564472511059,0.2097759602866328,3,1
24.897210575818804,48.82888286719877,65.91414606959114,135.12397004042577,39.811980168654124,58.22136632731821,0,966.1695817523669,7.381780341074619,2,0
26.392429948656527,47.23029467092363,101.37338010998718,109.66011366491902,36.1678782898382,24.575485265118648,0,922.4801604418951,1.6713868001798455,3,1
23.226860254867574,60.04206287416668,86.27290720493782,132.16427212208734,78.19712204712408,55.83749126447472,0,962.8591032952297,3.050113616578592,2,1
14.300789394412508,20.9470974029303,39.64973050070764,184.5592114085877,38.7539398396666,14.338297630388617,0,870.2223567290596,6.760338180283424,3,0
16.3788430221135,82.00785068961882,137.17193173309235,226.4029564919622,47.39215609121907,46.95732894299848,0,970.3446599923341,3.8734583065059187,3,1
16.41414097254929,30.078481311004758,62.69355013034456,129.30120642977602,73.63351306750043,96.40238161473614,1,956.7338409781498,5.343861991427322,0,0
31.983755389706396,52.24952623606038,112.33340803371334,174.8353252499212,45.861417228545065,76.50776244520216,0,884.7221501579552,2.955387936420953,2,0
2.605448125509932,15.75440222249035,96.60061736556862,223.71971054361745,35.61735444401218,16.174186785239854,1,944.283281023238,4.487718057701508,4,1
11.426554333151113,17.136697620516728,42.87070389740028,87.19859096274908,6.461939444017569,71.90526115012767,0,926.5653887299123,6.779101460146971,1,0
7.000164423035682,25.607479501483194,77.7706052760141,132.1866584166408,86.75411816813222,27.650184866219774,0,976.777158868384,7.150962962669523,3,0
57.41688207323889,88.8129989406424,172.08371228109644,180.78162822377152,55.03686033619956,52.67479357698055,0,903.4782503586578,3.7047425041826174,4,1
36.27327823487345,52.7521798835194,150.3942269989043,213.25600711931787,85.87652789775332,36.475166012816956,0,936.9907677167928,5.789170826317362,4,1
11.810003081477614,21.09960911414028,42.9015655100708,135.45790349714488,63.69500197459597,94.07449225860886,0,927.5144504182995,3.791038640480161,1,0
4.880546419783535,42.559360951059745,108.41018053101294,155.51089123162103,24.0633062643867,14.899614851935745,0,894.3240771304587,7.523217055510358,3,1
6.232150864356038,44.91475613673895,49.441307839951,133.92233494866164,39.5002903460833,89.28622352478631,0,959.5038090386543,5.847720707846165,3,0
31.693442418369106,47.49144684738813,87.93824963106144,142.18061870824422,44.6395267240755,73.12408017715109,0,951.732459564843,3.5071211479246913,1,0
3.9205645054348306,28.966815686199155,39.65468930905318,126.6493209500403,75.2739687285448,42.65102519905502,1,929.8547200435911,4.035108754909654,1,1
16.575177053940152,54.060294480304734,79.7988439894819,152.30767672224988,57.07645328352506,89.16782939566203,0,973.8453843144506,1.54672908212965,2,0
28.284063415250586,59.42763162844564,184.80800391829234,223.8655096001649,65.46783312755427,46.56725797090691,0,971.9330852528461,7.53392829818227,1,1
5.6928743876140375,30.21940980356302,91.09542491039277,146.29480671583428,76.54261609285231,72.85330373769389,0,959.9789340491834,2.1149373840834946,2,0
16.444481442030458,46.676792744416346,57.60151482941418,120.61642586242401,31.016825851798767,80.90789204459672,0,886.7619296590916,1.5326853002098992,4,0
11.964742554850506,38.29082006787782,52.536329283450485,114.54521636901171,88.78922083500242,35.775185205533916,0,968.3569188052152,3.671724457733471,0,1
10.767354365059099,30.21061591446164,100.35622894875762,269.08510755883395,48.061310246662806,16.503018625728995,1,903.6391930246954,5.836677195988309,0,0
9.350638859014577,15.865283209219799,84.52551121163737,145.32960168743037,67.80657971660551,88.1313264921498,0,932.7085781138953,5.493379322754635,1,0
29.882899187750226,37.97564638619819,109.02313796230303,255.71218149589396,25.72921837752599,30.815852687293265,0,977.2220576561635,2.1111461994735903,1,0
41.42437348098453,68.58634182231779,108.8999799853788,139.90452101725845,27.17037419891607,93.8626300452664,0,895.4055353122969,2.193107758015677,5,1
13.45647690036886,26.495361755466966,87.19054042517385,172.23482655460583,74.82399333596834,38.353571725190925,0,891.9728034735863,1.9615302969561148,2,1
21.289886934091406,47.742907977267436,74.40364184511785,183.23760900317657,38.288577290521765,47.340625790644765,0,963.7126511218013,4.865500282851494,3,0
16.724894490586134,23.07336870612461,48.85263189529947,69.38543996515536,88.21598793617042,48.727917207530155,0,871.4364536305153,7.661104657960769,0,1
2.9969019214604593,13.071121434405237,51.83416885495354,146.06166355674048,68.15097351536139,52.11002757874786,0,889.1654707397802,7.126353033056937,3,0
13.052386524377118,29.53086694386556,47.97086428213115,59.51311744824308,68.21574722114846,96.64862116384134,0,906.0060163428926,4.0856053994142965,8,0
2.3945732762810437,4.104666572405991,20.197384348959517,63.233817486802536,41.12539391750987,32.05781461086843,0,951.2111817949368,3.084900940596482,4,1
11.18878935296413,20.13074783545735,70.10167307097763,138.4450964947547,90.75368037777115,64.74465977568019,0,922.8511311810763,3.226288242192709,4,1
16.110780195424546,27.359714793021354,80.32658409624177,250.97877033344827,94.74074915343647,36.47180393473536,0,913.2661426131725,6.469102502418235,3,1
26.760871523225724,48.754264548610905,65.17487629267923,159.64258847187958,29.504228715388464,21.783716127384697,0,971.0618693643186,5.239705224788324,2,1
19.95605047709943,35.644790743181176,57.550368412915596,99.57353489675279,53.883444228055204,35.989485934200594,0,953.1501654865551,0.42598951428544996,4,1
30.40538709001475,53.28614817638574,98.58293977626752,223.9549319437508,91.1585255091933,59.716369733899754,0,939.6113910601546,0.6975961014015537,1,1
8.13405164846081,28.11229945055151,70.85265882372366,89.78662274701618,14.62165178386877,64.62909653119769,0,907.4035945771788,3.9027027535357814,1,0
38.02773057635439,53.20589185558763,93.5524293867854,118.81999139452489,33.27000486325378,33.734919796152795,0,964.4772318487682,4.30534674720737,3,0
41.45318657973408,52.76689075858973,69.85834665966406,84.46177439301762,95.67051926181264,98.85830016656266,0,897.8398938637046,7.688804284487074,2,0
2.257809026575518,22.75321937468437,158.85249946814142,243.07808830124995,51.07249088208806,42.646826605780845,0,974.0510407682018,1.214475168379214,2,0
3.6928427701342885,48.48258227191815,72.54408251414497,118.81458346235858,95.3960319013224,84.88341396197418,0,898.6515584762329,6.480720962184114,3,1
15.830319730635898,27.086497865555387,73.65675935561089,143.797229234915,41.11598647460507,13.153049313359348,0,960.2093938384747,7.174410844057922,2,1
10.531674024358914,74.38898827470118,87.61855274867304,112.459365002394,55.112465748807296,72.56962672599977,0,970.5632632387052,3.0832491189789195,2,0
11.88232306113119,32.67261425809909,65.29922117729899,199.01803938998904,48.141674370542056,37.31163158381808,1,894.916248743607,1.3782249407058438,3,1
19.826976780126703,55.3513033921876,71.45295725904359,197.18916638041748,48.435346296056636,58.32002640949956,0,895.2374155810793,2.0458739430739876,2,0
31.223131975877966,56.476203564202706,79.79937354439579,99.96714255255958,92.18272810776467,85.29430911303778,0,878.6458366303268,5.335989972603673,3,1
7.771292445954815,35.773105311766194,76.64201205109816,107.0233224732059,70.99106870748174,75.23600732006801,0,907.5465151994676,0.6513425507259212,3,1
34.7499723782123,43.62961340869418,121.77542745852944,269.30928768672084,94.84449024625118,42.3670219758394,0,925.0283638635282,7.096229902537242,3,1
9.212259154708088,22.15752018709275,43.64083762803439,89.37331255232381,36.30554058053541,75.92315172310371,0,879.4554126330987,6.0772301450880954,2,1
62.4564473654617,66.2300883310671,105.73506437520884,131.62115097865637,99.41991940848376,47.259774673827515,0,886.0963580138059,6.37615212948339,1,0
38.20894041008612,54.39310259159727,100.55301533544939,176.3273617168605,72.22812285004134,15.713774795515652,1,916.4372086830772,5.948554575818418,1,1
10.00682449961402,39.91074480711404,94.49292716805608,142.46055319574776,17.474469626109226,69.90264278031938,1,889.8151357537769,1.1167292354944647,4,1
4.986913418837739,21.265038278795508,27.44200297300351,52.45878732380239,44.229595054305896,94.31345782953484,1,955.0841886488756,5.874047567007912,1,0
9.819189798628148,46.71595739517059,106.66123811979344,280.9101193510683,28.623440912183327,17.528703683662215,0,905.4697303311947,4.83360089397176,2,1
8.739058714864091,22.74340884923127,69.26186658688289,83.50120721341352,27.36863804432659,71.88627715196424,1,875.0973462644088,0.5026283435773947,3,1
24.52525290038262,35.185842277019525,75.48881811721995,134.19184969642538,93.3075195774741,85.57605995474356,0,886.9975469979505,2.3486361277536147,2,1
2.3248707788384353,14.815483289013166,145.33849989745022,255.8515996090083,96.19520194143654,63.69693379066879,0,903.7964368272198,3.4424923188512198,4,1
3.740252884241043,35.71630058237289,55.226974787423,194.73329820761347,6.345836510330985,53.68620237356395,1,886.0370461564112,4.388972774529498,3,1
24.045473278893784,78.8509346904827,121.68314363561147,217.39284188714805,18.113490181280618,31.34907395983318,1,893.7106330901565,1.5261682715108578,5,1
8.427948080495888,76.62503457224449,190.10221520340926,304.9407389016702,31.395292572269454,27.446637895012376,0,892.725440745969,4.265084448153598,1,1
11.304401835559172,40.95315483173128,113.56796678739761,216.92707346853663,85.53485739055543,45.66669029290014,0,916.055285560842,7.665037535634893,2,1
28.19697313622916,63.916767924523555,89.55837993256148,157.8567448751818,63.05504611483315,67.71591924040774,0,927.6486807712878,2.9015276354802233,2,1
32.16331013247367,36.93748567789371,76.83039477203997,112.42368377693533,58.71563340397604,38.32048952406938,0,938.4830704145387,1.2966644386934003,5,1
36.99908868402965,43.21759614933072,83.97359210950648,133.89229388377896,61.836063924863296,53.95653092789667,0,970.0322093963625,3.8028781030939514,1,1
26.60694561974688,35.83397172338598,64.3623901120769,93.14263886732778,95.30576690278104,63.99903908826624,0,945.687736682185,3.6595907426060283,1,1
13.939072383663838,60.57828823972952,71.84552041664958,144.08330736562954,31.200091680779018,28.898166457276908,1,891.8446044070045,7.3458260443319014,1,1
13.064927347914812,59.25376991801402,85.22357675588148,120.33373106522419,16.715600368752533,76.72557347124297,0,919.4109474113183,3.7526158217166845,2,0
11.913638068299848,90.3307025400006,139.1841542866262,199.08645677576035,62.7424599758966,66.57838973118363,0,950.2461096185385,2.022280133889124,2,1
5.713054838899638,14.75431149495287,40.28986971464329,95.81842827416295,97.0425624151359,63.26505325824451,0,931.0643100188142,1.8734080906736872,1,0
7.5015699032955565,25.230825132071743,57.84427626101301,138.5348456735013,72.45040501757816,53.03001317370451,0,888.6289328502833,0.37295595442642515,3,1
33.84297696764459,37.588484910195824,116.3424448431349,176.0952399062079,89.75105431471354,42.83251587846127,0,956.625401695933,5.956982983994754,1,1
9.157770132834926,14.454906355728271,47.21579816159483,110.74949103838738,90.13803528665137,59.39321743595561,0,891.6311216797637,2.215746345459786,2,1
5.746871063872163,20.876800322000257,55.15844157428001,77.67627310762715,25.82942363466489,78.915840534866,1,907.8742588519824,6.324795411994559,4,0
35.731749443690106,45.133711439330426,82.58906947229097,124.72256205755563,70.1318532916127,73.54093261615506,0,950.7026922229184,4.447552849129539,2,1
18.96795662368077,28.47043843561448,52.28857525678228,54.37500577125106,86.910984738475,76.39403313689155,1,976.6290865266919,5.7220076238967,3,0
47.504247883998744,59.20078566941353,120.40075261360336,213.3820011551836,14.627384292361313,28.84757398296306,1,967.9413220802425,1.7051293366635796,3,0
44.24286890960852,94.50577415427536,107.77152918406408,160.96296982556092,66.89043783349432,80.17161701868788,0,976.6796015926028,1.3244935451052147,1,1
6.221842324448147,46.70886627552617,70.43472082650564,118.50068847632906,30.840300623867147,40.18710000298037,0,913.6419870717818,3.4034039279749013,3,0
15.059827058253315,23.063898769681884,63.10190499868927,136.81337202946403,83.05869842632605,30.977374485827852,0,917.9432594742764,2.9185855586705345,2,1
7.01947651430995,46.73702847551791,73.45577914074474,140.1899957748257,26.204723429217474,20.93960108632311,1,887.9157779562785,4.098555609119506,0,1
6.96526734972792,17.047153552079354,109.01045837055678,181.68312592753338,40.474947413686316,84.7294658730069,0,921.9881402226458,6.011547897909407,0,0
11.642881479961869,16.35075707667776,50.87101127059292,131.87572640165186,69.29054617792443,66.08776055167539,1,955.8475376302881,7.27990885843104,2,0
25.023158937241654,36.37002445419021,70.22161448782643,129.03852227981497,57.803485140233484,85.71753362463036,1,877.5816758628207,4.795050269260146,6,0
25.125876580882252,48.7125571941543,65.09680861245819,93.46719819184763,16.39772176095019,60.527422445326536,0,905.0914794125976,1.884304795924828,3,0
23.012129447430848,31.860244346494618,58.98734404122516,83.7547709290441,26.40303832824515,87.42523994015035,1,971.8125552993488,2.4337611339428866,6,1
13.906270520125819,43.17012200961004,102.62874228725038,142.32583498481864,89.15480599533872,60.0914107538886,1,890.0814218739255,7.254656499664756,5,1
26.060438234702424,38.09219200113875,58.3839801680232,218.66152104231708,98.93406118012474,68.12601143853303,0,902.6837790610715,1.7561340747495333,2,1
5.667659193203972,30.520261638784504,38.283677064245396,103.07985830834996,70.9273438077706,15.07244985826927,1,972.856509800657,0.8499177262585625,3,1
19.188143452642496,27.104801547716665,57.69443225444872,145.43612918578154,5.927643897081964,70.26928026151941,0,907.9276342164915,7.377169872661434,2,0
16.4965332496906,35.59037500803034,71.26153878998267,120.61222060816823,75.62306249558945,63.794048136137285,0,961.4004502665916,0.3106517806457263,1,1
13.273200934059833,22.367712882125623,47.305092280877645,103.27963545835433,66.06843056276463,31.78685838795814,0,901.5808625781654,6.016366801156982,3,0
19.724987349076518,35.21120170596656,114.72285994033822,150.59781229067994,44.12293376716795,20.14604401067102,0,898.2712823479008,1.2502870755563125,3,1
7.141991952353896,71.63539679645113,196.81733096378707,287.01931454719676,26.664352188790325,41.246632574301756,0,890.5799577361538,5.36433633350529,1,1
23.648887908757477,37.03956412913676,76.89578505446163,129.60876749946735,20.741296136892785,15.416443785027926,0,876.8933932887829,1.572855529535936,1,1
16.180125345564115,22.26593315151521,49.18948395246473,145.0999668514842,12.936001907871734,64.07463294248961,0,915.6895922465926,7.18747973546485,1,0
4.108926125685189,24.131862813173633,73.00269886887828,82.51419385819386,65.73068567315912,59.13486295038944,0,948.4757553013904,0.49394804142543436,1,0
15.905185064605886,36.18769165964281,116.05114236943592,214.97740563009944,37.04108449013277,92.60340049299019,0,925.5878320799388,2.5055120786111393,2,0
10.617739318896746,30.801533705224287,52.32517324330251,84.06571472411954,54.2112596150339,56.58054479273793,0,914.8064582592765,6.285983239655439,2,0
34.413405523068064,62.47913562361853,119.89464179411122,156.00787851641883,54.89479495849011,75.67575745669195,1,892.4880170596524,4.581801688213668,4,1
6.058887578027155,18.934760660534586,49.50282361410184,163.17814355199093,62.693735960126546,69.75865682105515,0,945.1857951449425,3.4328068337922883,3,0
6.259983495580088,36.31642026533122,106.12769508984954,229.70653876965008,61.48187103739119,72.96974948521904,0,897.8141831683696,3.540747141067375,4,1
21.5549882038866,40.05693891724863,56.44724767225104,124.85627744053484,54.312290618471835,38.22869544331497,0,873.5287392958842,4.0683088979638065,1,1
14.335135081753618,20.086759311591983,106.34179019195204,224.7246908229548,19.736187629279872,47.381508076693876,1,976.0994255396514,7.959506242465784,4,1
13.813965965904508,46.89994791899597,87.66332841237536,129.93408960906837,7.569100558587646,20.77926843143527,0,973.6739470993444,5.42183392779561,0,0
62.68942224318987,84.17477045581947,132.94766206323692,180.8644406394204,59.737556099886945,68.54249947493238,0,893.5905074370144,3.9477755856486363,4,1
25.621789706107187,54.569464714480404,68.86934367786948,210.64046151465908,45.20589989657945,37.219404943225285,0,896.2447365153006,2.6426138445014717,5,1
12.493402146450796,18.923507608715262,32.87189690880089,45.53793544361224,43.96127254289447,59.391325968942596,0,933.811339998483,4.080046633627928,2,0
3.596968540014544,38.061594102217846,81.68023260281086,170.7058218945477,45.85623741772751,92.93713596216622,0,917.0158251427673,7.388665577121174,4,0
11.94506173458457,87.79712957667964,137.57623971060386,195.68144724422828,15.786491911382695,71.4622734123701,0,967.6567862274102,1.82987988794156,2,0
5.499308439061789,11.471213747611266,40.15799130781902,114.81786350755462,22.03045638340659,34.0899555511944,0,916.9600174341069,2.8292863571125846,3,0
7.5504452481408215,45.41785232261931,98.70458363343238,166.04945539556263,67.90467143800109,56.318245836127026,0,884.9412862685805,0.613467772612348,3,1
7.773690769939622,29.327041290275055,43.543374492617104,117.25022995988245,53.809239994256494,64.19591993482678,0,930.1320867555452,5.070922896736951,3,0
32.59074044662641,51.242901484904905,61.798120226332394,119.03029433075818,62.91792142716674,86.51381280181735,0,882.4576430739714,6.159434508018515,6,1
4.462061617166137,39.20372379042659,76.82539566440074,149.7589316118116,17.287359158977132,81.4385083647723,0,919.1931029674588,5.0930056288926435,2,0
30.412480311098374,62.55926927180742,76.32593182320096,164.6702709139629,82.34326404787068,38.37121105744082,0,933.5007002787486,6.5135019473923865,4,1
22.257275899336875,66.7120850122225,74.6784340427394,124.48700440173059,40.40077392717204,92.76774580129052,0,973.9875430458231,6.188913460758603,6,0
22.024910880382848,28.696595658905917,46.1673139861751,104.57647839343576,63.24183884168764,23.26491842272071,0,902.2692194327161,7.782480639668352,4,0
7.285329070352818,52.91364072709304,101.54285560730942,172.71208256041044,49.23705586960399,34.847941001201946,0,941.4367324691161,3.6742766256598096,1,1
27.704905108029866,52.37659038508126,92.55855599185921,211.56108988816138,49.490691712572,13.047796544698388,0,870.0196496079963,0.7641555340010924,1,1
6.5488074028035905,10.416442427542211,90.93190593301107,108.99885694985777,78.96514470178691,38.013720415180266,0,965.8589382887905,4.3296334075315395,5,1
41.889601321979285,55.38215269853253,97.440099783714,127.65711997958769,15.48314231812133,47.26436549065818,0,904.8806127264252,6.190995385084979,1,0
33.110372452619636,55.0337889338944,69.72780647830861,246.98550657879588,12.105070880818136,31.717743549824387,1,896.4904726809457,3.3149250006759616,5,1
46.707676022425574,59.95961108107429,110.76647927987912,192.86650193495908,14.600538828243764,11.135094422931045,0,881.2750639836589,3.648935973005887,2,1
16.560836519486674,33.47786172110092,54.54377862298889,134.81267174667659,99.55351315767425,10.946284390982116,0,956.3773846636032,5.925126832547421,3,1
14.327336327850391,26.088801845787,54.37432809632328,287.70257920903936,93.07907227938121,93.15694208360156,1,876.2228050285598,0.23303900668250271,4,1
11.688118390201003,114.01432155022357,135.3886246710085,214.78482469818505,71.55258021180444,76.13256931751303,0,937.9661529163386,5.2925225553218205,1,1
61.818537549792666,92.22121956184805,105.23491286307917,150.84914134813653,47.51685213395668,72.8555752379515,0,904.70852391117,5.6869580971479845,6,1
24.867022137399477,44.81261546673664,211.98514168756728,220.05162686967054,13.081765015571053,80.71605097724579,0,948.2254764891337,7.768292052384748,1,0
5.5580961125974735,13.310478972014835,31.91468035729465,88.14930454780432,82.98509071894777,72.47704846254534,1,976.2385045278501,5.866592395136863,1,0
38.71793064021331,83.25420570328643,90.22195280764677,155.80093827003824,22.997046954080336,15.531169150446512,0,900.235267860807,1.1340095842302287,4,1
13.910178081886137,41.550322597711116,96.42265811586032,204.2204649222807,30.919994623626263,93.31578404739183,0,938.1686033377996,4.036593765858137,0,0
0.9431783786763936,9.446542742952971,14.676293847423658,126.09092151153476,84.87523449422271,48.592960418903914,1,910.7589831212879,3.3069692449639185,2,0
8.712627979470607,17.27045732768508,48.01530831405191,138.65451283652112,29.446768674208677,50.80841274992457,1,926.0375929417183,3.267359028957355,2,1
33.09537832613777,50.33639459161505,110.77131281215804,232.6279059254331,85.23476645576135,89.79125764532057,1,879.1621240904652,6.3022151379137625,1,1
22.31105019091072,42.41006184458769,53.991718581001315,127.19582530250372,79.66416350343353,28.405265871765437,0,892.4798484797465,4.690721535186786,3,1
25.513813775618054,55.40796591367655,89.97246827066421,108.66400172713432,84.54257287322206,38.1537604110271,0,957.3659379961218,5.87390825451215,2,1
38.46427128439184,56.60570364761001,84.04055146356974,137.4723125683344,69.05766418779324,86.9510614649324,0,907.9431001025846,5.991795182331125,2,1
2.973951823617354,34.68907312256889,53.040741666405935,106.7652112893876,38.451953052047095,56.76953423480605,0,870.1110270255241,5.5378656978010365,5,1
8.803252819005635,22.065817083222793,102.73098809017021,171.6538852774044,67.05094812201543,47.81348468829389,0,905.2935954533473,6.086386234772839,3,1
16.840283302203385,35.01917824381904,62.2752279348789,186.85448051881303,83.7652330292016,95.91059913151042,1,943.6650124292073,1.8266281946096656,4,1
33.764191906445504,79.42652613716375,133.56075737504858,195.47428507568364,76.19485789602341,89.98455636842401,0,976.8747257332559,0.8798260683711219,0,1
6.515204663088268,39.247036325943164,103.09659821170862,166.0190254838663,86.89266574737967,89.86505411614914,0,963.9529957722025,1.3739431341725774,1,1
12.434222479832588,31.458407803447646,61.23211580461013,312.96073009567755,98.43544281824312,29.09819653918887,0,953.2552239611914,6.489135404252187,4,1
16.047442533411104,40.07877020296887,55.03499961358652,87.11175237601215,70.56380040016998,85.95072389669032,0,972.2247829057965,7.652899670203949,1,0
8.43523711130611,26.676862920635337,91.53312717309169,169.16365299684827,93.17208451344936,69.1024907334104,0,942.5372083061814,7.500940010381446,6,1
15.910258759380449,21.260254636322557,52.05194529269868,94.88782742871805,30.81889148553958,72.23747676224107,0,927.1094212640644,0.20140750198386304,2,1
14.273269862213677,70.69587531840799,103.95652881314234,186.68472514074801,97.48086038049419,14.304764869945219,1,929.3552881165947,7.961064857538999,1,1
10.405787065307837,19.421241362170083,45.40605047059553,179.34785965826637,91.48083382361017,60.0161078862469,0,973.8659258946028,7.10358692090972,3,1
27.656096103827185,41.761870024236075,105.08654391880377,205.30653823164567,8.918082893107712,29.67052165555132,0,870.2349786799952,1.6709107132415946,2,0
24.29514312123338,115.29516932416689,128.7410274333336,205.38856890934102,61.09253977930471,93.44042490436371,0,926.7228842285465,4.5034739341263075,1,1
28.511958603613014,35.987141002260515,69.55457282473509,133.22947757748614,52.78231101506606,60.54694417291398,0,954.5986334487675,7.878429167005616,2,0
30.256900113585573,47.69270779190273,62.9503547611899,184.90044900148786,82.48249899845274,65.56508924116456,1,874.1920148325395,3.8208468241627993,1,1
3.9501248468326344,51.6658286789996,77.57799338678748,181.6728004136752,17.002312701451714,31.895644961320514,0,960.5498160767061,7.6321908623243235,4,0
4.420363529950463,69.12653387151238,138.14076711248833,202.3554494036789,55.1257309742974,47.923850565859944,0,962.8371211769854,4.396114298325614,1,0
26.047491336939288,53.40789738110389,121.86307995432264,356.86538893817124,52.62006064126861,57.646141081589526,1,927.5951093554905,2.8204695252129146,1,1
11.209327090153085,56.02581281652327,84.96858342646141,123.55677606976255,42.57620778022582,83.08361612697536,0,961.1658885443102,1.3681811411435156,1,0
10.084221877294317,26.159266887802495,68.1945589840195,292.2839903557338,99.25736175680245,65.04280590142582,0,885.6898212855241,0.9221983343754171,1,1
8.86040918493533,9.792097936591263,51.270693727811164,176.2124744932015,56.25690762742937,20.173304693329655,1,973.7370516070765,5.682816885062972,1,0
29.200679684957045,71.31703356728178,86.62793432103759,111.75143348884234,44.258218392263565,50.570305396008266,0,875.3728707144809,2.687864474621057,1,1
59.27363910950146,77.96348376661587,127.4466368356563,168.95809778854917,86.35832145380341,36.59704521697842,0,874.0976554136646,3.3210866982797764,1,1
30.14760574621896,44.76896752712247,61.44746100314272,138.49990570427303,18.2101680343716,58.50242429342181,0,927.6423701188722,7.503947910084385,4,1
10.80156980215766,24.39021613547357,49.16307916262805,69.49596116361185,32.31841854991975,52.28515938331945,0,950.8767317423733,1.6787889333116464,3,0
28.186647534387852,59.461254761091254,66.72295562080708,172.5383764139001,31.494732450901783,12.009529595702864,1,947.0061035397746,3.0488723469782393,2,1
4.283250875339844,35.299445282355975,90.53997910398697,152.75597628061195,93.70156510453931,28.676522791083723,0,930.5232706385654,7.285564591702545,4,1
13.509854341025942,32.62361407321889,96.15230547588584,204.9026731480333,88.63132301984415,69.40710144092793,1,956.1982555376101,7.530701018401153,5,1
2.978522969820696,29.39149999726449,72.49900989736271,172.58756126432652,62.635013278407165,58.98962669987484,0,936.8488573582576,6.441736349554994,2,1
11.226401587990626,18.56286821405081,53.267828390342686,108.72343092828902,35.36479567385185,14.795319962768279,1,963.5220651358059,3.126847433261679,4,1
18.234677733061286,34.50013668405011,58.287735393003025,100.56504380058459,49.469858331746806,63.79005719900538,0,882.7369425024401,1.0911211343864728,4,0
66.49174044770768,74.14545938937324,130.32786557317786,141.35999151256223,59.25892119553331,55.29305129003419,0,977.9567008087954,6.336336299198165,1,1
35.61164361964843,43.02585847552649,136.17725434230329,366.44469419211794,56.30824974791891,23.51814021096399,0,966.8798726261382,6.728400526411836,0,0
3.0466100872717354,27.648888461520976,46.251184358244885,142.15745642065508,29.31385774196898,10.176333991495314,0,968.4798326845851,5.747269474086147,2,0
3.3791376941570066,23.286471236189357,52.74501787371515,80.410031155871,17.39632238192979,40.18746246997641,0,909.9969050227742,2.765391659102802,2,0
8.485028338135283,21.77031567937262,36.3188219675331,98.39934234427766,91.22545395275847,80.17239379152765,0,974.1552218076328,5.25416552248967,3,1
50.62559653193424,66.25658232210853,101.09982376305318,222.27590390698305,65.88049757991556,21.9727138464163,0,885.5652487200057,5.64794828683908,6,1
3.2044731983941372,29.340304935185866,55.045015262633186,122.99021003580388,18.78377642555938,94.99885100219491,0,878.5677154880589,7.110700827302585,4,0
8.91892212959858,40.651424142600646,71.69173335377548,94.11612305211682,99.03513065260242,58.820814732421844,0,913.8588521371012,1.1993163897719226,3,1
8.878309125016145,37.05998188616381,93.72961577159901,197.39310757443116,44.07134503371626,78.25554153318699,0,972.6391936088879,2.184217172354908,3,1
21.52655133545039,25.203661891725048,92.6337229723296,115.20351359934403,74.63216121891654,97.91687137701933,0,976.4652554140093,3.289218597566511,4,0
28.686508045659217,30.26187645589554,42.9632318791854,155.96441242838264,21.78789850865304,33.638635010975634,0,924.2879796211496,6.512037226577086,1,0
24.464908748526867,34.252943509228324,75.43398984646268,159.75951420019769,93.61274116587084,62.45716037769106,0,952.7112762270872,7.160239871414667,2,0
19.39241112643828,20.997090750799273,101.84060363311633,165.3403442932745,12.524694160153008,40.65914192691466,0,929.2061592384515,2.299468994800829,1,1
4.104787597806797,56.14548317864829,103.6081947188077,165.2878032838563,95.80305609927709,17.609126676311618,0,882.4801015038198,4.08273725967737,4,1
17.217077037472713,32.433967813541464,48.0188218568575,101.58741861239633,74.07664621371374,81.41515275956947,0,941.8450235506908,4.900927742056278,0,0
39.203351927820165,44.91506584288554,110.40545223655342,206.09389261187556,26.588234752165107,11.087782243116338,0,886.1552738700792,1.4071951435830665,4,1
48.175414071001974,63.25103334889316,112.95027739565347,139.54793406831195,22.18604533918799,88.1951465304056,0,942.1822612736346,6.359766145385212,8,0
21.11105173620519,23.88726591382737,70.37530604213798,114.8813824618474,84.52458685095611,81.50972699779531,1,896.4486784786519,3.8201218489665623,2,0
3.0794665115110775,8.924213241068065,37.7629512505378,188.87358728747046,8.792775378350033,67.45605425386734,0,898.9662965549522,7.167965928483622,3,0
21.372479703212804,35.55069730637952,80.14605626041683,295.2081842701766,15.856611188796698,63.202592267279186,0,944.2421112116302,4.431928442118609,5,1
14.238564838988765,26.553514583215797,187.56262392703815,245.48561795266002,68.92132755479376,86.10944576742709,1,921.1434337235835,6.681196314974721,2,1
3.635119128778184,17.71800865897614,23.811292302160485,95.31527891451837,12.349864304326907,15.013450467457172,0,961.3261253104271,0.4878059117059317,1,0
6.166743634402673,32.91369562067487,57.48750680392187,87.78660009825869,56.41831253063336,76.27512938948846,0,944.8302617863596,3.5669957022110284,3,0
7.282236586378666,44.67200846288059,71.0897397273762,109.06183175786816,59.53501774398507,26.23774481357562,0,902.4499719850359,3.41120840796675,6,1
26.111132788318102,46.99569114809896,49.66368626175382,61.320243595119436,6.6977918561916105,11.831874951585178,1,955.4828276502437,1.6321071978720263,5,0
46.83059526305064,85.61230508647967,201.40288569549588,219.76938930691801,40.83050217589742,38.10611009731588,0,877.1145062445603,4.536936718982997,2,1
23.352250254365504,35.90522306396312,50.44624867787954,99.37442150683677,7.710410556108432,39.4452076080662,0,950.8311303466224,6.028970271567277,1,0
26.699083938984014,69.16527306635115,82.95151383754238,199.06871412923496,96.85410806586957,27.33560899730556,1,912.3929878231504,3.9971994877486807,1,1
15.028576642672679,36.16589471560489,45.20706858256115,108.8294701020931,25.455562914078982,73.97530346632614,0,903.2322384776764,6.672445671409749,1,0
9.952199727595966,45.11606578745415,69.48203396248039,216.20050459295084,70.52245268583385,60.30198588241939,1,927.492742537811,2.414538992119549,3,1
23.812117733476104,36.580190645661965,82.93311806834575,127.70520587077894,69.00773438051827,92.80549641794745,1,969.7831128739939,2.456984648866936,7,1
19.58212415428539,39.99812988727347,72.9682397275631,203.21095854360857,78.36202888676668,78.55230152912355,0,898.2424913331683,1.4179498981184582,2,1
7.900281999740032,78.38335488335508,94.75415723015684,351.1753060693866,36.856119927264416,84.35169238782734,0,979.9324930927414,6.2946718196213665,3,1
18.627490179600375,38.92726428672552,83.58084542406345,166.45044688208867,22.517810648725014,91.22538846522819,0,934.7765983788191,1.269169085724979,3,0
15.796919054522833,52.959965835468985,86.22060824181008,97.19651063804756,55.39771015823939,82.57229744293956,0,897.7323274725842,1.283159110661496,6,1
12.356099312770093,52.75186443820168,127.56534056900796,138.2835796118253,70.96198711567084,20.63222905918052,0,946.0214263358882,0.15552100995673748,3,1
9.659260771758165,39.419592847084424,59.85320260564724,79.18717735938743,76.75362719318737,26.69311842360386,0,950.8930861048375,3.167318834526103,3,1
21.096901046790006,54.68286584593787,73.64686635397507,109.97291857888317,9.646963210420255,46.163039904825524,0,928.4669858174043,3.5515385769286714,2,0
10.200119629281632,23.000218129090648,81.48674257029614,192.69651103189491,76.50267593945877,39.88603682560566,0,884.3644036992923,3.6638113688998737,1,1
59.32538212462579,68.83215253496577,82.91909090077984,130.6442001573225,15.681064161306107,89.68830430907629,0,959.6617819064529,6.152742158732897,4,0
22.79216603544142,30.548326828443898,39.321656725617416,169.41251813935207,54.84135300996206,57.17799720806477,1,959.1266136668627,3.3761017553207697,1,1
21.355073437477344,47.19442972574724,79.70187501249636,121.21344354430721,57.76405029870758,88.83426449920283,0,954.1753236363301,0.13366462628862286,3,0
13.803429262227793,33.65972153576672,81.02830036661504,331.87345019122847,17.069768324255804,44.84453222568471,0,953.12775259625,4.914628743238764,3,0
11.496402849171037,36.04209365332606,44.19766803213703,196.01733361208318,96.5798029474376,91.58575143660423,0,911.945851771448,1.4527115829995032,5,1
2.3258124898517547,8.910600840229842,71.66586797754937,116.95922559540595,65.61155973943161,16.455481020396327,0,924.2001535448568,0.29778058838545474,2,1
8.374104078973222,19.237364923720072,26.6012440220429,59.580390275902836,26.269687165144166,50.09928930411253,0,942.7606910465396,6.241252968017235,0,0
3.0034640856119674,39.45253019261865,60.76158065574201,213.7859625078621,9.835279384853148,91.10146139057281,0,888.2265142444575,2.042093552920248,1,1
2.9575819233709844,25.210209192055565,58.35937338596218,85.38822370239055,78.6272253336621,50.466349889926654,0,936.4648413549635,6.066790252536633,2,1
5.317611485082808,26.57294725793557,106.08328015142368,148.89152833204446,84.92498597729997,75.94227366760497,0,882.1218124994226,5.1696229602313295,0,1
36.46061009959117,52.63113864614607,135.2839661969154,161.94684922158606,13.609856193852197,42.478900470870286,1,963.2609477762358,7.078157039857596,5,1
36.340455431819365,46.36911604140475,84.12249896025632,159.3274973080153,29.45591604000168,84.62891544754653,1,883.1809741849848,2.9294548164492964,2,0
8.547866499652825,51.98198772020793,76.13453276660124,211.82264646936892,66.0258985989421,66.82723449128244,0,954.965618301182,5.23561042927138,2,1
4.003120606003709,52.425540029883564,77.72655079182913,124.2559792373426,44.80282789835556,83.06727154610196,0,894.4198978879346,4.588969456583204,4,1
11.07453134927486,31.56830127804163,140.19898666278664,258.7034070945308,37.53866741141436,58.28383605597325,0,972.1203039067881,6.284031137548869,1,0
25.92457598443875,43.43241546641214,114.3525564821236,193.1198456822611,45.32287205329985,67.3852981787964,0,942.3759079164497,2.7017491298821903,2,1
31.495084983890173,82.32026875019653,125.65931847037595,151.6609978006197,53.0039320151345,57.57894677335377,0,917.4258901472413,4.835967254259271,1,1
18.428929725092097,29.567609858557333,68.1620843006906,112.04925746757857,22.542945971429774,61.05808127973821,0,874.7998622716128,4.372900534905538,3,0
20.90386060168821,34.38614059345098,70.51798778890642,88.9382100088313,41.86600392043237,72.02501592188739,0,936.788809331503,0.44431384938589624,4,0
19.44144321266598,54.707145899575885,60.49407108853285,85.4621851836668,11.633416773036894,20.87628126020646,1,911.5840638292786,0.36864120979590265,4,0
3.249457812866092,16.547088196976798,18.07837901703563,199.1400050781749,5.575285862667449,79.17194761417339,0,957.8125997381499,7.233725437763238,6,0
4.424438728228824,24.039379280554645,52.18559695748064,122.39175082783501,97.64336650803607,41.96868430603841,0,957.1992014063304,5.1620211256250155,3,1
48.12026178592443,50.24932973301796,62.88877920776483,125.81181595908677,10.206746764587058,11.13210546244382,1,945.5736462694941,4.943712802313659,2,1
18.36405140575878,67.56972266506803,106.4951425015061,175.53926493981857,9.130400004795916,67.93073711685068,0,899.4604437459599,5.970497739786698,0,0
1.6878406347560024,34.901902574548785,71.80090091150898,104.09813042692129,89.54638769048594,65.2275923895612,0,889.0252336169742,0.22368100718248934,2,0
21.829344205645953,63.22233707922562,71.7994833867993,119.86478788625458,97.72349697604785,75.32391243004534,1,924.6765135433175,1.9334045931191166,2,1
6.969252443644512,15.728247750952457,55.205765696937895,137.5690864827573,85.23080846576717,99.84872136491835,0,919.7587906660722,5.235989003353837,1,0
